# backfill-drive-id-on-library-index.mjs — mode=DRY-RUN
# project=crcmusiccharts
# started=2026-05-25T03:29:30.261Z

Phase 1: enumerated 625 library_index rows

STAMP     000cc80a-9c65-4b55-929e-c9ca1f6737c3 -> driveFileId="000cc80a-9c65-4b55-929e-c9ca1f6737c3"
STAMP     012dd661-f451-444c-88fb-11d589028908 -> driveFileId="012dd661-f451-444c-88fb-11d589028908"
STAMP     0281c548-8aea-48c9-8991-98cb381b3f3a -> driveFileId="0281c548-8aea-48c9-8991-98cb381b3f3a"
STAMP     055bf376-f545-45f9-9f40-da81544b312f -> driveFileId="055bf376-f545-45f9-9f40-da81544b312f"
STAMP     07478587-664a-4153-8a82-c35364f4ec12 -> driveFileId="07478587-664a-4153-8a82-c35364f4ec12"
STAMP     077a95a9-da4a-4703-97c5-77c6bebeb5f6 -> driveFileId="077a95a9-da4a-4703-97c5-77c6bebeb5f6"
STAMP     0afb3e5a-9554-43e2-b6e4-bf3b4470ca68 -> driveFileId="0afb3e5a-9554-43e2-b6e4-bf3b4470ca68"
STAMP     0b478d9a-f544-4e77-8657-a3c70af76d86 -> driveFileId="0b478d9a-f544-4e77-8657-a3c70af76d86"
STAMP     0ca658e4-c2e0-43df-9888-a7f2d536710a -> driveFileId="0ca658e4-c2e0-43df-9888-a7f2d536710a"
STAMP     0eb186b2-9146-46c6-8615-ed971085bad1 -> driveFileId="0eb186b2-9146-46c6-8615-ed971085bad1"
STAMP     1-7s6O5YGk5noWiVhtktHwpr7SHOq8_09 -> driveFileId="1-7s6O5YGk5noWiVhtktHwpr7SHOq8_09"
STAMP     1-GuL3x3yXCj4CpUieKyqriSYLIewYBW8 -> driveFileId="1-GuL3x3yXCj4CpUieKyqriSYLIewYBW8"
STAMP     1-NNEkYLm4R7PJ7ttd1HVVQ55FYqps5fT -> driveFileId="1-NNEkYLm4R7PJ7ttd1HVVQ55FYqps5fT"
STAMP     1-aabMnNguIMwqICh3Yd5OOESSsX1YD1H -> driveFileId="1-aabMnNguIMwqICh3Yd5OOESSsX1YD1H"
STAMP     1-nZdkk3WmzecIti5rgOKG5Km7kditRSP -> driveFileId="1-nZdkk3WmzecIti5rgOKG5Km7kditRSP"
STAMP     1-utmHPjawkoiudZ9pjm5fLMCBoSDLgUU -> driveFileId="1-utmHPjawkoiudZ9pjm5fLMCBoSDLgUU"
STAMP     109L_MNigAZlIcxOJDVGu-mR1cPEWVDvH -> driveFileId="109L_MNigAZlIcxOJDVGu-mR1cPEWVDvH"
STAMP     10K2pRG64Mph8DzVOw11I2Pvxsg3LxCLf -> driveFileId="10K2pRG64Mph8DzVOw11I2Pvxsg3LxCLf"
STAMP     10_OkoTpn-27dVH3IEwtJXeC3L4rJsSs0 -> driveFileId="10_OkoTpn-27dVH3IEwtJXeC3L4rJsSs0"
STAMP     10f54MTtUltfX4lm7YcxoV9MeXxtDXUWZ -> driveFileId="10f54MTtUltfX4lm7YcxoV9MeXxtDXUWZ"
STAMP     10i20SEfzKTvGJ5tqWfPScip78eXszCHH -> driveFileId="10i20SEfzKTvGJ5tqWfPScip78eXszCHH"
STAMP     10z53rDn8ZRw_m5esW54nbxBEjPTNIjp5 -> driveFileId="10z53rDn8ZRw_m5esW54nbxBEjPTNIjp5"
STAMP     113D2wnFt1K9Vqgmp5pFn8wK6lnLEFwRL -> driveFileId="113D2wnFt1K9Vqgmp5pFn8wK6lnLEFwRL"
STAMP     11985wRgE09raY4usgF5Y6lIErTyoKKch -> driveFileId="11985wRgE09raY4usgF5Y6lIErTyoKKch"
STAMP     11bYBh-IiVb4eUxFythxUBdhfmbfZCiHY -> driveFileId="11bYBh-IiVb4eUxFythxUBdhfmbfZCiHY"
STAMP     11hnNdTgFcqqmK1ExZYEeM3HqqHLfC28y -> driveFileId="11hnNdTgFcqqmK1ExZYEeM3HqqHLfC28y"
STAMP     11vAgPi9J45X2b_MLc9SuqnNbKr_U2ePZ -> driveFileId="11vAgPi9J45X2b_MLc9SuqnNbKr_U2ePZ"
STAMP     11w4r08HnXYR-eRFzcMIs-ud4k1Ut1jwB -> driveFileId="11w4r08HnXYR-eRFzcMIs-ud4k1Ut1jwB"
STAMP     129d7632-3954-45e0-9085-cf52d204d6cd -> driveFileId="129d7632-3954-45e0-9085-cf52d204d6cd"
STAMP     12JfLCHytM5q59btBQ05sz-V_SurQmUoT -> driveFileId="12JfLCHytM5q59btBQ05sz-V_SurQmUoT"
STAMP     12Q_6mN94HnSFNcDsHZtvzXX2TqXm9sqh -> driveFileId="12Q_6mN94HnSFNcDsHZtvzXX2TqXm9sqh"
STAMP     12a55b49-215d-49dd-87a8-f3fb695ee088 -> driveFileId="12a55b49-215d-49dd-87a8-f3fb695ee088"
STAMP     12if9gHg88ZqNMZjmLG1UH57GSriTHzqF -> driveFileId="12if9gHg88ZqNMZjmLG1UH57GSriTHzqF"
STAMP     12jOqCRu1d3CMEqEXhIlvtH6fISPb8_kU -> driveFileId="12jOqCRu1d3CMEqEXhIlvtH6fISPb8_kU"
STAMP     139f1251-1373-409e-8fc7-4c447f7c7f92 -> driveFileId="139f1251-1373-409e-8fc7-4c447f7c7f92"
STAMP     139wiZLQyzIVrwfjapGdfhzHHeZR7eiNk -> driveFileId="139wiZLQyzIVrwfjapGdfhzHHeZR7eiNk"
STAMP     13aYPTWGNeCpbOFk4CjccIWKvADcRvCNg -> driveFileId="13aYPTWGNeCpbOFk4CjccIWKvADcRvCNg"
STAMP     13c6fcba-7b42-44f6-8582-581194e2431d -> driveFileId="13c6fcba-7b42-44f6-8582-581194e2431d"
STAMP     13ddc1bb-07e4-480a-bf24-5ee5ed22af6f -> driveFileId="13ddc1bb-07e4-480a-bf24-5ee5ed22af6f"
STAMP     13xN_EFxJ0igz9oYROL_DGx-hj6cvbGOy -> driveFileId="13xN_EFxJ0igz9oYROL_DGx-hj6cvbGOy"
STAMP     14SMDmqaXkzSH_pAKYQ86cekbY7Doelfm -> driveFileId="14SMDmqaXkzSH_pAKYQ86cekbY7Doelfm"
STAMP     14vROgFHB9FPTgTE0su4ALy8Pno0L5o9UkX4DkzMK5zk -> driveFileId="14vROgFHB9FPTgTE0su4ALy8Pno0L5o9UkX4DkzMK5zk"
STAMP     15AghrjXqcoP12z70OGcZ7pY0EU8t7OBm -> driveFileId="15AghrjXqcoP12z70OGcZ7pY0EU8t7OBm"
STAMP     15JPaQTkyZckMCXWNuc0qQ6DWSiK1NBGJ -> driveFileId="15JPaQTkyZckMCXWNuc0qQ6DWSiK1NBGJ"
STAMP     15VGnxYtiSEEV_LfXc-oddi_fXCRaD7wK -> driveFileId="15VGnxYtiSEEV_LfXc-oddi_fXCRaD7wK"
STAMP     16hgfPydSNfbuAbTMWVRncQCJkwlxlMDB -> driveFileId="16hgfPydSNfbuAbTMWVRncQCJkwlxlMDB"
STAMP     173N8yeP19xEqNcofAbj0ZOnMK9pA7bGp -> driveFileId="173N8yeP19xEqNcofAbj0ZOnMK9pA7bGp"
STAMP     17989ffb-a13a-47b4-b17e-df8212b14f92 -> driveFileId="17989ffb-a13a-47b4-b17e-df8212b14f92"
STAMP     17AVgm1u0g862bhM8WnvvL54hc3tthymc -> driveFileId="17AVgm1u0g862bhM8WnvvL54hc3tthymc"
STAMP     17WKpAjPPT6E8D2VpRgiwNEy9V48BtwhR -> driveFileId="17WKpAjPPT6E8D2VpRgiwNEy9V48BtwhR"
STAMP     17YFbGz0YNvC1o-K1VKRrqgZGae-WMsbg -> driveFileId="17YFbGz0YNvC1o-K1VKRrqgZGae-WMsbg"
STAMP     18TFm0ba9AzJ5kdyQQyNqbtRw-RdqBk_- -> driveFileId="18TFm0ba9AzJ5kdyQQyNqbtRw-RdqBk_-"
STAMP     18ip_oBzFOZmb6qwYHcHUerGvKlWLS9ZU -> driveFileId="18ip_oBzFOZmb6qwYHcHUerGvKlWLS9ZU"
STAMP     193e1533-9952-4fad-a4c0-7cdcfb508ba0 -> driveFileId="193e1533-9952-4fad-a4c0-7cdcfb508ba0"
STAMP     198fc291-2b1f-46db-8e84-b0c7e19b3c8c -> driveFileId="198fc291-2b1f-46db-8e84-b0c7e19b3c8c"
STAMP     19E8aTettqSQO1ZVtVhXCPfUJw1dw0f3G -> driveFileId="19E8aTettqSQO1ZVtVhXCPfUJw1dw0f3G"
STAMP     19FuqP-rbkufIUdAVCGMbXLuvDJKnicZM -> driveFileId="19FuqP-rbkufIUdAVCGMbXLuvDJKnicZM"
STAMP     19HZjTlXx_pXGMy3VV5k-o71vIB6amI9S -> driveFileId="19HZjTlXx_pXGMy3VV5k-o71vIB6amI9S"
STAMP     19JE0aPISEwHYTC5RtieFX1EOVdYTP-yV -> driveFileId="19JE0aPISEwHYTC5RtieFX1EOVdYTP-yV"
STAMP     19W6W99B9smYQqqZEtU2fYUTLvrV4HjDG -> driveFileId="19W6W99B9smYQqqZEtU2fYUTLvrV4HjDG"
STAMP     19XVik7nlDmoUr8CcBJbjDsecLuqInQ_Z -> driveFileId="19XVik7nlDmoUr8CcBJbjDsecLuqInQ_Z"
STAMP     19aJQKD1H868a8tDZFphNLPh_rH4tFwLN -> driveFileId="19aJQKD1H868a8tDZFphNLPh_rH4tFwLN"
STAMP     19bFqLwp-TX_T3xlnV78DoMj3U80FsehP -> driveFileId="19bFqLwp-TX_T3xlnV78DoMj3U80FsehP"
STAMP     19pHyy-g7WN48xqh6IEtRSWpqBQCkWftP -> driveFileId="19pHyy-g7WN48xqh6IEtRSWpqBQCkWftP"
STAMP     1AFK0Bydf8HZC2EOKbirdssqAS-52JBtr -> driveFileId="1AFK0Bydf8HZC2EOKbirdssqAS-52JBtr"
STAMP     1AIwCXDw1mGHm_uhaoJfbpkri-ibzOLI4 -> driveFileId="1AIwCXDw1mGHm_uhaoJfbpkri-ibzOLI4"
STAMP     1ARw4lnY2SdZO2ka7aj-rkxkdP_iEWm37 -> driveFileId="1ARw4lnY2SdZO2ka7aj-rkxkdP_iEWm37"
STAMP     1AZumqP1QVsv_1AQRi6DeO4RfBcP5mlkg -> driveFileId="1AZumqP1QVsv_1AQRi6DeO4RfBcP5mlkg"
STAMP     1BLARziE-ImWCPWDoU8utX5Cu7Jm4mxxJ -> driveFileId="1BLARziE-ImWCPWDoU8utX5Cu7Jm4mxxJ"
STAMP     1BLrzro7SQrZVdapxuo0I_vSv-KpeXbLp -> driveFileId="1BLrzro7SQrZVdapxuo0I_vSv-KpeXbLp"
STAMP     1BQ-zjhN7hoUCooF02Z1mawgtMZJ_EfEM -> driveFileId="1BQ-zjhN7hoUCooF02Z1mawgtMZJ_EfEM"
STAMP     1BfI_rzgNRfVwjDAD2ynhXkUW257MumjT -> driveFileId="1BfI_rzgNRfVwjDAD2ynhXkUW257MumjT"
STAMP     1BfwOSMZIDkTfRrjMDRBpz8B9qAZAdJh9 -> driveFileId="1BfwOSMZIDkTfRrjMDRBpz8B9qAZAdJh9"
STAMP     1BlUWuZh0eWe6BLpBYjJLpY1VJXyiISHr -> driveFileId="1BlUWuZh0eWe6BLpBYjJLpY1VJXyiISHr"
STAMP     1Bquaq3tlSoRAovWcCkynShUuepgEgYZ_ -> driveFileId="1Bquaq3tlSoRAovWcCkynShUuepgEgYZ_"
STAMP     1CKCIpT3q8q4257D2i6klXsRl8GFWpJee -> driveFileId="1CKCIpT3q8q4257D2i6klXsRl8GFWpJee"
STAMP     1Cw69wE2-8eUViZ6ID66nULfNVDVU_est -> driveFileId="1Cw69wE2-8eUViZ6ID66nULfNVDVU_est"
STAMP     1CwH1LALn4s3bDRyyRQvLlLnbc6j7zhXH -> driveFileId="1CwH1LALn4s3bDRyyRQvLlLnbc6j7zhXH"
STAMP     1D-rUMfhk4pinIQX97bYMi_rsKaNoS9s4 -> driveFileId="1D-rUMfhk4pinIQX97bYMi_rsKaNoS9s4"
STAMP     1D08wPsT5Fk5nm-uXW9tHf50BvccX5gu3 -> driveFileId="1D08wPsT5Fk5nm-uXW9tHf50BvccX5gu3"
STAMP     1DF0UOysVOpGEGkSswU3FwEvjU_lcRm5_ -> driveFileId="1DF0UOysVOpGEGkSswU3FwEvjU_lcRm5_"
STAMP     1DYQ4IZXCMjtCIzxCD2lkLEofO5q-sf6r -> driveFileId="1DYQ4IZXCMjtCIzxCD2lkLEofO5q-sf6r"
STAMP     1D_ERo9369UkNlZGO3FLYhYPatkY2m4Jm -> driveFileId="1D_ERo9369UkNlZGO3FLYhYPatkY2m4Jm"
STAMP     1DclXj1fcg3VTtf82HECzbk51-3GeowPH -> driveFileId="1DclXj1fcg3VTtf82HECzbk51-3GeowPH"
STAMP     1DeiuwNlb8i8nwz3vUwaXdiNIICSdPgTt -> driveFileId="1DeiuwNlb8i8nwz3vUwaXdiNIICSdPgTt"
STAMP     1DiSbHUzzXGAAl3je1g40Q-pEM2rR3laa -> driveFileId="1DiSbHUzzXGAAl3je1g40Q-pEM2rR3laa"
STAMP     1DncwbDd_B0LnGRNRmBQCG6D4_7MoV1nI -> driveFileId="1DncwbDd_B0LnGRNRmBQCG6D4_7MoV1nI"
STAMP     1Dx-47EpIUtGvo15ItMA_Imb6IijHC6uM -> driveFileId="1Dx-47EpIUtGvo15ItMA_Imb6IijHC6uM"
STAMP     1EPzxHjEkvvHnIQm7L98X4hl8DvuJFHQh -> driveFileId="1EPzxHjEkvvHnIQm7L98X4hl8DvuJFHQh"
STAMP     1Eas8fNP2KqWkqnSXrrE9mB74xwA962-7 -> driveFileId="1Eas8fNP2KqWkqnSXrrE9mB74xwA962-7"
STAMP     1EhNYnQc4YBzD_vtTZRunaNW2dhS57E0s -> driveFileId="1EhNYnQc4YBzD_vtTZRunaNW2dhS57E0s"
STAMP     1EiJJKn3ZmsWnXVYiEjMHQmR17t0ByDbG -> driveFileId="1EiJJKn3ZmsWnXVYiEjMHQmR17t0ByDbG"
STAMP     1EppZUInFMrBcjl9nU9p-5d7sCJYO6gfz -> driveFileId="1EppZUInFMrBcjl9nU9p-5d7sCJYO6gfz"
STAMP     1Et48zTFQny12HjkFv25Wz7L7-wAqvZmg -> driveFileId="1Et48zTFQny12HjkFv25Wz7L7-wAqvZmg"
STAMP     1Exi_bsvw4nK0AUkW12bGwJ2WzZ-B5cS0 -> driveFileId="1Exi_bsvw4nK0AUkW12bGwJ2WzZ-B5cS0"
STAMP     1FGzPfLlSH3fzQtHAht3SfRoWLUFWICl1 -> driveFileId="1FGzPfLlSH3fzQtHAht3SfRoWLUFWICl1"
STAMP     1FNvv9UToD9t1k4FqXhWPzb50naHZfo-T -> driveFileId="1FNvv9UToD9t1k4FqXhWPzb50naHZfo-T"
STAMP     1FZw5QmsYPhe2hNLnAz8CWD1yN0lruOXP -> driveFileId="1FZw5QmsYPhe2hNLnAz8CWD1yN0lruOXP"
STAMP     1FsZhGl3bxWja_KLVAliZb2hHg88JBcw3 -> driveFileId="1FsZhGl3bxWja_KLVAliZb2hHg88JBcw3"
STAMP     1G4DJBRKB_DwZXJ7yqeQVkRR-5-R7EvU9 -> driveFileId="1G4DJBRKB_DwZXJ7yqeQVkRR-5-R7EvU9"
STAMP     1G4kvrAslYsUezK2fy696w8XUt3T-zEjR -> driveFileId="1G4kvrAslYsUezK2fy696w8XUt3T-zEjR"
STAMP     1G4mI5dUgORJlwew8HnndtuORNLq89SgYXpQLYPJV12E -> driveFileId="1G4mI5dUgORJlwew8HnndtuORNLq89SgYXpQLYPJV12E"
STAMP     1G90XvxjphRA3ZenORmcO1P3FDUQJQNjugwN4D5aDb4s -> driveFileId="1G90XvxjphRA3ZenORmcO1P3FDUQJQNjugwN4D5aDb4s"
STAMP     1GOBhTkfPUz1vg_dgbnwS7eNDNdPkRcCA -> driveFileId="1GOBhTkfPUz1vg_dgbnwS7eNDNdPkRcCA"
STAMP     1GU2wRegmUYj-jSqRpTBv2xV9Ywx7OrgAEn2_UyXjTdc -> driveFileId="1GU2wRegmUYj-jSqRpTBv2xV9Ywx7OrgAEn2_UyXjTdc"
STAMP     1GpH741dvm8j8CQOPzHPE0w9b_7Sl2q6X -> driveFileId="1GpH741dvm8j8CQOPzHPE0w9b_7Sl2q6X"
STAMP     1Gtp4pR3MGaRK7ZjjX4Rtmjg2anfvoEsN -> driveFileId="1Gtp4pR3MGaRK7ZjjX4Rtmjg2anfvoEsN"
STAMP     1H9292Q0XH0-lmNf0sso3vpKhqdONpuAhsyMj2yIGIwg -> driveFileId="1H9292Q0XH0-lmNf0sso3vpKhqdONpuAhsyMj2yIGIwg"
STAMP     1HDRDxBLX7Rj41qF1LDcDAdi2cmPYOAQ96xj8IXB9GvA -> driveFileId="1HDRDxBLX7Rj41qF1LDcDAdi2cmPYOAQ96xj8IXB9GvA"
STAMP     1HVCUZLeCu2_W3G3hMDwYxXd7o519rlcO -> driveFileId="1HVCUZLeCu2_W3G3hMDwYxXd7o519rlcO"
STAMP     1HmJ7mu9qYx6eGVaJcg88Hklsei7bnjcAR-ZYmjkgfbU -> driveFileId="1HmJ7mu9qYx6eGVaJcg88Hklsei7bnjcAR-ZYmjkgfbU"
STAMP     1Ho4zPDwCihy2HOt7f7MuVRMMLbFMLWYR -> driveFileId="1Ho4zPDwCihy2HOt7f7MuVRMMLbFMLWYR"
STAMP     1Hq-7tDIFY0C7NbCgDR6zZC1rlkib3xOQ -> driveFileId="1Hq-7tDIFY0C7NbCgDR6zZC1rlkib3xOQ"
STAMP     1ITxhruZY56v3j96hnqsk7YJ32-0coLcZ -> driveFileId="1ITxhruZY56v3j96hnqsk7YJ32-0coLcZ"
STAMP     1IpxlOczNDtSg6GMI5cY4nrM2vBEAIiBy -> driveFileId="1IpxlOczNDtSg6GMI5cY4nrM2vBEAIiBy"
STAMP     1J4XKbecFdEJiEt-yuXWLmAXGqTi8L_Mk -> driveFileId="1J4XKbecFdEJiEt-yuXWLmAXGqTi8L_Mk"
STAMP     1J6H_F6Ba02_rMRQEJbi_lBbMXCBag6SQ -> driveFileId="1J6H_F6Ba02_rMRQEJbi_lBbMXCBag6SQ"
STAMP     1J_RYWUgwlAoPrq29DN6VoDFft3YpMSom -> driveFileId="1J_RYWUgwlAoPrq29DN6VoDFft3YpMSom"
STAMP     1J_YSGz4C9Fmx2CDQpUJ9iC5O19uA0j8o -> driveFileId="1J_YSGz4C9Fmx2CDQpUJ9iC5O19uA0j8o"
STAMP     1JhWf3p0Y1wmJaVNL40XFyNqSuFCwLxIw -> driveFileId="1JhWf3p0Y1wmJaVNL40XFyNqSuFCwLxIw"
STAMP     1JlQ6xacP4pH5FZ6ja_kaZ2DayoEpkrZs -> driveFileId="1JlQ6xacP4pH5FZ6ja_kaZ2DayoEpkrZs"
STAMP     1K6ENNHsN324AcZmC6tFLLSdAKSpSyqF1 -> driveFileId="1K6ENNHsN324AcZmC6tFLLSdAKSpSyqF1"
STAMP     1K6cAZSsAcxurLVyHjW3MKCpfZzseE5kQ -> driveFileId="1K6cAZSsAcxurLVyHjW3MKCpfZzseE5kQ"
STAMP     1KV7ImMQF2i82sfPj9wvCnsZWZWo1SGlS -> driveFileId="1KV7ImMQF2i82sfPj9wvCnsZWZWo1SGlS"
STAMP     1LIQvf7FQmRRKpfI1lP06PH70ef6Rn5I3 -> driveFileId="1LIQvf7FQmRRKpfI1lP06PH70ef6Rn5I3"
STAMP     1LPfmwfa8On5YHco9nC-dt5IyWk7QO4gV -> driveFileId="1LPfmwfa8On5YHco9nC-dt5IyWk7QO4gV"
STAMP     1LYIRI8GH4fA9Typust_4D98LjOWo5eSn -> driveFileId="1LYIRI8GH4fA9Typust_4D98LjOWo5eSn"
STAMP     1MQBRtiDK77MOTTKR25mEZEqmclSRat1q -> driveFileId="1MQBRtiDK77MOTTKR25mEZEqmclSRat1q"
STAMP     1Mqje155L1D2TpfeoLycAL_pxEs04epFw -> driveFileId="1Mqje155L1D2TpfeoLycAL_pxEs04epFw"
STAMP     1N3sQbSjY_Cq_ykw6zp32XvAJfq9tjvYG -> driveFileId="1N3sQbSjY_Cq_ykw6zp32XvAJfq9tjvYG"
STAMP     1NTR6j9rhwHAwoZjX34AVdyymz9IvPkTz -> driveFileId="1NTR6j9rhwHAwoZjX34AVdyymz9IvPkTz"
STAMP     1NhFwI5Bf91gSuCiONrIAj-SttN6GEG3u -> driveFileId="1NhFwI5Bf91gSuCiONrIAj-SttN6GEG3u"
STAMP     1NqqJXEfTW1_B0sWBlcqAM4paZJOOmLuk -> driveFileId="1NqqJXEfTW1_B0sWBlcqAM4paZJOOmLuk"
STAMP     1Nz7ih3xr6Wb2XMeZZgrLJDCq_NoNAz7v -> driveFileId="1Nz7ih3xr6Wb2XMeZZgrLJDCq_NoNAz7v"
STAMP     1O1pvTb9_U_1Dh9TCookPxS7AlwfMA_Nh -> driveFileId="1O1pvTb9_U_1Dh9TCookPxS7AlwfMA_Nh"
STAMP     1OUhfx4EW3ZAtuh-ZPnHxTF4-wGOJdBFy -> driveFileId="1OUhfx4EW3ZAtuh-ZPnHxTF4-wGOJdBFy"
STAMP     1PL-rwuqZOnftWzBFYa4ElTWinUpLSiyo -> driveFileId="1PL-rwuqZOnftWzBFYa4ElTWinUpLSiyo"
STAMP     1PYUlbQY0hweTHW2Qrc7Xn3_9vlHaUtee -> driveFileId="1PYUlbQY0hweTHW2Qrc7Xn3_9vlHaUtee"
STAMP     1PYjUUqxH12ip7Uz5aFP7q1wRKwi-pKbvVNJB8G-wV6k -> driveFileId="1PYjUUqxH12ip7Uz5aFP7q1wRKwi-pKbvVNJB8G-wV6k"
STAMP     1PxJ-AxXwI5GUS4s_RutSAO_gEsDF8Got -> driveFileId="1PxJ-AxXwI5GUS4s_RutSAO_gEsDF8Got"
STAMP     1Q27iTstQskArSk4-kHFfN0ZnQjV7Oau8 -> driveFileId="1Q27iTstQskArSk4-kHFfN0ZnQjV7Oau8"
STAMP     1Q6yGoFDerBBWV7OYovZweFEIbzgRv--w -> driveFileId="1Q6yGoFDerBBWV7OYovZweFEIbzgRv--w"
STAMP     1QOy2Lbs3AIj6LGvsnbstcihltGK5r7KQ -> driveFileId="1QOy2Lbs3AIj6LGvsnbstcihltGK5r7KQ"
STAMP     1QvrCC8R1yvCbK5jIB-yqw-vMQX1S62It637BHwSMaX4 -> driveFileId="1QvrCC8R1yvCbK5jIB-yqw-vMQX1S62It637BHwSMaX4"
STAMP     1R7lq5sBnwIH6WxZda_IshPjTpAtN30tJ -> driveFileId="1R7lq5sBnwIH6WxZda_IshPjTpAtN30tJ"
STAMP     1RBpYbHvv44QhjezUIkQgWPN0nnel3zuy -> driveFileId="1RBpYbHvv44QhjezUIkQgWPN0nnel3zuy"
STAMP     1RQzrqpgVhkcL3tvBWGCYUIhtPNhF1Fnr -> driveFileId="1RQzrqpgVhkcL3tvBWGCYUIhtPNhF1Fnr"
STAMP     1RV-_S-0vCgswP7VfskC6wIchaBDQFNDa -> driveFileId="1RV-_S-0vCgswP7VfskC6wIchaBDQFNDa"
STAMP     1SH9vxGsFfIJ4mU_FaAaIX13hThwuqfH5 -> driveFileId="1SH9vxGsFfIJ4mU_FaAaIX13hThwuqfH5"
STAMP     1SYdDp-DbhO7e362YRZr3GQQ1pGwrdUlc -> driveFileId="1SYdDp-DbhO7e362YRZr3GQQ1pGwrdUlc"
STAMP     1Sh8IiLb3n9iit1ImvlvS2SYvprbwLRRf -> driveFileId="1Sh8IiLb3n9iit1ImvlvS2SYvprbwLRRf"
STAMP     1TCP25KtpY0BZ1ixLPMSkhT7_HdFNW7IL -> driveFileId="1TCP25KtpY0BZ1ixLPMSkhT7_HdFNW7IL"
STAMP     1TJwxurV4SgcpM58SG9x6hQ8e7cY6Yp9T -> driveFileId="1TJwxurV4SgcpM58SG9x6hQ8e7cY6Yp9T"
STAMP     1TRCzECDBOal5mr1SFh7JEY-r-NkhtaaW -> driveFileId="1TRCzECDBOal5mr1SFh7JEY-r-NkhtaaW"
STAMP     1TeiP5BlGnlP9ogYXO9yFL25J1Tz5k_RX -> driveFileId="1TeiP5BlGnlP9ogYXO9yFL25J1Tz5k_RX"
STAMP     1Tlx0xppOSXNZpO1idUqg2bNQfhyUgrfa -> driveFileId="1Tlx0xppOSXNZpO1idUqg2bNQfhyUgrfa"
STAMP     1U9Ku90io-9lvaPNt6_vDv1rxjTLZaEGc -> driveFileId="1U9Ku90io-9lvaPNt6_vDv1rxjTLZaEGc"
STAMP     1UC0SmGpSLTNyH998kCfMaJzcZPkSOATA -> driveFileId="1UC0SmGpSLTNyH998kCfMaJzcZPkSOATA"
STAMP     1URRI7OBQnlsji5zn3oMkx6IplU3qhw99 -> driveFileId="1URRI7OBQnlsji5zn3oMkx6IplU3qhw99"
STAMP     1URzdt7mdDjXZjO6J0ibl_E4SukMxfD4t -> driveFileId="1URzdt7mdDjXZjO6J0ibl_E4SukMxfD4t"
STAMP     1Uf0bVHJJ_PHn6gZ0OtGRf2RFytrx01qU -> driveFileId="1Uf0bVHJJ_PHn6gZ0OtGRf2RFytrx01qU"
STAMP     1V2T04NsfROLjyEDOvAc0F3Bz_Tc20Kzi -> driveFileId="1V2T04NsfROLjyEDOvAc0F3Bz_Tc20Kzi"
STAMP     1VFVL-HAEa1XHVcqTPiIV-_DSlOdg4M2V -> driveFileId="1VFVL-HAEa1XHVcqTPiIV-_DSlOdg4M2V"
STAMP     1VSB3wRDJN_1nvab8nyNG3W65QXup2YQV -> driveFileId="1VSB3wRDJN_1nvab8nyNG3W65QXup2YQV"
STAMP     1VXSQUMCADACnGEitvANMLuBF3BsJa_b9 -> driveFileId="1VXSQUMCADACnGEitvANMLuBF3BsJa_b9"
STAMP     1VbcRGqSXF28Kf4DWdddpeQ9ANcV8W5CL -> driveFileId="1VbcRGqSXF28Kf4DWdddpeQ9ANcV8W5CL"
STAMP     1VcD-E7ZKj48zN-20JaJT2MOLB-5WSkpR -> driveFileId="1VcD-E7ZKj48zN-20JaJT2MOLB-5WSkpR"
STAMP     1VetfwZmNivMhVPjWFiShdhCRBoncTQOh -> driveFileId="1VetfwZmNivMhVPjWFiShdhCRBoncTQOh"
STAMP     1VmpBREQWoux2gOCAeMzNPlZ1VWLCWQdf -> driveFileId="1VmpBREQWoux2gOCAeMzNPlZ1VWLCWQdf"
STAMP     1VuMq83_0W8ya9SCeBaQ0vCvuFeHgGHeC -> driveFileId="1VuMq83_0W8ya9SCeBaQ0vCvuFeHgGHeC"
STAMP     1W3mVu5MmsLklXhhh6WpQe5KrCr71Z6iJ -> driveFileId="1W3mVu5MmsLklXhhh6WpQe5KrCr71Z6iJ"
STAMP     1WJag4LEVyYDL2YxvWxiDBM5zgTzOgfAm -> driveFileId="1WJag4LEVyYDL2YxvWxiDBM5zgTzOgfAm"
STAMP     1WNBHOQhMyr8Aokyp1ECGCibyUZr0UnFT -> driveFileId="1WNBHOQhMyr8Aokyp1ECGCibyUZr0UnFT"
STAMP     1WdIXm5jTtgtcBcQC_MggjybIGfP2b604 -> driveFileId="1WdIXm5jTtgtcBcQC_MggjybIGfP2b604"
STAMP     1WusU1xlwOKQvKu2kemrowh6oZ16S9UeR -> driveFileId="1WusU1xlwOKQvKu2kemrowh6oZ16S9UeR"
STAMP     1X1rYxPSOC_CME5P72Sjf-HVYczAVt7TK -> driveFileId="1X1rYxPSOC_CME5P72Sjf-HVYczAVt7TK"
STAMP     1X6St0GAreLGpJIcPMdA4HJlohuFhPp5W -> driveFileId="1X6St0GAreLGpJIcPMdA4HJlohuFhPp5W"
STAMP     1X9O_4wIudGORlU9rZ-i2Ub7zN4tBhLt- -> driveFileId="1X9O_4wIudGORlU9rZ-i2Ub7zN4tBhLt-"
STAMP     1X9l2ZE7dGrJdej9Fr3PFieVt9EE3dEYT -> driveFileId="1X9l2ZE7dGrJdej9Fr3PFieVt9EE3dEYT"
STAMP     1XVmOLlmKI2ztKTsVOg2-YbkJ9_DzJA7A23gJp-s_Xu4 -> driveFileId="1XVmOLlmKI2ztKTsVOg2-YbkJ9_DzJA7A23gJp-s_Xu4"
STAMP     1Y6ELHFu--GfuIz3FgiHitfWyjG4OZvQ0 -> driveFileId="1Y6ELHFu--GfuIz3FgiHitfWyjG4OZvQ0"
STAMP     1YkIEE4lx2Vp3U2nQA2M8nIKCBgFoylhf -> driveFileId="1YkIEE4lx2Vp3U2nQA2M8nIKCBgFoylhf"
STAMP     1YuN6XyS2oLDWE-6F7JztRAtBz7K_lTBL -> driveFileId="1YuN6XyS2oLDWE-6F7JztRAtBz7K_lTBL"
STAMP     1YuXOp7krlxedG4OGIXmIDWv55LZNRIlL -> driveFileId="1YuXOp7krlxedG4OGIXmIDWv55LZNRIlL"
STAMP     1Z37pBaRXW45LQ551WSfMFzDHQ8jFYt0x -> driveFileId="1Z37pBaRXW45LQ551WSfMFzDHQ8jFYt0x"
STAMP     1ZPh6Ge2WUl21w2sL7gq0rf1q3396QL07 -> driveFileId="1ZPh6Ge2WUl21w2sL7gq0rf1q3396QL07"
STAMP     1ZQUvXg4McVGhlkQ9rnJM4_2pdHup9mFBDXqoHqZtAds -> driveFileId="1ZQUvXg4McVGhlkQ9rnJM4_2pdHup9mFBDXqoHqZtAds"
STAMP     1Zj5951AvRUwUdE8FeBuqMj1u615u3q84 -> driveFileId="1Zj5951AvRUwUdE8FeBuqMj1u615u3q84"
STAMP     1ZuXxV8dAhfFRXaXaSk1zAbbp9yce8MwH -> driveFileId="1ZuXxV8dAhfFRXaXaSk1zAbbp9yce8MwH"
STAMP     1ZvnGWrEAwXkF5RNAPJE1bjRx0vP5JSFH -> driveFileId="1ZvnGWrEAwXkF5RNAPJE1bjRx0vP5JSFH"
STAMP     1ZvsnHlvqAirjvpbWJ1FWAM2IgEuLbPOO -> driveFileId="1ZvsnHlvqAirjvpbWJ1FWAM2IgEuLbPOO"
STAMP     1_AGMn2Ls4Eo15tDwC4vtrGeHvu4aoe8f -> driveFileId="1_AGMn2Ls4Eo15tDwC4vtrGeHvu4aoe8f"
STAMP     1_E1AIJH9j0I-jkESHlhKFN8ZGazdusFd -> driveFileId="1_E1AIJH9j0I-jkESHlhKFN8ZGazdusFd"
STAMP     1_Gd8degQp-_CwXhYQM_jtxqRCtjdKvTi -> driveFileId="1_Gd8degQp-_CwXhYQM_jtxqRCtjdKvTi"
STAMP     1_O1lxgddm1zhWk2iL7xINC9evUx4zbzn -> driveFileId="1_O1lxgddm1zhWk2iL7xINC9evUx4zbzn"
STAMP     1ace0be3-5238-4f8f-b21e-8a95f3fcd0a7 -> driveFileId="1ace0be3-5238-4f8f-b21e-8a95f3fcd0a7"
STAMP     1av4wG0mTcKSjYTwKWbDoynvNrFdwSCrW -> driveFileId="1av4wG0mTcKSjYTwKWbDoynvNrFdwSCrW"
STAMP     1b9n_WsSuXkjbAgYcnK1M9XVTHNOalKAq -> driveFileId="1b9n_WsSuXkjbAgYcnK1M9XVTHNOalKAq"
STAMP     1bOTH11M28N7_c7avQGTYwzhhQlM2vKEK -> driveFileId="1bOTH11M28N7_c7avQGTYwzhhQlM2vKEK"
STAMP     1bntK0UHLQmq_z1dNsek7Rwue_HNr4jNQ -> driveFileId="1bntK0UHLQmq_z1dNsek7Rwue_HNr4jNQ"
STAMP     1c1efa1f-491c-4925-a8de-07a115437fc5 -> driveFileId="1c1efa1f-491c-4925-a8de-07a115437fc5"
STAMP     1cFzp0F-TbCdUFtjJwJ6yPCxQi9IIkpR7 -> driveFileId="1cFzp0F-TbCdUFtjJwJ6yPCxQi9IIkpR7"
STAMP     1cGBg4BgdM5ZJ2HFQOMZv4mxzoJrAHNez -> driveFileId="1cGBg4BgdM5ZJ2HFQOMZv4mxzoJrAHNez"
STAMP     1cISCkDz9PYogPzoAH8nK0uOc92ItKORV -> driveFileId="1cISCkDz9PYogPzoAH8nK0uOc92ItKORV"
STAMP     1cXHGyTKzQ3Dxgf2wBk4iTNTAgxKgZbtp -> driveFileId="1cXHGyTKzQ3Dxgf2wBk4iTNTAgxKgZbtp"
STAMP     1cZ0dW7ioUqQkV8m2ENr0ExEpMuYiP7ov6vy790kjbe4 -> driveFileId="1cZ0dW7ioUqQkV8m2ENr0ExEpMuYiP7ov6vy790kjbe4"
STAMP     1c_8FuLAzM3S7TECBb4e1o11oUdoN8tlK -> driveFileId="1c_8FuLAzM3S7TECBb4e1o11oUdoN8tlK"
STAMP     1ch79JH6B3rWcMnSLd9HtO4myytRHoicd -> driveFileId="1ch79JH6B3rWcMnSLd9HtO4myytRHoicd"
STAMP     1cqxulkFHUjA0-w6tmUwK6t4TnPgLWbpx -> driveFileId="1cqxulkFHUjA0-w6tmUwK6t4TnPgLWbpx"
STAMP     1czN_ywRWm2bnjIrnNVg7ad4RyynM_GcR -> driveFileId="1czN_ywRWm2bnjIrnNVg7ad4RyynM_GcR"
STAMP     1d-aXA4WzVjKYvCxAaVyezGgzRKlXs9y_ -> driveFileId="1d-aXA4WzVjKYvCxAaVyezGgzRKlXs9y_"
STAMP     1d69155e-992a-4f35-a16b-1a3bd5745f68 -> driveFileId="1d69155e-992a-4f35-a16b-1a3bd5745f68"
STAMP     1dAtZlJQ_3xbvfPLTG0F31Tbntid7d01W -> driveFileId="1dAtZlJQ_3xbvfPLTG0F31Tbntid7d01W"
STAMP     1dS-0aYsqxyxS5DIqs4iP521Obwgh7yLL -> driveFileId="1dS-0aYsqxyxS5DIqs4iP521Obwgh7yLL"
STAMP     1ds1Ql2M3Fb9LRX-k8tGxbixPHZ756WE0 -> driveFileId="1ds1Ql2M3Fb9LRX-k8tGxbixPHZ756WE0"
STAMP     1dxdNC33CZDbruEYFwsyV44a4sWR0nx8x -> driveFileId="1dxdNC33CZDbruEYFwsyV44a4sWR0nx8x"
STAMP     1e36kWrER7lDRLjCe1n_YGXlGKq15CMz2 -> driveFileId="1e36kWrER7lDRLjCe1n_YGXlGKq15CMz2"
STAMP     1eBRJoo2uNWzEG-Hu4kejU0GRPzVQdd1V -> driveFileId="1eBRJoo2uNWzEG-Hu4kejU0GRPzVQdd1V"
STAMP     1ea4505a-a3eb-423f-8398-93b06664da5b -> driveFileId="1ea4505a-a3eb-423f-8398-93b06664da5b"
STAMP     1eada1e3-c629-4fce-af21-83e81d480b5a -> driveFileId="1eada1e3-c629-4fce-af21-83e81d480b5a"
STAMP     1ecPTYaPCPkHuqdZrPKFLVCQWgeCXPus6 -> driveFileId="1ecPTYaPCPkHuqdZrPKFLVCQWgeCXPus6"
STAMP     1edX7GlHavLu4fvYHkSg0HQ_ftYhfOMuK -> driveFileId="1edX7GlHavLu4fvYHkSg0HQ_ftYhfOMuK"
STAMP     1etxl5D1liZFHOAGfsReSt0gNtWXUpD_f -> driveFileId="1etxl5D1liZFHOAGfsReSt0gNtWXUpD_f"
STAMP     1eyarxSuTHi7r-LedbgJ7jxG5cL4f8ukb -> driveFileId="1eyarxSuTHi7r-LedbgJ7jxG5cL4f8ukb"
STAMP     1fCgl4H4wIiqLK42rUkHmRYV5WzqLEOIU -> driveFileId="1fCgl4H4wIiqLK42rUkHmRYV5WzqLEOIU"
STAMP     1fDW83DxtZgoTEVABabdxi7lzopNx-Hnx -> driveFileId="1fDW83DxtZgoTEVABabdxi7lzopNx-Hnx"
STAMP     1fb983c0-12be-4a51-bcd8-4be089e70b1f -> driveFileId="1fb983c0-12be-4a51-bcd8-4be089e70b1f"
STAMP     1g-Czee2Cm5I_k4qtDQ86M3t7-9c3pHnW -> driveFileId="1g-Czee2Cm5I_k4qtDQ86M3t7-9c3pHnW"
STAMP     1g1cnvJjQwoS9sudXMsEv-Psx7IiPjkAJ -> driveFileId="1g1cnvJjQwoS9sudXMsEv-Psx7IiPjkAJ"
STAMP     1gTZdh60yL9zN6zhQmbBeK7n-zxMxoshkZwHqwpYN99k -> driveFileId="1gTZdh60yL9zN6zhQmbBeK7n-zxMxoshkZwHqwpYN99k"
STAMP     1gey19JRRH6b-sPmeeR2_vbP6conu0ZK_ -> driveFileId="1gey19JRRH6b-sPmeeR2_vbP6conu0ZK_"
STAMP     1gyFFxL0k_Gzmo0-y9vi6ieT1j0vtOznF -> driveFileId="1gyFFxL0k_Gzmo0-y9vi6ieT1j0vtOznF"
STAMP     1h03XAsuq2FWWn_ZHRHvtQz1ZHfgZSi23 -> driveFileId="1h03XAsuq2FWWn_ZHRHvtQz1ZHfgZSi23"
STAMP     1h2-nbJYTO7fVioa6uFwUwpyzH1d1bVce -> driveFileId="1h2-nbJYTO7fVioa6uFwUwpyzH1d1bVce"
STAMP     1hBW82D0waHKgB4DA53rCcd4WGV5u9LQw -> driveFileId="1hBW82D0waHKgB4DA53rCcd4WGV5u9LQw"
STAMP     1hkeXYm-kJMBbhHKAnGWWr5AWAF54X-o- -> driveFileId="1hkeXYm-kJMBbhHKAnGWWr5AWAF54X-o-"
STAMP     1i3jy2Co3gNHsnzDXyEvrLpE249lD-KhS -> driveFileId="1i3jy2Co3gNHsnzDXyEvrLpE249lD-KhS"
STAMP     1iZJWnsukROkqmZ_uSnDFl1Z5dsRcgWDG -> driveFileId="1iZJWnsukROkqmZ_uSnDFl1Z5dsRcgWDG"
STAMP     1ioTLwHfdaDXQu7z2aHwOBhqqYplcWkhI -> driveFileId="1ioTLwHfdaDXQu7z2aHwOBhqqYplcWkhI"
STAMP     1j0vPyAIniwYKOh3mdo7Tly4WwugWuKLw -> driveFileId="1j0vPyAIniwYKOh3mdo7Tly4WwugWuKLw"
STAMP     1j9UHSajBGbP_YLqrHygy6Tv3PkvSD_tu -> driveFileId="1j9UHSajBGbP_YLqrHygy6Tv3PkvSD_tu"
STAMP     1jQoHlG412NCbvMhk8yJbR8RKBPm0Mi4r -> driveFileId="1jQoHlG412NCbvMhk8yJbR8RKBPm0Mi4r"
STAMP     1jiX9o2PFj6fGb-qDC5Uw5EtOTOnydzWh -> driveFileId="1jiX9o2PFj6fGb-qDC5Uw5EtOTOnydzWh"
STAMP     1k9hNIPVwvf4kf_WdYj7RlfJVbi5ElgIT -> driveFileId="1k9hNIPVwvf4kf_WdYj7RlfJVbi5ElgIT"
STAMP     1khYYPDmj7pOn_G8yl8mTJHcYFsLH5O65 -> driveFileId="1khYYPDmj7pOn_G8yl8mTJHcYFsLH5O65"
STAMP     1lhfSuwVN0-QmiaXm-nVQBlgIOX3bGkby -> driveFileId="1lhfSuwVN0-QmiaXm-nVQBlgIOX3bGkby"
STAMP     1ljIZkOUyUrFE3Djvv1j0-WnWcziorwyV -> driveFileId="1ljIZkOUyUrFE3Djvv1j0-WnWcziorwyV"
STAMP     1m9IrT8SHyVU9nM5jbYXVMu75EG0Mo1a4 -> driveFileId="1m9IrT8SHyVU9nM5jbYXVMu75EG0Mo1a4"
STAMP     1mFyejfhYBYxLacZWcCuPgBpI006BjqV7 -> driveFileId="1mFyejfhYBYxLacZWcCuPgBpI006BjqV7"
STAMP     1mKr3bKOxholt8isagwFgD8lglX2YykIa -> driveFileId="1mKr3bKOxholt8isagwFgD8lglX2YykIa"
STAMP     1monkKpBnbwh6YO6FAKBIQmD4vGqzbyIZ -> driveFileId="1monkKpBnbwh6YO6FAKBIQmD4vGqzbyIZ"
STAMP     1n8ur933csmrxPJYKZn2cFtFNwRac7PWZ -> driveFileId="1n8ur933csmrxPJYKZn2cFtFNwRac7PWZ"
STAMP     1nAEsEgzHIU3T9Ym9kJpBxJylWWqa_vnK -> driveFileId="1nAEsEgzHIU3T9Ym9kJpBxJylWWqa_vnK"
STAMP     1nM6XI_TvFX85mZe3el19-g6TYXZ5KwtE -> driveFileId="1nM6XI_TvFX85mZe3el19-g6TYXZ5KwtE"
STAMP     1nmHWbmh67h4YF8QVTz8hofgrP-4WTL3a -> driveFileId="1nmHWbmh67h4YF8QVTz8hofgrP-4WTL3a"
STAMP     1oOys8D12_uDOG_2vcssAq8k5PLf4ZhBQ -> driveFileId="1oOys8D12_uDOG_2vcssAq8k5PLf4ZhBQ"
STAMP     1odYJKS1JLzDVVVbuHRV4oIw-gAAVDqFT -> driveFileId="1odYJKS1JLzDVVVbuHRV4oIw-gAAVDqFT"
STAMP     1oqBCSHTMzCVUPvMtQNXEdg5V49mwvOYh -> driveFileId="1oqBCSHTMzCVUPvMtQNXEdg5V49mwvOYh"
STAMP     1orCw2GbmC7QzDFQnNeK1hyA83Kh9B6XR -> driveFileId="1orCw2GbmC7QzDFQnNeK1hyA83Kh9B6XR"
STAMP     1p-iGMt8OCpCJtk0eOn0mJL3aoNPcGUaK -> driveFileId="1p-iGMt8OCpCJtk0eOn0mJL3aoNPcGUaK"
STAMP     1p32ui1nyleLqmLU0On2pkOQSUlgJRUEE -> driveFileId="1p32ui1nyleLqmLU0On2pkOQSUlgJRUEE"
STAMP     1pFGvjKzoeCIj6CJuk6vFkYkUbV4I5zam -> driveFileId="1pFGvjKzoeCIj6CJuk6vFkYkUbV4I5zam"
STAMP     1pToiRfD44ioU26hX8u8c3eayNYc6KOMb -> driveFileId="1pToiRfD44ioU26hX8u8c3eayNYc6KOMb"
STAMP     1pu2JsvkgVnzmQ4CJySUd7PSm7F0yEd_x -> driveFileId="1pu2JsvkgVnzmQ4CJySUd7PSm7F0yEd_x"
STAMP     1pwmleWt7QMPuEqTrM_Az9JFj5RUMS9F4 -> driveFileId="1pwmleWt7QMPuEqTrM_Az9JFj5RUMS9F4"
STAMP     1q8kGn48kh9CXdJPmm4i6g_wx67Zl8GHB -> driveFileId="1q8kGn48kh9CXdJPmm4i6g_wx67Zl8GHB"
STAMP     1qAWeiH9_0eeXaseL0e-dMxDDwpBvO6xx -> driveFileId="1qAWeiH9_0eeXaseL0e-dMxDDwpBvO6xx"
STAMP     1qHPm7jPm6uqwBzm5MMy3ypdQZwzmAh4k -> driveFileId="1qHPm7jPm6uqwBzm5MMy3ypdQZwzmAh4k"
STAMP     1qTDacSD6J12oeEMg22KueDQgwMm8EeVJ -> driveFileId="1qTDacSD6J12oeEMg22KueDQgwMm8EeVJ"
STAMP     1qdX4_IHvHKX5sKfaHRo6sU4vymTmE12d -> driveFileId="1qdX4_IHvHKX5sKfaHRo6sU4vymTmE12d"
STAMP     1qlfMKLD6qrr98JUmoeBJHRE5I0-FsIRp -> driveFileId="1qlfMKLD6qrr98JUmoeBJHRE5I0-FsIRp"
STAMP     1r2GLfKEj0PZSPn0XbPO9sXfmzhJfcRTu -> driveFileId="1r2GLfKEj0PZSPn0XbPO9sXfmzhJfcRTu"
STAMP     1r2V2tJnZauBVhuiDC2zjLLb3iyhAw8Nj -> driveFileId="1r2V2tJnZauBVhuiDC2zjLLb3iyhAw8Nj"
STAMP     1r6EerKdaIfJmaS4kdwLNA5rWeSnF56uk -> driveFileId="1r6EerKdaIfJmaS4kdwLNA5rWeSnF56uk"
STAMP     1rmnciu0PVh2pL6GQkuJBasmEZzHgK5b4 -> driveFileId="1rmnciu0PVh2pL6GQkuJBasmEZzHgK5b4"
STAMP     1rmxBzOdjhutYWB_HGxuCJnBR8ieSu--_ -> driveFileId="1rmxBzOdjhutYWB_HGxuCJnBR8ieSu--_"
STAMP     1sNPYY73-mI4XBfASJBoHaTwxQH3IHr50 -> driveFileId="1sNPYY73-mI4XBfASJBoHaTwxQH3IHr50"
STAMP     1sRzRHytARhFFrlAqJUtDDH25YhuZZ792 -> driveFileId="1sRzRHytARhFFrlAqJUtDDH25YhuZZ792"
STAMP     1sv7fGYEciwW6XbS10f3XKOE31iytS9hB -> driveFileId="1sv7fGYEciwW6XbS10f3XKOE31iytS9hB"
STAMP     1t120h-tSRphOOwemf0tu5_j2j58ErazM -> driveFileId="1t120h-tSRphOOwemf0tu5_j2j58ErazM"
STAMP     1t7fPtGbxIVUUaskwynvKjMYactKDbvGq -> driveFileId="1t7fPtGbxIVUUaskwynvKjMYactKDbvGq"
STAMP     1tIet97g6zgIt-uCu-HrBRcj1tmXj_6ep -> driveFileId="1tIet97g6zgIt-uCu-HrBRcj1tmXj_6ep"
STAMP     1tLxE6aG8TOuLAtv3DCcuPKSRQUa_Nz7_ -> driveFileId="1tLxE6aG8TOuLAtv3DCcuPKSRQUa_Nz7_"
STAMP     1tRHJFJSq99c1SuWZBOJCjbLyFHhIPYWO -> driveFileId="1tRHJFJSq99c1SuWZBOJCjbLyFHhIPYWO"
STAMP     1tYtW5qo5iOuytY9GflbwCQjWerjaov4b -> driveFileId="1tYtW5qo5iOuytY9GflbwCQjWerjaov4b"
STAMP     1tcdg8vTGcwuGX7gar1xJ0JDBdcyEi9yz -> driveFileId="1tcdg8vTGcwuGX7gar1xJ0JDBdcyEi9yz"
STAMP     1u0I8PCz1MQ_RLCN-6Kw0-JlF0R0Nm40R -> driveFileId="1u0I8PCz1MQ_RLCN-6Kw0-JlF0R0Nm40R"
STAMP     1u2g0w4OLjbL5JfjACyL_3kDzUZpaGjng -> driveFileId="1u2g0w4OLjbL5JfjACyL_3kDzUZpaGjng"
STAMP     1ut9fS0F6yHsKvgaAzkNXqDSshHjjesN- -> driveFileId="1ut9fS0F6yHsKvgaAzkNXqDSshHjjesN-"
STAMP     1v1aFYuQ57HHoILQWcT_rtv3zhMWq2IR9 -> driveFileId="1v1aFYuQ57HHoILQWcT_rtv3zhMWq2IR9"
STAMP     1v6a8TfMdNjaz-HzGPnVmOB-BI3u0q_zz -> driveFileId="1v6a8TfMdNjaz-HzGPnVmOB-BI3u0q_zz"
STAMP     1vY2cfQMn1-QgtslbQZaCYc8JNZkX0g1s -> driveFileId="1vY2cfQMn1-QgtslbQZaCYc8JNZkX0g1s"
STAMP     1w1cwgilpMxe-KGQCDOc7RjoyaS91hgTI -> driveFileId="1w1cwgilpMxe-KGQCDOc7RjoyaS91hgTI"
STAMP     1w6SuGzU6pTpzMk-hGdfsq6dDEJSxivoH -> driveFileId="1w6SuGzU6pTpzMk-hGdfsq6dDEJSxivoH"
STAMP     1wHijjyvHroSV_Z_wClVprppEpBYIUAsa -> driveFileId="1wHijjyvHroSV_Z_wClVprppEpBYIUAsa"
STAMP     1wKn6KPXBRQpLV6USzU5vP_qd53tT9Aa1 -> driveFileId="1wKn6KPXBRQpLV6USzU5vP_qd53tT9Aa1"
STAMP     1wNTlj3sB2Z3Zra7jhYlniuGcHpxnuEWk -> driveFileId="1wNTlj3sB2Z3Zra7jhYlniuGcHpxnuEWk"
STAMP     1wzz1eOblUC0tOTnJZh_JAarpeRdZ0oPq -> driveFileId="1wzz1eOblUC0tOTnJZh_JAarpeRdZ0oPq"
STAMP     1xGM06NwCC3Nk4ZdiFZz6hYI9yR-fNvEw -> driveFileId="1xGM06NwCC3Nk4ZdiFZz6hYI9yR-fNvEw"
STAMP     1xTYqs7MHxm8Q69jt9nNMqNwmU3QTM7uxEkofZpxIzcE -> driveFileId="1xTYqs7MHxm8Q69jt9nNMqNwmU3QTM7uxEkofZpxIzcE"
STAMP     1xYt6Mp1Ica-2C_VYS2mw_cfhxo3dMkg_ -> driveFileId="1xYt6Mp1Ica-2C_VYS2mw_cfhxo3dMkg_"
STAMP     1yEIuuAPUvE0vAcM__QucJZgdJKpR0Nt2 -> driveFileId="1yEIuuAPUvE0vAcM__QucJZgdJKpR0Nt2"
STAMP     1yJjdDZ1ivU0if-T-d_uCYkH1rEIH-xs3 -> driveFileId="1yJjdDZ1ivU0if-T-d_uCYkH1rEIH-xs3"
STAMP     1yLSZnOX9RKJKliQpNvJ78yWhzJ51jLNW -> driveFileId="1yLSZnOX9RKJKliQpNvJ78yWhzJ51jLNW"
STAMP     1zeTBJoffgVoqJYvjvZ6p3Tmm1JGXeOvR -> driveFileId="1zeTBJoffgVoqJYvjvZ6p3Tmm1JGXeOvR"
STAMP     20811bd6-bda9-43ee-ad7a-4ae3b704def2 -> driveFileId="20811bd6-bda9-43ee-ad7a-4ae3b704def2"
STAMP     218fc2a9-cbe4-4ff1-a056-68f7f55bbac2 -> driveFileId="218fc2a9-cbe4-4ff1-a056-68f7f55bbac2"
STAMP     2245fe4b-7562-475e-be0d-709cb28bf48c -> driveFileId="2245fe4b-7562-475e-be0d-709cb28bf48c"
STAMP     235c703e-600e-4cc4-aca5-283ae3b81af9 -> driveFileId="235c703e-600e-4cc4-aca5-283ae3b81af9"
STAMP     23d61fc5-59fa-4cb4-99f1-e24eccb88fce -> driveFileId="23d61fc5-59fa-4cb4-99f1-e24eccb88fce"
STAMP     24308467-f3c9-4fba-b7e8-6795821d3a69 -> driveFileId="24308467-f3c9-4fba-b7e8-6795821d3a69"
STAMP     2485f761-d134-416a-89d8-5bb8d7cc27f1 -> driveFileId="2485f761-d134-416a-89d8-5bb8d7cc27f1"
STAMP     25a1305b-ff4f-4c59-8aaa-9d646962b513 -> driveFileId="25a1305b-ff4f-4c59-8aaa-9d646962b513"
STAMP     25df4be7-0a5d-4a8d-bf7b-64d2d03f67e5 -> driveFileId="25df4be7-0a5d-4a8d-bf7b-64d2d03f67e5"
STAMP     267cc451-17af-42ab-a004-9c4e6ed1f76d -> driveFileId="267cc451-17af-42ab-a004-9c4e6ed1f76d"
STAMP     26864af2-2a80-4f93-a8ec-e81f63f075e0 -> driveFileId="26864af2-2a80-4f93-a8ec-e81f63f075e0"
STAMP     26b904af-782b-4b6a-bbca-6a53aeb09c33 -> driveFileId="26b904af-782b-4b6a-bbca-6a53aeb09c33"
STAMP     27f2ec75-1a5a-4241-ab4b-e95879f03168 -> driveFileId="27f2ec75-1a5a-4241-ab4b-e95879f03168"
STAMP     288a0399-23b7-478c-bccc-369db1a30cd6 -> driveFileId="288a0399-23b7-478c-bccc-369db1a30cd6"
STAMP     289a11d0-fbb3-4a21-8c98-50473b6e1001 -> driveFileId="289a11d0-fbb3-4a21-8c98-50473b6e1001"
STAMP     28c99c48-dbac-479f-9bae-80342fdb3253 -> driveFileId="28c99c48-dbac-479f-9bae-80342fdb3253"
STAMP     28f1ea16-4dab-4198-8d0b-dc1c7ef66624 -> driveFileId="28f1ea16-4dab-4198-8d0b-dc1c7ef66624"
STAMP     2aede3b4-205a-4bbb-a996-76c46cd83de2 -> driveFileId="2aede3b4-205a-4bbb-a996-76c46cd83de2"
STAMP     2aefdc50-ad45-494e-a2d6-f3351995b24a -> driveFileId="2aefdc50-ad45-494e-a2d6-f3351995b24a"
STAMP     2c594bea-32c0-4794-b625-060848ad576c -> driveFileId="2c594bea-32c0-4794-b625-060848ad576c"
STAMP     2c5a74a5-bd72-4a3f-aa62-c8ab25b33d75 -> driveFileId="2c5a74a5-bd72-4a3f-aa62-c8ab25b33d75"
STAMP     2d7ede35-04fd-4337-8eb7-db69444304ce -> driveFileId="2d7ede35-04fd-4337-8eb7-db69444304ce"
STAMP     2dc43bcb-7c37-44fb-ac29-5ed7d20e87a9 -> driveFileId="2dc43bcb-7c37-44fb-ac29-5ed7d20e87a9"
STAMP     2fc76c49-023f-4eaf-a063-d5f69e22ab72 -> driveFileId="2fc76c49-023f-4eaf-a063-d5f69e22ab72"
STAMP     30982932-7c78-432b-9350-68a0c2fe35de -> driveFileId="30982932-7c78-432b-9350-68a0c2fe35de"
STAMP     30e3d10d-aede-4d56-86a2-a9f183ba5b2a -> driveFileId="30e3d10d-aede-4d56-86a2-a9f183ba5b2a"
STAMP     31248276-14b6-4bc0-914a-0c129d023586 -> driveFileId="31248276-14b6-4bc0-914a-0c129d023586"
STAMP     31e5ec53-8330-457f-aef3-33e10e35ec05 -> driveFileId="31e5ec53-8330-457f-aef3-33e10e35ec05"
STAMP     31e88e83-c880-43e5-9b12-37a7a119aeb0 -> driveFileId="31e88e83-c880-43e5-9b12-37a7a119aeb0"
STAMP     323ccd88-d31e-40f1-afbd-bd4601136e27 -> driveFileId="323ccd88-d31e-40f1-afbd-bd4601136e27"
STAMP     3371ff94-1774-4c2b-a25b-f1537a419e13 -> driveFileId="3371ff94-1774-4c2b-a25b-f1537a419e13"
STAMP     33d9e425-2ed1-4054-988f-2935119d90e8 -> driveFileId="33d9e425-2ed1-4054-988f-2935119d90e8"
STAMP     34a3c3fc-d5ce-4b80-8d4f-77014f5412da -> driveFileId="34a3c3fc-d5ce-4b80-8d4f-77014f5412da"
STAMP     35eeeadb-af0d-4b49-b966-aa63655a4435 -> driveFileId="35eeeadb-af0d-4b49-b966-aa63655a4435"
STAMP     36928f78-7327-4d7f-ba5a-4291ccc74084 -> driveFileId="36928f78-7327-4d7f-ba5a-4291ccc74084"
STAMP     36b65d8a-065f-4711-a8aa-304886451aab -> driveFileId="36b65d8a-065f-4711-a8aa-304886451aab"
STAMP     37b74f7a-31b1-4ed7-99df-2421c8a81e92 -> driveFileId="37b74f7a-31b1-4ed7-99df-2421c8a81e92"
STAMP     395c9ef8-3cf3-4c3d-8785-3deb852da074 -> driveFileId="395c9ef8-3cf3-4c3d-8785-3deb852da074"
STAMP     39a123f9-f6df-434f-85f7-8a5f2b607ead -> driveFileId="39a123f9-f6df-434f-85f7-8a5f2b607ead"
STAMP     3a65f5c6-e18f-4f45-acde-eaf125b310eb -> driveFileId="3a65f5c6-e18f-4f45-acde-eaf125b310eb"
STAMP     3b90c6ba-e8f2-4fa2-ac26-ad4fa316c9c3 -> driveFileId="3b90c6ba-e8f2-4fa2-ac26-ad4fa316c9c3"
STAMP     3bd7af7a-2a4b-42a2-80c5-9d1b4073db4a -> driveFileId="3bd7af7a-2a4b-42a2-80c5-9d1b4073db4a"
STAMP     3bf73686-08ba-4b28-bf78-0520963a215b -> driveFileId="3bf73686-08ba-4b28-bf78-0520963a215b"
STAMP     3c965b50-cd20-4a05-88d8-ccec39b59f41 -> driveFileId="3c965b50-cd20-4a05-88d8-ccec39b59f41"
STAMP     3cb6a75d-a704-4bfb-b3c4-93ab5f7613f0 -> driveFileId="3cb6a75d-a704-4bfb-b3c4-93ab5f7613f0"
STAMP     3dc9f49f-b773-46aa-a5d5-ede22f7b8fc2 -> driveFileId="3dc9f49f-b773-46aa-a5d5-ede22f7b8fc2"
STAMP     3df0360d-9078-45e0-ab96-73804fa7276b -> driveFileId="3df0360d-9078-45e0-ab96-73804fa7276b"
STAMP     3df80222-8fe3-4f83-a641-8eb27839608a -> driveFileId="3df80222-8fe3-4f83-a641-8eb27839608a"
STAMP     3e967bd3-cf6a-455d-a6c0-f80fc68b0831 -> driveFileId="3e967bd3-cf6a-455d-a6c0-f80fc68b0831"
STAMP     405c6a9b-0870-4e4f-a335-d8d34dce7c20 -> driveFileId="405c6a9b-0870-4e4f-a335-d8d34dce7c20"
STAMP     4069c33b-2011-4768-83c6-ccc2ece60f13 -> driveFileId="4069c33b-2011-4768-83c6-ccc2ece60f13"
STAMP     407d23e5-5cd6-4d02-9618-7acefb33df7a -> driveFileId="407d23e5-5cd6-4d02-9618-7acefb33df7a"
STAMP     41379850-2021-48c5-8acd-e867e4dfa119 -> driveFileId="41379850-2021-48c5-8acd-e867e4dfa119"
STAMP     41749406-91a4-410d-bf45-1a1a39f84aed -> driveFileId="41749406-91a4-410d-bf45-1a1a39f84aed"
STAMP     42003f22-0d5d-49f0-a45e-87e5ade38d6b -> driveFileId="42003f22-0d5d-49f0-a45e-87e5ade38d6b"
STAMP     422d3103-d7b3-437e-ba7e-f864c6e570fa -> driveFileId="422d3103-d7b3-437e-ba7e-f864c6e570fa"
STAMP     42a1cd5d-93ef-4a02-8a8d-7a669ff9c921 -> driveFileId="42a1cd5d-93ef-4a02-8a8d-7a669ff9c921"
STAMP     43a4fc6c-4d27-45bd-988f-492db59f73d1 -> driveFileId="43a4fc6c-4d27-45bd-988f-492db59f73d1"
STAMP     44c38248-6925-4921-b833-eeae0854e63a -> driveFileId="44c38248-6925-4921-b833-eeae0854e63a"
STAMP     44e0d496-88a6-46c3-bd09-fec655d3edc4 -> driveFileId="44e0d496-88a6-46c3-bd09-fec655d3edc4"
STAMP     452cc138-503f-4f0a-8b27-7ebd8d5741d1 -> driveFileId="452cc138-503f-4f0a-8b27-7ebd8d5741d1"
STAMP     45a57edb-cc78-4fb0-97e9-a9ab372d7943 -> driveFileId="45a57edb-cc78-4fb0-97e9-a9ab372d7943"
STAMP     45d7d670-f2c5-4437-a7d7-b40fe5ebe416 -> driveFileId="45d7d670-f2c5-4437-a7d7-b40fe5ebe416"
STAMP     46dbc366-04ba-406a-aadc-55e500597250 -> driveFileId="46dbc366-04ba-406a-aadc-55e500597250"
STAMP     46e66e0d-4f0d-47e7-baaa-125891f997b4 -> driveFileId="46e66e0d-4f0d-47e7-baaa-125891f997b4"
STAMP     471113d7-9755-4599-b32f-ea66548ea36d -> driveFileId="471113d7-9755-4599-b32f-ea66548ea36d"
STAMP     4724db72-8e1e-4405-90ff-8be1955af822 -> driveFileId="4724db72-8e1e-4405-90ff-8be1955af822"
STAMP     4a00f597-70ef-4267-a363-10b081eabc66 -> driveFileId="4a00f597-70ef-4267-a363-10b081eabc66"
STAMP     4a2fcc5e-3684-486c-af94-6f48bea4188c -> driveFileId="4a2fcc5e-3684-486c-af94-6f48bea4188c"
STAMP     4a5faa48-43d0-435c-a9b0-8d069cb88e11 -> driveFileId="4a5faa48-43d0-435c-a9b0-8d069cb88e11"
STAMP     4ecc47bd-97a8-4aa6-988c-f490695b0d98 -> driveFileId="4ecc47bd-97a8-4aa6-988c-f490695b0d98"
STAMP     4f5d5c70-4dc2-4071-9960-174bda73f761 -> driveFileId="4f5d5c70-4dc2-4071-9960-174bda73f761"
STAMP     509d8360-46da-43da-9ba3-75fdf2032838 -> driveFileId="509d8360-46da-43da-9ba3-75fdf2032838"
STAMP     52b4fed1-de13-49f7-9dc6-732a6899f127 -> driveFileId="52b4fed1-de13-49f7-9dc6-732a6899f127"
STAMP     5366aef1-5349-44c3-9dc1-7462e69fe4db -> driveFileId="5366aef1-5349-44c3-9dc1-7462e69fe4db"
STAMP     56c4c7ba-b264-427e-8c32-16d7c29bba50 -> driveFileId="56c4c7ba-b264-427e-8c32-16d7c29bba50"
STAMP     58587ef0-0747-4abe-9c00-4b77a543d851 -> driveFileId="58587ef0-0747-4abe-9c00-4b77a543d851"
STAMP     5aa91e83-02ef-44c6-bc28-833be56d0bed -> driveFileId="5aa91e83-02ef-44c6-bc28-833be56d0bed"
STAMP     5b5a4ec7-36f0-451c-adfe-1b6186ddd2a1 -> driveFileId="5b5a4ec7-36f0-451c-adfe-1b6186ddd2a1"
STAMP     5e893824-0d8c-47e7-82fe-51240d027c00 -> driveFileId="5e893824-0d8c-47e7-82fe-51240d027c00"
STAMP     5ed550bc-b6d3-498a-8c9c-6fc42212d9d6 -> driveFileId="5ed550bc-b6d3-498a-8c9c-6fc42212d9d6"
STAMP     5fa69e00-2115-4915-9aa3-f68ad3c42466 -> driveFileId="5fa69e00-2115-4915-9aa3-f68ad3c42466"
STAMP     61aeb253-df01-471a-a9fa-2eb885c4ef35 -> driveFileId="61aeb253-df01-471a-a9fa-2eb885c4ef35"
STAMP     61f0c403-0d98-45a9-ad90-c813329a0d6d -> driveFileId="61f0c403-0d98-45a9-ad90-c813329a0d6d"
STAMP     6259b551-24b8-441b-ad62-6f4cc45a011a -> driveFileId="6259b551-24b8-441b-ad62-6f4cc45a011a"
STAMP     64816b31-79d9-44a1-b582-f8bba765eeb2 -> driveFileId="64816b31-79d9-44a1-b582-f8bba765eeb2"
STAMP     662dd31d-b975-42c0-877d-57084950fffb -> driveFileId="662dd31d-b975-42c0-877d-57084950fffb"
STAMP     663aa70e-d676-4fbe-b370-afef86119c44 -> driveFileId="663aa70e-d676-4fbe-b370-afef86119c44"
STAMP     66bd1185-8e9e-46ef-9ea2-7a5646504503 -> driveFileId="66bd1185-8e9e-46ef-9ea2-7a5646504503"
STAMP     672e94b4-9da7-40f7-8ec1-ae56bd67cce7 -> driveFileId="672e94b4-9da7-40f7-8ec1-ae56bd67cce7"
STAMP     6738e47c-e710-4f65-9655-d93d2ee8332e -> driveFileId="6738e47c-e710-4f65-9655-d93d2ee8332e"
STAMP     6bddf129-6f1c-4fa4-bf54-3cf431a53219 -> driveFileId="6bddf129-6f1c-4fa4-bf54-3cf431a53219"
STAMP     6ca6e82c-e3be-4e6b-b6c1-63f60b3ac5cc -> driveFileId="6ca6e82c-e3be-4e6b-b6c1-63f60b3ac5cc"
STAMP     6ce470ac-cf9a-44f4-9602-158d5508a45d -> driveFileId="6ce470ac-cf9a-44f4-9602-158d5508a45d"
STAMP     6d704852-b119-4611-b2a9-b05bbd92aa8d -> driveFileId="6d704852-b119-4611-b2a9-b05bbd92aa8d"
STAMP     6d8343b3-9a3d-4550-a529-bac4ca04ab00 -> driveFileId="6d8343b3-9a3d-4550-a529-bac4ca04ab00"
STAMP     6eb445b8-66f0-4958-a1b0-e6f4fadc449f -> driveFileId="6eb445b8-66f0-4958-a1b0-e6f4fadc449f"
STAMP     6ec8bf57-a358-4ae2-a251-e8200d9351bb -> driveFileId="6ec8bf57-a358-4ae2-a251-e8200d9351bb"
STAMP     708b8023-7689-4a58-ab8d-428e2bcafaa7 -> driveFileId="708b8023-7689-4a58-ab8d-428e2bcafaa7"
STAMP     70a83fa1-d1a8-45ac-bb03-601bb5103b60 -> driveFileId="70a83fa1-d1a8-45ac-bb03-601bb5103b60"
STAMP     70efd098-6c4d-44ac-8884-8115af528ab9 -> driveFileId="70efd098-6c4d-44ac-8884-8115af528ab9"
STAMP     72a7aa6a-7b08-4c78-862c-197bbffb9515 -> driveFileId="72a7aa6a-7b08-4c78-862c-197bbffb9515"
STAMP     75dc9298-772b-4092-a3de-b7e54f1c6403 -> driveFileId="75dc9298-772b-4092-a3de-b7e54f1c6403"
STAMP     76dda851-02b7-434f-a36b-f5b99c5fb1bd -> driveFileId="76dda851-02b7-434f-a36b-f5b99c5fb1bd"
STAMP     77c2bf09-7a4b-4f38-9bf2-c7b3b120506e -> driveFileId="77c2bf09-7a4b-4f38-9bf2-c7b3b120506e"
STAMP     77f77a9e-31b1-46ae-85b8-a6864953fc83 -> driveFileId="77f77a9e-31b1-46ae-85b8-a6864953fc83"
STAMP     78ae5689-071f-4502-aa0f-e16e6fb7b480 -> driveFileId="78ae5689-071f-4502-aa0f-e16e6fb7b480"
STAMP     7ac2da98-6353-4fd2-ae8a-ad28eb2f243c -> driveFileId="7ac2da98-6353-4fd2-ae8a-ad28eb2f243c"
STAMP     7bc7a556-04f4-42a3-a766-d300270d71cd -> driveFileId="7bc7a556-04f4-42a3-a766-d300270d71cd"
STAMP     7c15883f-41bd-4a32-875e-dbca4ec4188f -> driveFileId="7c15883f-41bd-4a32-875e-dbca4ec4188f"
STAMP     7d15b7ee-692e-42c9-99bb-8e543eb0014d -> driveFileId="7d15b7ee-692e-42c9-99bb-8e543eb0014d"
STAMP     7e9a37aa-4427-428f-8801-b2a5405bd3be -> driveFileId="7e9a37aa-4427-428f-8801-b2a5405bd3be"
STAMP     7eda392b-2472-418b-a0e8-918e48776945 -> driveFileId="7eda392b-2472-418b-a0e8-918e48776945"
STAMP     7f6b5f88-d7f5-426d-8feb-822691025fd9 -> driveFileId="7f6b5f88-d7f5-426d-8feb-822691025fd9"
STAMP     7fac9e4d-21ee-4830-91e6-1e05f3cf93c0 -> driveFileId="7fac9e4d-21ee-4830-91e6-1e05f3cf93c0"
STAMP     81b0bc66-c339-4e0e-a1ab-880920ede4e3 -> driveFileId="81b0bc66-c339-4e0e-a1ab-880920ede4e3"
STAMP     82d38077-d6d9-4755-b797-3654de352da3 -> driveFileId="82d38077-d6d9-4755-b797-3654de352da3"
STAMP     8311b9ad-cce4-4d96-aa4d-ec615a7f7401 -> driveFileId="8311b9ad-cce4-4d96-aa4d-ec615a7f7401"
STAMP     837e0ce9-4525-4258-b0e1-0cf483189f81 -> driveFileId="837e0ce9-4525-4258-b0e1-0cf483189f81"
STAMP     83d15dde-b4c6-4fc0-bf66-047d6d2f7142 -> driveFileId="83d15dde-b4c6-4fc0-bf66-047d6d2f7142"
STAMP     8454f8fa-0904-43b9-a73c-06f41910bc1f -> driveFileId="8454f8fa-0904-43b9-a73c-06f41910bc1f"
STAMP     87bddcb0-5d4a-47f7-a7f2-20a99a17b5fc -> driveFileId="87bddcb0-5d4a-47f7-a7f2-20a99a17b5fc"
STAMP     88088b30-ef2e-41ad-bcd0-5d460377bd63 -> driveFileId="88088b30-ef2e-41ad-bcd0-5d460377bd63"
STAMP     88726e5b-6464-4b0b-948a-f444bcdd005f -> driveFileId="88726e5b-6464-4b0b-948a-f444bcdd005f"
STAMP     89501d6f-d130-4a4a-8c41-2e274b06775c -> driveFileId="89501d6f-d130-4a4a-8c41-2e274b06775c"
STAMP     8a2e0e9c-e453-49e2-a1a9-8e39dd126a4c -> driveFileId="8a2e0e9c-e453-49e2-a1a9-8e39dd126a4c"
STAMP     8adc4ca1-a52f-4e4b-8909-d3d600a49993 -> driveFileId="8adc4ca1-a52f-4e4b-8909-d3d600a49993"
STAMP     8b574308-24ce-4720-916e-98393d1042c9 -> driveFileId="8b574308-24ce-4720-916e-98393d1042c9"
STAMP     8b7d7ef0-66a1-4058-bcab-de63cb10105f -> driveFileId="8b7d7ef0-66a1-4058-bcab-de63cb10105f"
STAMP     8b86ad63-38cc-4412-ad6d-7f194d3cd1e4 -> driveFileId="8b86ad63-38cc-4412-ad6d-7f194d3cd1e4"
STAMP     8e175a22-f23d-4fd2-9d45-8e5c1b797f6c -> driveFileId="8e175a22-f23d-4fd2-9d45-8e5c1b797f6c"
STAMP     8fd11bd4-9d8c-4602-8fbd-7f4451e14c9d -> driveFileId="8fd11bd4-9d8c-4602-8fbd-7f4451e14c9d"
STAMP     9294a143-e27e-4638-afc2-4d3851912420 -> driveFileId="9294a143-e27e-4638-afc2-4d3851912420"
STAMP     938fee53-1e52-4f4a-8846-75090fd132ba -> driveFileId="938fee53-1e52-4f4a-8846-75090fd132ba"
STAMP     979106ff-0de4-4c2f-bb30-bec95c154c72 -> driveFileId="979106ff-0de4-4c2f-bb30-bec95c154c72"
STAMP     98f55ba9-5d00-41b4-ba6a-e1edf7a42a24 -> driveFileId="98f55ba9-5d00-41b4-ba6a-e1edf7a42a24"
STAMP     991ccdfe-940a-4c5b-a1bb-68fc42432682 -> driveFileId="991ccdfe-940a-4c5b-a1bb-68fc42432682"
STAMP     99876430-8fc9-43f6-b41b-ada31937c260 -> driveFileId="99876430-8fc9-43f6-b41b-ada31937c260"
STAMP     9a1ac289-1717-4eb7-8cf4-59c5ced1b82f -> driveFileId="9a1ac289-1717-4eb7-8cf4-59c5ced1b82f"
STAMP     9b6a0ab0-9cdf-4862-94c8-5b63b6b77e6b -> driveFileId="9b6a0ab0-9cdf-4862-94c8-5b63b6b77e6b"
STAMP     9bc6a05a-cb52-45ac-b91e-7bd3c68aef9f -> driveFileId="9bc6a05a-cb52-45ac-b91e-7bd3c68aef9f"
STAMP     9c45f962-5894-44cd-852e-6b84e871067e -> driveFileId="9c45f962-5894-44cd-852e-6b84e871067e"
STAMP     9e9c3ff0-404b-44d1-ae7f-0bc924ae0fd8 -> driveFileId="9e9c3ff0-404b-44d1-ae7f-0bc924ae0fd8"
STAMP     a220002e-3f12-49af-9310-abf3ab0dbe71 -> driveFileId="a220002e-3f12-49af-9310-abf3ab0dbe71"
STAMP     a34e23e9-0bed-4585-ae3e-89af4fc2e53c -> driveFileId="a34e23e9-0bed-4585-ae3e-89af4fc2e53c"
STAMP     a5713e22-a445-4ae8-ae61-9ec45b05c14d -> driveFileId="a5713e22-a445-4ae8-ae61-9ec45b05c14d"
STAMP     a5c6d619-9578-45cc-90da-155a73b57c58 -> driveFileId="a5c6d619-9578-45cc-90da-155a73b57c58"
STAMP     a71c69d3-7967-4a14-8547-abc2d193e28d -> driveFileId="a71c69d3-7967-4a14-8547-abc2d193e28d"
STAMP     a8c83317-b120-4e7e-8590-d33c43519b78 -> driveFileId="a8c83317-b120-4e7e-8590-d33c43519b78"
STAMP     a8d3aa9e-6cf4-4960-9580-416b522255df -> driveFileId="a8d3aa9e-6cf4-4960-9580-416b522255df"
STAMP     a9d07bdd-0591-406c-a4e7-03c3b7cc94b8 -> driveFileId="a9d07bdd-0591-406c-a4e7-03c3b7cc94b8"
STAMP     aa51edfb-c177-4f94-b7a7-8098b8679d1c -> driveFileId="aa51edfb-c177-4f94-b7a7-8098b8679d1c"
STAMP     abd6a2ca-3fc6-46e1-9f51-62946db19ae1 -> driveFileId="abd6a2ca-3fc6-46e1-9f51-62946db19ae1"
STAMP     ac2ab0cd-4a3d-4fe2-99f3-3a2b50e24978 -> driveFileId="ac2ab0cd-4a3d-4fe2-99f3-3a2b50e24978"
STAMP     ad2ceb97-f1d1-416a-acac-f28646bbe5e4 -> driveFileId="ad2ceb97-f1d1-416a-acac-f28646bbe5e4"
STAMP     ad8e4572-c58e-44cc-ae89-b3d898bc5bb9 -> driveFileId="ad8e4572-c58e-44cc-ae89-b3d898bc5bb9"
STAMP     adf52c8e-1bbf-450c-8972-b4ca8b8bea01 -> driveFileId="adf52c8e-1bbf-450c-8972-b4ca8b8bea01"
STAMP     ae83649a-718d-4fc4-ace8-82a9f6c2a400 -> driveFileId="ae83649a-718d-4fc4-ace8-82a9f6c2a400"
STAMP     ae971440-9066-4059-bf27-80c095b28058 -> driveFileId="ae971440-9066-4059-bf27-80c095b28058"
STAMP     b097e578-24cf-42df-b669-05f1580a295e -> driveFileId="b097e578-24cf-42df-b669-05f1580a295e"
STAMP     b20a213e-a12a-4275-bccf-ed48c7492fd7 -> driveFileId="b20a213e-a12a-4275-bccf-ed48c7492fd7"
STAMP     b23501fe-05d4-42c7-9527-42f124dec097 -> driveFileId="b23501fe-05d4-42c7-9527-42f124dec097"
STAMP     b3661947-77a0-4de9-9800-00efe92f7ed0 -> driveFileId="b3661947-77a0-4de9-9800-00efe92f7ed0"
STAMP     b3f1cdba-6e1d-497f-89e2-0b4facf13e0c -> driveFileId="b3f1cdba-6e1d-497f-89e2-0b4facf13e0c"
STAMP     b5084753-96d6-4ec7-a94f-a2a37b17af98 -> driveFileId="b5084753-96d6-4ec7-a94f-a2a37b17af98"
STAMP     b557bab2-5e48-4e83-80f5-a9391e10241f -> driveFileId="b557bab2-5e48-4e83-80f5-a9391e10241f"
STAMP     b5d5aaa3-9556-453a-95ff-be7f84498877 -> driveFileId="b5d5aaa3-9556-453a-95ff-be7f84498877"
STAMP     b60cd3c4-3e50-4449-a115-c068a81cb75e -> driveFileId="b60cd3c4-3e50-4449-a115-c068a81cb75e"
STAMP     b61290eb-8df3-4081-bad0-b4e54ff0112e -> driveFileId="b61290eb-8df3-4081-bad0-b4e54ff0112e"
STAMP     b6c40290-eb24-4461-8c58-947c9f3bf904 -> driveFileId="b6c40290-eb24-4461-8c58-947c9f3bf904"
STAMP     b718c24a-03f5-4743-ae15-74a97245111e -> driveFileId="b718c24a-03f5-4743-ae15-74a97245111e"
STAMP     b836abfb-7be3-44f3-b81c-0382e92be27e -> driveFileId="b836abfb-7be3-44f3-b81c-0382e92be27e"
STAMP     b8860acc-ebbe-4b7e-a668-7aa92a1a7039 -> driveFileId="b8860acc-ebbe-4b7e-a668-7aa92a1a7039"
STAMP     bd71fe2e-65aa-46aa-8674-0fb38c5f12c9 -> driveFileId="bd71fe2e-65aa-46aa-8674-0fb38c5f12c9"
STAMP     bd8e39cd-94d3-4ec3-a2a7-5eb7c2f6eded -> driveFileId="bd8e39cd-94d3-4ec3-a2a7-5eb7c2f6eded"
STAMP     be2df12e-6055-4ab7-9db0-c11515d15c48 -> driveFileId="be2df12e-6055-4ab7-9db0-c11515d15c48"
STAMP     be82b110-a864-41e8-a19e-a0789cd0c437 -> driveFileId="be82b110-a864-41e8-a19e-a0789cd0c437"
STAMP     bea31cf5-59f9-47b9-ac1c-aeecc345a7ed -> driveFileId="bea31cf5-59f9-47b9-ac1c-aeecc345a7ed"
STAMP     bf3b034a-c117-459a-be3d-743f2e2f9b97 -> driveFileId="bf3b034a-c117-459a-be3d-743f2e2f9b97"
STAMP     bf84ee28-7bb7-436e-9ab7-bdb5157a3e06 -> driveFileId="bf84ee28-7bb7-436e-9ab7-bdb5157a3e06"
STAMP     c046a053-6a8a-45d2-8f88-64e35dc830c9 -> driveFileId="c046a053-6a8a-45d2-8f88-64e35dc830c9"
STAMP     c35834ef-23e5-4db5-9db1-f91650d87812 -> driveFileId="c35834ef-23e5-4db5-9db1-f91650d87812"
STAMP     c4761aac-f40d-45b0-a151-94869bcebdb3 -> driveFileId="c4761aac-f40d-45b0-a151-94869bcebdb3"
STAMP     c5452a63-094f-40ce-a24c-bb7077ec0f92 -> driveFileId="c5452a63-094f-40ce-a24c-bb7077ec0f92"
STAMP     c7e91f89-c940-4b30-8162-c5780ccdbcb1 -> driveFileId="c7e91f89-c940-4b30-8162-c5780ccdbcb1"
STAMP     c8392be2-6de4-4f2d-bb87-a9f64012ea01 -> driveFileId="c8392be2-6de4-4f2d-bb87-a9f64012ea01"
STAMP     c98dd389-724e-4ffe-9eb0-8eed621b782b -> driveFileId="c98dd389-724e-4ffe-9eb0-8eed621b782b"
STAMP     c9efe661-9eb8-42fc-89d5-13f026629dc7 -> driveFileId="c9efe661-9eb8-42fc-89d5-13f026629dc7"
STAMP     ccfd3a8e-8e83-448b-948e-96b2cf14401a -> driveFileId="ccfd3a8e-8e83-448b-948e-96b2cf14401a"
STAMP     cf704b73-5f35-45fe-901f-a8b68d4fdc22 -> driveFileId="cf704b73-5f35-45fe-901f-a8b68d4fdc22"
STAMP     d182a8c3-2bba-4a8b-8399-57d640cb2044 -> driveFileId="d182a8c3-2bba-4a8b-8399-57d640cb2044"
STAMP     d1ccd776-0d8b-4860-8958-d8a9b0a5c254 -> driveFileId="d1ccd776-0d8b-4860-8958-d8a9b0a5c254"
STAMP     d22779d6-bd3f-436c-8d5a-cc6daa3d92e6 -> driveFileId="d22779d6-bd3f-436c-8d5a-cc6daa3d92e6"
STAMP     d2ba8f16-9eeb-49a0-b0b1-372065bc17be -> driveFileId="d2ba8f16-9eeb-49a0-b0b1-372065bc17be"
STAMP     d4385faa-e668-4a49-9a3b-b357a2933c49 -> driveFileId="d4385faa-e668-4a49-9a3b-b357a2933c49"
STAMP     d56ad543-bac7-4fb9-825f-b9ceb8efd4cc -> driveFileId="d56ad543-bac7-4fb9-825f-b9ceb8efd4cc"
STAMP     d5899a90-cff2-4128-9d46-92f478bd9ced -> driveFileId="d5899a90-cff2-4128-9d46-92f478bd9ced"
STAMP     d5e81756-3b00-400e-9e5a-03a865e15fd6 -> driveFileId="d5e81756-3b00-400e-9e5a-03a865e15fd6"
STAMP     d600ce2c-61d5-4a38-8508-e819e1a2b140 -> driveFileId="d600ce2c-61d5-4a38-8508-e819e1a2b140"
STAMP     d630644f-befe-4991-862f-8cb0d9bcb68f -> driveFileId="d630644f-befe-4991-862f-8cb0d9bcb68f"
STAMP     d74c9faf-ccd2-47e3-a5bf-efbf6e153b9a -> driveFileId="d74c9faf-ccd2-47e3-a5bf-efbf6e153b9a"
STAMP     da5ef9be-c840-42c8-aedc-4065cbe3e2d9 -> driveFileId="da5ef9be-c840-42c8-aedc-4065cbe3e2d9"
STAMP     da7f973d-c7e6-4cdc-9581-046a0dce2cf0 -> driveFileId="da7f973d-c7e6-4cdc-9581-046a0dce2cf0"
STAMP     da949a70-a1d1-45ba-9406-161c634e0585 -> driveFileId="da949a70-a1d1-45ba-9406-161c634e0585"
STAMP     db332014-1948-4445-9cb5-f983b24f9a27 -> driveFileId="db332014-1948-4445-9cb5-f983b24f9a27"
STAMP     dc3389ab-af69-42ac-ba08-e2f13c3d343f -> driveFileId="dc3389ab-af69-42ac-ba08-e2f13c3d343f"
STAMP     dc4fb084-3b23-4481-8353-efc8bbafdb3d -> driveFileId="dc4fb084-3b23-4481-8353-efc8bbafdb3d"
STAMP     dcacad1e-5f4b-4d03-b221-58692b1b8d1e -> driveFileId="dcacad1e-5f4b-4d03-b221-58692b1b8d1e"
STAMP     ddc758b3-2e1f-46df-853a-153d2a920c68 -> driveFileId="ddc758b3-2e1f-46df-853a-153d2a920c68"
STAMP     df306e1c-5687-4031-893c-32de03310bc8 -> driveFileId="df306e1c-5687-4031-893c-32de03310bc8"
STAMP     e0d2d8d8-86a4-4692-b70f-404e2f911fd6 -> driveFileId="e0d2d8d8-86a4-4692-b70f-404e2f911fd6"
STAMP     e14dd153-549a-4803-b484-37ccedabffa1 -> driveFileId="e14dd153-549a-4803-b484-37ccedabffa1"
STAMP     e16dbb6e-9b17-4518-978f-bc32de99fa39 -> driveFileId="e16dbb6e-9b17-4518-978f-bc32de99fa39"
STAMP     e36d7e15-6c9b-4f1f-98ec-e0683bfea7cc -> driveFileId="e36d7e15-6c9b-4f1f-98ec-e0683bfea7cc"
STAMP     e3708fd4-7182-4b11-ac84-d6e0ebd9e661 -> driveFileId="e3708fd4-7182-4b11-ac84-d6e0ebd9e661"
STAMP     e48e03d1-6c4b-4656-be2c-a5527ac516a2 -> driveFileId="e48e03d1-6c4b-4656-be2c-a5527ac516a2"
STAMP     e50241ed-5c6e-4616-84ae-df9f9abda905 -> driveFileId="e50241ed-5c6e-4616-84ae-df9f9abda905"
STAMP     e51ba89e-a687-407f-bb32-992173dfd65f -> driveFileId="e51ba89e-a687-407f-bb32-992173dfd65f"
STAMP     e54ff293-2e3a-41c1-ac1e-079bdb1c31d4 -> driveFileId="e54ff293-2e3a-41c1-ac1e-079bdb1c31d4"
STAMP     e8f1b65c-1571-4303-bb2f-f3d180419583 -> driveFileId="e8f1b65c-1571-4303-bb2f-f3d180419583"
STAMP     ec4d7894-8dfa-4ea4-bff0-a36d43451ac3 -> driveFileId="ec4d7894-8dfa-4ea4-bff0-a36d43451ac3"
STAMP     ed609fc6-d1da-40e1-8f6b-b389ab5ce6a1 -> driveFileId="ed609fc6-d1da-40e1-8f6b-b389ab5ce6a1"
STAMP     ed77e409-a4fc-4518-82e2-4b9a71a9cde5 -> driveFileId="ed77e409-a4fc-4518-82e2-4b9a71a9cde5"
STAMP     edc49352-b032-4967-8ac4-c76ef3cf0beb -> driveFileId="edc49352-b032-4967-8ac4-c76ef3cf0beb"
STAMP     ee2b1395-b9ce-4fcb-85b5-ed0d8bb9e067 -> driveFileId="ee2b1395-b9ce-4fcb-85b5-ed0d8bb9e067"
STAMP     f1015c5a-b953-4511-9378-141c155e3f91 -> driveFileId="f1015c5a-b953-4511-9378-141c155e3f91"
STAMP     f1168454-effb-4a7e-943b-23ed1b8b78a8 -> driveFileId="f1168454-effb-4a7e-943b-23ed1b8b78a8"
STAMP     f1600ae6-d7bb-4076-ba42-1a3e5e24c112 -> driveFileId="f1600ae6-d7bb-4076-ba42-1a3e5e24c112"
STAMP     f173a88d-64e8-4af2-9abc-ca7c7e662797 -> driveFileId="f173a88d-64e8-4af2-9abc-ca7c7e662797"
STAMP     f19400b3-dfed-43da-b957-566517cccb75 -> driveFileId="f19400b3-dfed-43da-b957-566517cccb75"
STAMP     f270dee3-fc29-4047-ac9c-0e3dcb998126 -> driveFileId="f270dee3-fc29-4047-ac9c-0e3dcb998126"
STAMP     f34bf3e8-f306-4945-b212-e2dab83b7b8d -> driveFileId="f34bf3e8-f306-4945-b212-e2dab83b7b8d"
STAMP     f3533786-9922-4b85-a6a3-5e7651237d78 -> driveFileId="f3533786-9922-4b85-a6a3-5e7651237d78"
STAMP     f462cfc0-6f29-4460-9422-071c07b6c717 -> driveFileId="f462cfc0-6f29-4460-9422-071c07b6c717"
STAMP     f4e8fd6c-06e2-4b65-afe5-756698b8d678 -> driveFileId="f4e8fd6c-06e2-4b65-afe5-756698b8d678"
STAMP     f4fd95a8-6d2e-4477-bf70-ff83f5ade912 -> driveFileId="f4fd95a8-6d2e-4477-bf70-ff83f5ade912"
STAMP     f719b0dd-1662-4c70-9142-f1e99e580487 -> driveFileId="f719b0dd-1662-4c70-9142-f1e99e580487"
STAMP     f8f97785-c7b0-4a1a-8015-b6ef108a7939 -> driveFileId="f8f97785-c7b0-4a1a-8015-b6ef108a7939"
STAMP     f9921a95-cab9-4b2b-9869-a024cfc21e2b -> driveFileId="f9921a95-cab9-4b2b-9869-a024cfc21e2b"
STAMP     fa1f678c-9f4d-4cd8-8e4e-897278c4840f -> driveFileId="fa1f678c-9f4d-4cd8-8e4e-897278c4840f"
STAMP     fa8d38f9-cf6a-4349-9c2b-d514ca42fc2f -> driveFileId="fa8d38f9-cf6a-4349-9c2b-d514ca42fc2f"
STAMP     fb0c1ad8-f068-47fe-a61a-aa8f6f2cc607 -> driveFileId="fb0c1ad8-f068-47fe-a61a-aa8f6f2cc607"
STAMP     fb29fdcb-6db1-44a8-8df1-e76aaeae5475 -> driveFileId="fb29fdcb-6db1-44a8-8df1-e76aaeae5475"
STAMP     fbf15797-3d74-4397-86c4-931b16a334cf -> driveFileId="fbf15797-3d74-4397-86c4-931b16a334cf"
STAMP     fcc1c2fe-358e-43ec-b39f-bfa84ba1b6e2 -> driveFileId="fcc1c2fe-358e-43ec-b39f-bfa84ba1b6e2"
STAMP     fcdeef79-f662-4ac6-aa94-bdf74511ac2c -> driveFileId="fcdeef79-f662-4ac6-aa94-bdf74511ac2c"
STAMP     fe495975-d73d-43ca-ba6c-2a16b2702bdf -> driveFileId="fe495975-d73d-43ca-ba6c-2a16b2702bdf"

=== Summary ===
  mode:              dry-run
  scanned:           625
  driveShapeMatched: 554
  alreadyStamped:    2
  wouldUpdate:       552
  mismatched:        0
  skippedUploadShape:71
{
  "summary": {
    "mode": "dry-run",
    "startedAt": "2026-05-25T03:29:31.278Z",
    "projectId": "crcmusiccharts",
    "scanned": 625,
    "driveShapeMatched": 554,
    "alreadyStamped": 2,
    "wouldUpdate": 552,
    "updated": 0,
    "mismatched": 0,
    "skippedUploadShape": 71,
    "writeErrors": 0
  },
  "records": [
    {
      "docId": "000cc80a-9c65-4b55-929e-c9ca1f6737c3",
      "action": "would-stamp",
      "driveFileId": "000cc80a-9c65-4b55-929e-c9ca1f6737c3"
    },
    {
      "docId": "012dd661-f451-444c-88fb-11d589028908",
      "action": "would-stamp",
      "driveFileId": "012dd661-f451-444c-88fb-11d589028908"
    },
    {
      "docId": "0281c548-8aea-48c9-8991-98cb381b3f3a",
      "action": "would-stamp",
      "driveFileId": "0281c548-8aea-48c9-8991-98cb381b3f3a"
    },
    {
      "docId": "055bf376-f545-45f9-9f40-da81544b312f",
      "action": "would-stamp",
      "driveFileId": "055bf376-f545-45f9-9f40-da81544b312f"
    },
    {
      "docId": "07478587-664a-4153-8a82-c35364f4ec12",
      "action": "would-stamp",
      "driveFileId": "07478587-664a-4153-8a82-c35364f4ec12"
    },
    {
      "docId": "077a95a9-da4a-4703-97c5-77c6bebeb5f6",
      "action": "would-stamp",
      "driveFileId": "077a95a9-da4a-4703-97c5-77c6bebeb5f6"
    },
    {
      "docId": "0afb3e5a-9554-43e2-b6e4-bf3b4470ca68",
      "action": "would-stamp",
      "driveFileId": "0afb3e5a-9554-43e2-b6e4-bf3b4470ca68"
    },
    {
      "docId": "0b478d9a-f544-4e77-8657-a3c70af76d86",
      "action": "would-stamp",
      "driveFileId": "0b478d9a-f544-4e77-8657-a3c70af76d86"
    },
    {
      "docId": "0ca658e4-c2e0-43df-9888-a7f2d536710a",
      "action": "would-stamp",
      "driveFileId": "0ca658e4-c2e0-43df-9888-a7f2d536710a"
    },
    {
      "docId": "0eb186b2-9146-46c6-8615-ed971085bad1",
      "action": "would-stamp",
      "driveFileId": "0eb186b2-9146-46c6-8615-ed971085bad1"
    },
    {
      "docId": "1-7s6O5YGk5noWiVhtktHwpr7SHOq8_09",
      "action": "would-stamp",
      "driveFileId": "1-7s6O5YGk5noWiVhtktHwpr7SHOq8_09"
    },
    {
      "docId": "1-GuL3x3yXCj4CpUieKyqriSYLIewYBW8",
      "action": "would-stamp",
      "driveFileId": "1-GuL3x3yXCj4CpUieKyqriSYLIewYBW8"
    },
    {
      "docId": "1-NNEkYLm4R7PJ7ttd1HVVQ55FYqps5fT",
      "action": "would-stamp",
      "driveFileId": "1-NNEkYLm4R7PJ7ttd1HVVQ55FYqps5fT"
    },
    {
      "docId": "1-aabMnNguIMwqICh3Yd5OOESSsX1YD1H",
      "action": "would-stamp",
      "driveFileId": "1-aabMnNguIMwqICh3Yd5OOESSsX1YD1H"
    },
    {
      "docId": "1-nZdkk3WmzecIti5rgOKG5Km7kditRSP",
      "action": "would-stamp",
      "driveFileId": "1-nZdkk3WmzecIti5rgOKG5Km7kditRSP"
    },
    {
      "docId": "1-utmHPjawkoiudZ9pjm5fLMCBoSDLgUU",
      "action": "would-stamp",
      "driveFileId": "1-utmHPjawkoiudZ9pjm5fLMCBoSDLgUU"
    },
    {
      "docId": "109L_MNigAZlIcxOJDVGu-mR1cPEWVDvH",
      "action": "would-stamp",
      "driveFileId": "109L_MNigAZlIcxOJDVGu-mR1cPEWVDvH"
    },
    {
      "docId": "10K2pRG64Mph8DzVOw11I2Pvxsg3LxCLf",
      "action": "would-stamp",
      "driveFileId": "10K2pRG64Mph8DzVOw11I2Pvxsg3LxCLf"
    },
    {
      "docId": "10_OkoTpn-27dVH3IEwtJXeC3L4rJsSs0",
      "action": "would-stamp",
      "driveFileId": "10_OkoTpn-27dVH3IEwtJXeC3L4rJsSs0"
    },
    {
      "docId": "10f54MTtUltfX4lm7YcxoV9MeXxtDXUWZ",
      "action": "would-stamp",
      "driveFileId": "10f54MTtUltfX4lm7YcxoV9MeXxtDXUWZ"
    },
    {
      "docId": "10i20SEfzKTvGJ5tqWfPScip78eXszCHH",
      "action": "would-stamp",
      "driveFileId": "10i20SEfzKTvGJ5tqWfPScip78eXszCHH"
    },
    {
      "docId": "10z53rDn8ZRw_m5esW54nbxBEjPTNIjp5",
      "action": "would-stamp",
      "driveFileId": "10z53rDn8ZRw_m5esW54nbxBEjPTNIjp5"
    },
    {
      "docId": "113D2wnFt1K9Vqgmp5pFn8wK6lnLEFwRL",
      "action": "would-stamp",
      "driveFileId": "113D2wnFt1K9Vqgmp5pFn8wK6lnLEFwRL"
    },
    {
      "docId": "11985wRgE09raY4usgF5Y6lIErTyoKKch",
      "action": "would-stamp",
      "driveFileId": "11985wRgE09raY4usgF5Y6lIErTyoKKch"
    },
    {
      "docId": "11bYBh-IiVb4eUxFythxUBdhfmbfZCiHY",
      "action": "would-stamp",
      "driveFileId": "11bYBh-IiVb4eUxFythxUBdhfmbfZCiHY"
    },
    {
      "docId": "11hnNdTgFcqqmK1ExZYEeM3HqqHLfC28y",
      "action": "would-stamp",
      "driveFileId": "11hnNdTgFcqqmK1ExZYEeM3HqqHLfC28y"
    },
    {
      "docId": "11vAgPi9J45X2b_MLc9SuqnNbKr_U2ePZ",
      "action": "would-stamp",
      "driveFileId": "11vAgPi9J45X2b_MLc9SuqnNbKr_U2ePZ"
    },
    {
      "docId": "11w4r08HnXYR-eRFzcMIs-ud4k1Ut1jwB",
      "action": "would-stamp",
      "driveFileId": "11w4r08HnXYR-eRFzcMIs-ud4k1Ut1jwB"
    },
    {
      "docId": "129d7632-3954-45e0-9085-cf52d204d6cd",
      "action": "would-stamp",
      "driveFileId": "129d7632-3954-45e0-9085-cf52d204d6cd"
    },
    {
      "docId": "12JfLCHytM5q59btBQ05sz-V_SurQmUoT",
      "action": "would-stamp",
      "driveFileId": "12JfLCHytM5q59btBQ05sz-V_SurQmUoT"
    },
    {
      "docId": "12Q_6mN94HnSFNcDsHZtvzXX2TqXm9sqh",
      "action": "would-stamp",
      "driveFileId": "12Q_6mN94HnSFNcDsHZtvzXX2TqXm9sqh"
    },
    {
      "docId": "12a55b49-215d-49dd-87a8-f3fb695ee088",
      "action": "would-stamp",
      "driveFileId": "12a55b49-215d-49dd-87a8-f3fb695ee088"
    },
    {
      "docId": "12if9gHg88ZqNMZjmLG1UH57GSriTHzqF",
      "action": "would-stamp",
      "driveFileId": "12if9gHg88ZqNMZjmLG1UH57GSriTHzqF"
    },
    {
      "docId": "12jOqCRu1d3CMEqEXhIlvtH6fISPb8_kU",
      "action": "would-stamp",
      "driveFileId": "12jOqCRu1d3CMEqEXhIlvtH6fISPb8_kU"
    },
    {
      "docId": "139f1251-1373-409e-8fc7-4c447f7c7f92",
      "action": "would-stamp",
      "driveFileId": "139f1251-1373-409e-8fc7-4c447f7c7f92"
    },
    {
      "docId": "139wiZLQyzIVrwfjapGdfhzHHeZR7eiNk",
      "action": "would-stamp",
      "driveFileId": "139wiZLQyzIVrwfjapGdfhzHHeZR7eiNk"
    },
    {
      "docId": "13aYPTWGNeCpbOFk4CjccIWKvADcRvCNg",
      "action": "would-stamp",
      "driveFileId": "13aYPTWGNeCpbOFk4CjccIWKvADcRvCNg"
    },
    {
      "docId": "13c6fcba-7b42-44f6-8582-581194e2431d",
      "action": "would-stamp",
      "driveFileId": "13c6fcba-7b42-44f6-8582-581194e2431d"
    },
    {
      "docId": "13ddc1bb-07e4-480a-bf24-5ee5ed22af6f",
      "action": "would-stamp",
      "driveFileId": "13ddc1bb-07e4-480a-bf24-5ee5ed22af6f"
    },
    {
      "docId": "13xN_EFxJ0igz9oYROL_DGx-hj6cvbGOy",
      "action": "would-stamp",
      "driveFileId": "13xN_EFxJ0igz9oYROL_DGx-hj6cvbGOy"
    },
    {
      "docId": "14SMDmqaXkzSH_pAKYQ86cekbY7Doelfm",
      "action": "would-stamp",
      "driveFileId": "14SMDmqaXkzSH_pAKYQ86cekbY7Doelfm"
    },
    {
      "docId": "14vROgFHB9FPTgTE0su4ALy8Pno0L5o9UkX4DkzMK5zk",
      "action": "would-stamp",
      "driveFileId": "14vROgFHB9FPTgTE0su4ALy8Pno0L5o9UkX4DkzMK5zk"
    },
    {
      "docId": "15AghrjXqcoP12z70OGcZ7pY0EU8t7OBm",
      "action": "would-stamp",
      "driveFileId": "15AghrjXqcoP12z70OGcZ7pY0EU8t7OBm"
    },
    {
      "docId": "15JPaQTkyZckMCXWNuc0qQ6DWSiK1NBGJ",
      "action": "would-stamp",
      "driveFileId": "15JPaQTkyZckMCXWNuc0qQ6DWSiK1NBGJ"
    },
    {
      "docId": "15VGnxYtiSEEV_LfXc-oddi_fXCRaD7wK",
      "action": "would-stamp",
      "driveFileId": "15VGnxYtiSEEV_LfXc-oddi_fXCRaD7wK"
    },
    {
      "docId": "16hgfPydSNfbuAbTMWVRncQCJkwlxlMDB",
      "action": "would-stamp",
      "driveFileId": "16hgfPydSNfbuAbTMWVRncQCJkwlxlMDB"
    },
    {
      "docId": "173N8yeP19xEqNcofAbj0ZOnMK9pA7bGp",
      "action": "would-stamp",
      "driveFileId": "173N8yeP19xEqNcofAbj0ZOnMK9pA7bGp"
    },
    {
      "docId": "17989ffb-a13a-47b4-b17e-df8212b14f92",
      "action": "would-stamp",
      "driveFileId": "17989ffb-a13a-47b4-b17e-df8212b14f92"
    },
    {
      "docId": "17AVgm1u0g862bhM8WnvvL54hc3tthymc",
      "action": "would-stamp",
      "driveFileId": "17AVgm1u0g862bhM8WnvvL54hc3tthymc"
    },
    {
      "docId": "17TDzffOQT4ohO2p7yQCudUTYbj1tRg28",
      "action": "already-stamped"
    },
    {
      "docId": "17WKpAjPPT6E8D2VpRgiwNEy9V48BtwhR",
      "action": "would-stamp",
      "driveFileId": "17WKpAjPPT6E8D2VpRgiwNEy9V48BtwhR"
    },
    {
      "docId": "17YFbGz0YNvC1o-K1VKRrqgZGae-WMsbg",
      "action": "would-stamp",
      "driveFileId": "17YFbGz0YNvC1o-K1VKRrqgZGae-WMsbg"
    },
    {
      "docId": "18TFm0ba9AzJ5kdyQQyNqbtRw-RdqBk_-",
      "action": "would-stamp",
      "driveFileId": "18TFm0ba9AzJ5kdyQQyNqbtRw-RdqBk_-"
    },
    {
      "docId": "18ip_oBzFOZmb6qwYHcHUerGvKlWLS9ZU",
      "action": "would-stamp",
      "driveFileId": "18ip_oBzFOZmb6qwYHcHUerGvKlWLS9ZU"
    },
    {
      "docId": "193e1533-9952-4fad-a4c0-7cdcfb508ba0",
      "action": "would-stamp",
      "driveFileId": "193e1533-9952-4fad-a4c0-7cdcfb508ba0"
    },
    {
      "docId": "198fc291-2b1f-46db-8e84-b0c7e19b3c8c",
      "action": "would-stamp",
      "driveFileId": "198fc291-2b1f-46db-8e84-b0c7e19b3c8c"
    },
    {
      "docId": "19E8aTettqSQO1ZVtVhXCPfUJw1dw0f3G",
      "action": "would-stamp",
      "driveFileId": "19E8aTettqSQO1ZVtVhXCPfUJw1dw0f3G"
    },
    {
      "docId": "19FuqP-rbkufIUdAVCGMbXLuvDJKnicZM",
      "action": "would-stamp",
      "driveFileId": "19FuqP-rbkufIUdAVCGMbXLuvDJKnicZM"
    },
    {
      "docId": "19HZjTlXx_pXGMy3VV5k-o71vIB6amI9S",
      "action": "would-stamp",
      "driveFileId": "19HZjTlXx_pXGMy3VV5k-o71vIB6amI9S"
    },
    {
      "docId": "19JE0aPISEwHYTC5RtieFX1EOVdYTP-yV",
      "action": "would-stamp",
      "driveFileId": "19JE0aPISEwHYTC5RtieFX1EOVdYTP-yV"
    },
    {
      "docId": "19W6W99B9smYQqqZEtU2fYUTLvrV4HjDG",
      "action": "would-stamp",
      "driveFileId": "19W6W99B9smYQqqZEtU2fYUTLvrV4HjDG"
    },
    {
      "docId": "19XVik7nlDmoUr8CcBJbjDsecLuqInQ_Z",
      "action": "would-stamp",
      "driveFileId": "19XVik7nlDmoUr8CcBJbjDsecLuqInQ_Z"
    },
    {
      "docId": "19aJQKD1H868a8tDZFphNLPh_rH4tFwLN",
      "action": "would-stamp",
      "driveFileId": "19aJQKD1H868a8tDZFphNLPh_rH4tFwLN"
    },
    {
      "docId": "19bFqLwp-TX_T3xlnV78DoMj3U80FsehP",
      "action": "would-stamp",
      "driveFileId": "19bFqLwp-TX_T3xlnV78DoMj3U80FsehP"
    },
    {
      "docId": "19pHyy-g7WN48xqh6IEtRSWpqBQCkWftP",
      "action": "would-stamp",
      "driveFileId": "19pHyy-g7WN48xqh6IEtRSWpqBQCkWftP"
    },
    {
      "docId": "1AFK0Bydf8HZC2EOKbirdssqAS-52JBtr",
      "action": "would-stamp",
      "driveFileId": "1AFK0Bydf8HZC2EOKbirdssqAS-52JBtr"
    },
    {
      "docId": "1AIwCXDw1mGHm_uhaoJfbpkri-ibzOLI4",
      "action": "would-stamp",
      "driveFileId": "1AIwCXDw1mGHm_uhaoJfbpkri-ibzOLI4"
    },
    {
      "docId": "1ARw4lnY2SdZO2ka7aj-rkxkdP_iEWm37",
      "action": "would-stamp",
      "driveFileId": "1ARw4lnY2SdZO2ka7aj-rkxkdP_iEWm37"
    },
    {
      "docId": "1AZumqP1QVsv_1AQRi6DeO4RfBcP5mlkg",
      "action": "would-stamp",
      "driveFileId": "1AZumqP1QVsv_1AQRi6DeO4RfBcP5mlkg"
    },
    {
      "docId": "1BLARziE-ImWCPWDoU8utX5Cu7Jm4mxxJ",
      "action": "would-stamp",
      "driveFileId": "1BLARziE-ImWCPWDoU8utX5Cu7Jm4mxxJ"
    },
    {
      "docId": "1BLrzro7SQrZVdapxuo0I_vSv-KpeXbLp",
      "action": "would-stamp",
      "driveFileId": "1BLrzro7SQrZVdapxuo0I_vSv-KpeXbLp"
    },
    {
      "docId": "1BQ-zjhN7hoUCooF02Z1mawgtMZJ_EfEM",
      "action": "would-stamp",
      "driveFileId": "1BQ-zjhN7hoUCooF02Z1mawgtMZJ_EfEM"
    },
    {
      "docId": "1BfI_rzgNRfVwjDAD2ynhXkUW257MumjT",
      "action": "would-stamp",
      "driveFileId": "1BfI_rzgNRfVwjDAD2ynhXkUW257MumjT"
    },
    {
      "docId": "1BfwOSMZIDkTfRrjMDRBpz8B9qAZAdJh9",
      "action": "would-stamp",
      "driveFileId": "1BfwOSMZIDkTfRrjMDRBpz8B9qAZAdJh9"
    },
    {
      "docId": "1BlUWuZh0eWe6BLpBYjJLpY1VJXyiISHr",
      "action": "would-stamp",
      "driveFileId": "1BlUWuZh0eWe6BLpBYjJLpY1VJXyiISHr"
    },
    {
      "docId": "1Bquaq3tlSoRAovWcCkynShUuepgEgYZ_",
      "action": "would-stamp",
      "driveFileId": "1Bquaq3tlSoRAovWcCkynShUuepgEgYZ_"
    },
    {
      "docId": "1CKCIpT3q8q4257D2i6klXsRl8GFWpJee",
      "action": "would-stamp",
      "driveFileId": "1CKCIpT3q8q4257D2i6klXsRl8GFWpJee"
    },
    {
      "docId": "1Cw69wE2-8eUViZ6ID66nULfNVDVU_est",
      "action": "would-stamp",
      "driveFileId": "1Cw69wE2-8eUViZ6ID66nULfNVDVU_est"
    },
    {
      "docId": "1CwH1LALn4s3bDRyyRQvLlLnbc6j7zhXH",
      "action": "would-stamp",
      "driveFileId": "1CwH1LALn4s3bDRyyRQvLlLnbc6j7zhXH"
    },
    {
      "docId": "1D-rUMfhk4pinIQX97bYMi_rsKaNoS9s4",
      "action": "would-stamp",
      "driveFileId": "1D-rUMfhk4pinIQX97bYMi_rsKaNoS9s4"
    },
    {
      "docId": "1D08wPsT5Fk5nm-uXW9tHf50BvccX5gu3",
      "action": "would-stamp",
      "driveFileId": "1D08wPsT5Fk5nm-uXW9tHf50BvccX5gu3"
    },
    {
      "docId": "1DF0UOysVOpGEGkSswU3FwEvjU_lcRm5_",
      "action": "would-stamp",
      "driveFileId": "1DF0UOysVOpGEGkSswU3FwEvjU_lcRm5_"
    },
    {
      "docId": "1DYQ4IZXCMjtCIzxCD2lkLEofO5q-sf6r",
      "action": "would-stamp",
      "driveFileId": "1DYQ4IZXCMjtCIzxCD2lkLEofO5q-sf6r"
    },
    {
      "docId": "1D_ERo9369UkNlZGO3FLYhYPatkY2m4Jm",
      "action": "would-stamp",
      "driveFileId": "1D_ERo9369UkNlZGO3FLYhYPatkY2m4Jm"
    },
    {
      "docId": "1DclXj1fcg3VTtf82HECzbk51-3GeowPH",
      "action": "would-stamp",
      "driveFileId": "1DclXj1fcg3VTtf82HECzbk51-3GeowPH"
    },
    {
      "docId": "1DeiuwNlb8i8nwz3vUwaXdiNIICSdPgTt",
      "action": "would-stamp",
      "driveFileId": "1DeiuwNlb8i8nwz3vUwaXdiNIICSdPgTt"
    },
    {
      "docId": "1DiSbHUzzXGAAl3je1g40Q-pEM2rR3laa",
      "action": "would-stamp",
      "driveFileId": "1DiSbHUzzXGAAl3je1g40Q-pEM2rR3laa"
    },
    {
      "docId": "1DncwbDd_B0LnGRNRmBQCG6D4_7MoV1nI",
      "action": "would-stamp",
      "driveFileId": "1DncwbDd_B0LnGRNRmBQCG6D4_7MoV1nI"
    },
    {
      "docId": "1Dx-47EpIUtGvo15ItMA_Imb6IijHC6uM",
      "action": "would-stamp",
      "driveFileId": "1Dx-47EpIUtGvo15ItMA_Imb6IijHC6uM"
    },
    {
      "docId": "1EPzxHjEkvvHnIQm7L98X4hl8DvuJFHQh",
      "action": "would-stamp",
      "driveFileId": "1EPzxHjEkvvHnIQm7L98X4hl8DvuJFHQh"
    },
    {
      "docId": "1Eas8fNP2KqWkqnSXrrE9mB74xwA962-7",
      "action": "would-stamp",
      "driveFileId": "1Eas8fNP2KqWkqnSXrrE9mB74xwA962-7"
    },
    {
      "docId": "1EhNYnQc4YBzD_vtTZRunaNW2dhS57E0s",
      "action": "would-stamp",
      "driveFileId": "1EhNYnQc4YBzD_vtTZRunaNW2dhS57E0s"
    },
    {
      "docId": "1EiJJKn3ZmsWnXVYiEjMHQmR17t0ByDbG",
      "action": "would-stamp",
      "driveFileId": "1EiJJKn3ZmsWnXVYiEjMHQmR17t0ByDbG"
    },
    {
      "docId": "1EppZUInFMrBcjl9nU9p-5d7sCJYO6gfz",
      "action": "would-stamp",
      "driveFileId": "1EppZUInFMrBcjl9nU9p-5d7sCJYO6gfz"
    },
    {
      "docId": "1Et48zTFQny12HjkFv25Wz7L7-wAqvZmg",
      "action": "would-stamp",
      "driveFileId": "1Et48zTFQny12HjkFv25Wz7L7-wAqvZmg"
    },
    {
      "docId": "1Exi_bsvw4nK0AUkW12bGwJ2WzZ-B5cS0",
      "action": "would-stamp",
      "driveFileId": "1Exi_bsvw4nK0AUkW12bGwJ2WzZ-B5cS0"
    },
    {
      "docId": "1FGzPfLlSH3fzQtHAht3SfRoWLUFWICl1",
      "action": "would-stamp",
      "driveFileId": "1FGzPfLlSH3fzQtHAht3SfRoWLUFWICl1"
    },
    {
      "docId": "1FNvv9UToD9t1k4FqXhWPzb50naHZfo-T",
      "action": "would-stamp",
      "driveFileId": "1FNvv9UToD9t1k4FqXhWPzb50naHZfo-T"
    },
    {
      "docId": "1FZw5QmsYPhe2hNLnAz8CWD1yN0lruOXP",
      "action": "would-stamp",
      "driveFileId": "1FZw5QmsYPhe2hNLnAz8CWD1yN0lruOXP"
    },
    {
      "docId": "1FsZhGl3bxWja_KLVAliZb2hHg88JBcw3",
      "action": "would-stamp",
      "driveFileId": "1FsZhGl3bxWja_KLVAliZb2hHg88JBcw3"
    },
    {
      "docId": "1G4DJBRKB_DwZXJ7yqeQVkRR-5-R7EvU9",
      "action": "would-stamp",
      "driveFileId": "1G4DJBRKB_DwZXJ7yqeQVkRR-5-R7EvU9"
    },
    {
      "docId": "1G4kvrAslYsUezK2fy696w8XUt3T-zEjR",
      "action": "would-stamp",
      "driveFileId": "1G4kvrAslYsUezK2fy696w8XUt3T-zEjR"
    },
    {
      "docId": "1G4mI5dUgORJlwew8HnndtuORNLq89SgYXpQLYPJV12E",
      "action": "would-stamp",
      "driveFileId": "1G4mI5dUgORJlwew8HnndtuORNLq89SgYXpQLYPJV12E"
    },
    {
      "docId": "1G90XvxjphRA3ZenORmcO1P3FDUQJQNjugwN4D5aDb4s",
      "action": "would-stamp",
      "driveFileId": "1G90XvxjphRA3ZenORmcO1P3FDUQJQNjugwN4D5aDb4s"
    },
    {
      "docId": "1GOBhTkfPUz1vg_dgbnwS7eNDNdPkRcCA",
      "action": "would-stamp",
      "driveFileId": "1GOBhTkfPUz1vg_dgbnwS7eNDNdPkRcCA"
    },
    {
      "docId": "1GU2wRegmUYj-jSqRpTBv2xV9Ywx7OrgAEn2_UyXjTdc",
      "action": "would-stamp",
      "driveFileId": "1GU2wRegmUYj-jSqRpTBv2xV9Ywx7OrgAEn2_UyXjTdc"
    },
    {
      "docId": "1GpH741dvm8j8CQOPzHPE0w9b_7Sl2q6X",
      "action": "would-stamp",
      "driveFileId": "1GpH741dvm8j8CQOPzHPE0w9b_7Sl2q6X"
    },
    {
      "docId": "1Gtp4pR3MGaRK7ZjjX4Rtmjg2anfvoEsN",
      "action": "would-stamp",
      "driveFileId": "1Gtp4pR3MGaRK7ZjjX4Rtmjg2anfvoEsN"
    },
    {
      "docId": "1H9292Q0XH0-lmNf0sso3vpKhqdONpuAhsyMj2yIGIwg",
      "action": "would-stamp",
      "driveFileId": "1H9292Q0XH0-lmNf0sso3vpKhqdONpuAhsyMj2yIGIwg"
    },
    {
      "docId": "1HDRDxBLX7Rj41qF1LDcDAdi2cmPYOAQ96xj8IXB9GvA",
      "action": "would-stamp",
      "driveFileId": "1HDRDxBLX7Rj41qF1LDcDAdi2cmPYOAQ96xj8IXB9GvA"
    },
    {
      "docId": "1HVCUZLeCu2_W3G3hMDwYxXd7o519rlcO",
      "action": "would-stamp",
      "driveFileId": "1HVCUZLeCu2_W3G3hMDwYxXd7o519rlcO"
    },
    {
      "docId": "1HmJ7mu9qYx6eGVaJcg88Hklsei7bnjcAR-ZYmjkgfbU",
      "action": "would-stamp",
      "driveFileId": "1HmJ7mu9qYx6eGVaJcg88Hklsei7bnjcAR-ZYmjkgfbU"
    },
    {
      "docId": "1Ho4zPDwCihy2HOt7f7MuVRMMLbFMLWYR",
      "action": "would-stamp",
      "driveFileId": "1Ho4zPDwCihy2HOt7f7MuVRMMLbFMLWYR"
    },
    {
      "docId": "1Hq-7tDIFY0C7NbCgDR6zZC1rlkib3xOQ",
      "action": "would-stamp",
      "driveFileId": "1Hq-7tDIFY0C7NbCgDR6zZC1rlkib3xOQ"
    },
    {
      "docId": "1ITxhruZY56v3j96hnqsk7YJ32-0coLcZ",
      "action": "would-stamp",
      "driveFileId": "1ITxhruZY56v3j96hnqsk7YJ32-0coLcZ"
    },
    {
      "docId": "1IpxlOczNDtSg6GMI5cY4nrM2vBEAIiBy",
      "action": "would-stamp",
      "driveFileId": "1IpxlOczNDtSg6GMI5cY4nrM2vBEAIiBy"
    },
    {
      "docId": "1J4XKbecFdEJiEt-yuXWLmAXGqTi8L_Mk",
      "action": "would-stamp",
      "driveFileId": "1J4XKbecFdEJiEt-yuXWLmAXGqTi8L_Mk"
    },
    {
      "docId": "1J6H_F6Ba02_rMRQEJbi_lBbMXCBag6SQ",
      "action": "would-stamp",
      "driveFileId": "1J6H_F6Ba02_rMRQEJbi_lBbMXCBag6SQ"
    },
    {
      "docId": "1J_RYWUgwlAoPrq29DN6VoDFft3YpMSom",
      "action": "would-stamp",
      "driveFileId": "1J_RYWUgwlAoPrq29DN6VoDFft3YpMSom"
    },
    {
      "docId": "1J_YSGz4C9Fmx2CDQpUJ9iC5O19uA0j8o",
      "action": "would-stamp",
      "driveFileId": "1J_YSGz4C9Fmx2CDQpUJ9iC5O19uA0j8o"
    },
    {
      "docId": "1JhWf3p0Y1wmJaVNL40XFyNqSuFCwLxIw",
      "action": "would-stamp",
      "driveFileId": "1JhWf3p0Y1wmJaVNL40XFyNqSuFCwLxIw"
    },
    {
      "docId": "1JlQ6xacP4pH5FZ6ja_kaZ2DayoEpkrZs",
      "action": "would-stamp",
      "driveFileId": "1JlQ6xacP4pH5FZ6ja_kaZ2DayoEpkrZs"
    },
    {
      "docId": "1K6ENNHsN324AcZmC6tFLLSdAKSpSyqF1",
      "action": "would-stamp",
      "driveFileId": "1K6ENNHsN324AcZmC6tFLLSdAKSpSyqF1"
    },
    {
      "docId": "1K6cAZSsAcxurLVyHjW3MKCpfZzseE5kQ",
      "action": "would-stamp",
      "driveFileId": "1K6cAZSsAcxurLVyHjW3MKCpfZzseE5kQ"
    },
    {
      "docId": "1KV7ImMQF2i82sfPj9wvCnsZWZWo1SGlS",
      "action": "would-stamp",
      "driveFileId": "1KV7ImMQF2i82sfPj9wvCnsZWZWo1SGlS"
    },
    {
      "docId": "1LIQvf7FQmRRKpfI1lP06PH70ef6Rn5I3",
      "action": "would-stamp",
      "driveFileId": "1LIQvf7FQmRRKpfI1lP06PH70ef6Rn5I3"
    },
    {
      "docId": "1LPfmwfa8On5YHco9nC-dt5IyWk7QO4gV",
      "action": "would-stamp",
      "driveFileId": "1LPfmwfa8On5YHco9nC-dt5IyWk7QO4gV"
    },
    {
      "docId": "1LYIRI8GH4fA9Typust_4D98LjOWo5eSn",
      "action": "would-stamp",
      "driveFileId": "1LYIRI8GH4fA9Typust_4D98LjOWo5eSn"
    },
    {
      "docId": "1MQBRtiDK77MOTTKR25mEZEqmclSRat1q",
      "action": "would-stamp",
      "driveFileId": "1MQBRtiDK77MOTTKR25mEZEqmclSRat1q"
    },
    {
      "docId": "1Mqje155L1D2TpfeoLycAL_pxEs04epFw",
      "action": "would-stamp",
      "driveFileId": "1Mqje155L1D2TpfeoLycAL_pxEs04epFw"
    },
    {
      "docId": "1N3sQbSjY_Cq_ykw6zp32XvAJfq9tjvYG",
      "action": "would-stamp",
      "driveFileId": "1N3sQbSjY_Cq_ykw6zp32XvAJfq9tjvYG"
    },
    {
      "docId": "1NTR6j9rhwHAwoZjX34AVdyymz9IvPkTz",
      "action": "would-stamp",
      "driveFileId": "1NTR6j9rhwHAwoZjX34AVdyymz9IvPkTz"
    },
    {
      "docId": "1NhFwI5Bf91gSuCiONrIAj-SttN6GEG3u",
      "action": "would-stamp",
      "driveFileId": "1NhFwI5Bf91gSuCiONrIAj-SttN6GEG3u"
    },
    {
      "docId": "1NqqJXEfTW1_B0sWBlcqAM4paZJOOmLuk",
      "action": "would-stamp",
      "driveFileId": "1NqqJXEfTW1_B0sWBlcqAM4paZJOOmLuk"
    },
    {
      "docId": "1Nz7ih3xr6Wb2XMeZZgrLJDCq_NoNAz7v",
      "action": "would-stamp",
      "driveFileId": "1Nz7ih3xr6Wb2XMeZZgrLJDCq_NoNAz7v"
    },
    {
      "docId": "1O1pvTb9_U_1Dh9TCookPxS7AlwfMA_Nh",
      "action": "would-stamp",
      "driveFileId": "1O1pvTb9_U_1Dh9TCookPxS7AlwfMA_Nh"
    },
    {
      "docId": "1OUhfx4EW3ZAtuh-ZPnHxTF4-wGOJdBFy",
      "action": "would-stamp",
      "driveFileId": "1OUhfx4EW3ZAtuh-ZPnHxTF4-wGOJdBFy"
    },
    {
      "docId": "1PL-rwuqZOnftWzBFYa4ElTWinUpLSiyo",
      "action": "would-stamp",
      "driveFileId": "1PL-rwuqZOnftWzBFYa4ElTWinUpLSiyo"
    },
    {
      "docId": "1PYUlbQY0hweTHW2Qrc7Xn3_9vlHaUtee",
      "action": "would-stamp",
      "driveFileId": "1PYUlbQY0hweTHW2Qrc7Xn3_9vlHaUtee"
    },
    {
      "docId": "1PYjUUqxH12ip7Uz5aFP7q1wRKwi-pKbvVNJB8G-wV6k",
      "action": "would-stamp",
      "driveFileId": "1PYjUUqxH12ip7Uz5aFP7q1wRKwi-pKbvVNJB8G-wV6k"
    },
    {
      "docId": "1PxJ-AxXwI5GUS4s_RutSAO_gEsDF8Got",
      "action": "would-stamp",
      "driveFileId": "1PxJ-AxXwI5GUS4s_RutSAO_gEsDF8Got"
    },
    {
      "docId": "1Q27iTstQskArSk4-kHFfN0ZnQjV7Oau8",
      "action": "would-stamp",
      "driveFileId": "1Q27iTstQskArSk4-kHFfN0ZnQjV7Oau8"
    },
    {
      "docId": "1Q6yGoFDerBBWV7OYovZweFEIbzgRv--w",
      "action": "would-stamp",
      "driveFileId": "1Q6yGoFDerBBWV7OYovZweFEIbzgRv--w"
    },
    {
      "docId": "1QOy2Lbs3AIj6LGvsnbstcihltGK5r7KQ",
      "action": "would-stamp",
      "driveFileId": "1QOy2Lbs3AIj6LGvsnbstcihltGK5r7KQ"
    },
    {
      "docId": "1QvrCC8R1yvCbK5jIB-yqw-vMQX1S62It637BHwSMaX4",
      "action": "would-stamp",
      "driveFileId": "1QvrCC8R1yvCbK5jIB-yqw-vMQX1S62It637BHwSMaX4"
    },
    {
      "docId": "1R7lq5sBnwIH6WxZda_IshPjTpAtN30tJ",
      "action": "would-stamp",
      "driveFileId": "1R7lq5sBnwIH6WxZda_IshPjTpAtN30tJ"
    },
    {
      "docId": "1RBpYbHvv44QhjezUIkQgWPN0nnel3zuy",
      "action": "would-stamp",
      "driveFileId": "1RBpYbHvv44QhjezUIkQgWPN0nnel3zuy"
    },
    {
      "docId": "1RQzrqpgVhkcL3tvBWGCYUIhtPNhF1Fnr",
      "action": "would-stamp",
      "driveFileId": "1RQzrqpgVhkcL3tvBWGCYUIhtPNhF1Fnr"
    },
    {
      "docId": "1RV-_S-0vCgswP7VfskC6wIchaBDQFNDa",
      "action": "would-stamp",
      "driveFileId": "1RV-_S-0vCgswP7VfskC6wIchaBDQFNDa"
    },
    {
      "docId": "1SH9vxGsFfIJ4mU_FaAaIX13hThwuqfH5",
      "action": "would-stamp",
      "driveFileId": "1SH9vxGsFfIJ4mU_FaAaIX13hThwuqfH5"
    },
    {
      "docId": "1SYdDp-DbhO7e362YRZr3GQQ1pGwrdUlc",
      "action": "would-stamp",
      "driveFileId": "1SYdDp-DbhO7e362YRZr3GQQ1pGwrdUlc"
    },
    {
      "docId": "1Sh8IiLb3n9iit1ImvlvS2SYvprbwLRRf",
      "action": "would-stamp",
      "driveFileId": "1Sh8IiLb3n9iit1ImvlvS2SYvprbwLRRf"
    },
    {
      "docId": "1TCP25KtpY0BZ1ixLPMSkhT7_HdFNW7IL",
      "action": "would-stamp",
      "driveFileId": "1TCP25KtpY0BZ1ixLPMSkhT7_HdFNW7IL"
    },
    {
      "docId": "1TJwxurV4SgcpM58SG9x6hQ8e7cY6Yp9T",
      "action": "would-stamp",
      "driveFileId": "1TJwxurV4SgcpM58SG9x6hQ8e7cY6Yp9T"
    },
    {
      "docId": "1TRCzECDBOal5mr1SFh7JEY-r-NkhtaaW",
      "action": "would-stamp",
      "driveFileId": "1TRCzECDBOal5mr1SFh7JEY-r-NkhtaaW"
    },
    {
      "docId": "1TeiP5BlGnlP9ogYXO9yFL25J1Tz5k_RX",
      "action": "would-stamp",
      "driveFileId": "1TeiP5BlGnlP9ogYXO9yFL25J1Tz5k_RX"
    },
    {
      "docId": "1Tlx0xppOSXNZpO1idUqg2bNQfhyUgrfa",
      "action": "would-stamp",
      "driveFileId": "1Tlx0xppOSXNZpO1idUqg2bNQfhyUgrfa"
    },
    {
      "docId": "1U9Ku90io-9lvaPNt6_vDv1rxjTLZaEGc",
      "action": "would-stamp",
      "driveFileId": "1U9Ku90io-9lvaPNt6_vDv1rxjTLZaEGc"
    },
    {
      "docId": "1UC0SmGpSLTNyH998kCfMaJzcZPkSOATA",
      "action": "would-stamp",
      "driveFileId": "1UC0SmGpSLTNyH998kCfMaJzcZPkSOATA"
    },
    {
      "docId": "1URRI7OBQnlsji5zn3oMkx6IplU3qhw99",
      "action": "would-stamp",
      "driveFileId": "1URRI7OBQnlsji5zn3oMkx6IplU3qhw99"
    },
    {
      "docId": "1URzdt7mdDjXZjO6J0ibl_E4SukMxfD4t",
      "action": "would-stamp",
      "driveFileId": "1URzdt7mdDjXZjO6J0ibl_E4SukMxfD4t"
    },
    {
      "docId": "1Uf0bVHJJ_PHn6gZ0OtGRf2RFytrx01qU",
      "action": "would-stamp",
      "driveFileId": "1Uf0bVHJJ_PHn6gZ0OtGRf2RFytrx01qU"
    },
    {
      "docId": "1V2T04NsfROLjyEDOvAc0F3Bz_Tc20Kzi",
      "action": "would-stamp",
      "driveFileId": "1V2T04NsfROLjyEDOvAc0F3Bz_Tc20Kzi"
    },
    {
      "docId": "1VFVL-HAEa1XHVcqTPiIV-_DSlOdg4M2V",
      "action": "would-stamp",
      "driveFileId": "1VFVL-HAEa1XHVcqTPiIV-_DSlOdg4M2V"
    },
    {
      "docId": "1VSB3wRDJN_1nvab8nyNG3W65QXup2YQV",
      "action": "would-stamp",
      "driveFileId": "1VSB3wRDJN_1nvab8nyNG3W65QXup2YQV"
    },
    {
      "docId": "1VXSQUMCADACnGEitvANMLuBF3BsJa_b9",
      "action": "would-stamp",
      "driveFileId": "1VXSQUMCADACnGEitvANMLuBF3BsJa_b9"
    },
    {
      "docId": "1VbcRGqSXF28Kf4DWdddpeQ9ANcV8W5CL",
      "action": "would-stamp",
      "driveFileId": "1VbcRGqSXF28Kf4DWdddpeQ9ANcV8W5CL"
    },
    {
      "docId": "1VcD-E7ZKj48zN-20JaJT2MOLB-5WSkpR",
      "action": "would-stamp",
      "driveFileId": "1VcD-E7ZKj48zN-20JaJT2MOLB-5WSkpR"
    },
    {
      "docId": "1VetfwZmNivMhVPjWFiShdhCRBoncTQOh",
      "action": "would-stamp",
      "driveFileId": "1VetfwZmNivMhVPjWFiShdhCRBoncTQOh"
    },
    {
      "docId": "1VmpBREQWoux2gOCAeMzNPlZ1VWLCWQdf",
      "action": "would-stamp",
      "driveFileId": "1VmpBREQWoux2gOCAeMzNPlZ1VWLCWQdf"
    },
    {
      "docId": "1VuMq83_0W8ya9SCeBaQ0vCvuFeHgGHeC",
      "action": "would-stamp",
      "driveFileId": "1VuMq83_0W8ya9SCeBaQ0vCvuFeHgGHeC"
    },
    {
      "docId": "1W3mVu5MmsLklXhhh6WpQe5KrCr71Z6iJ",
      "action": "would-stamp",
      "driveFileId": "1W3mVu5MmsLklXhhh6WpQe5KrCr71Z6iJ"
    },
    {
      "docId": "1WJag4LEVyYDL2YxvWxiDBM5zgTzOgfAm",
      "action": "would-stamp",
      "driveFileId": "1WJag4LEVyYDL2YxvWxiDBM5zgTzOgfAm"
    },
    {
      "docId": "1WNBHOQhMyr8Aokyp1ECGCibyUZr0UnFT",
      "action": "would-stamp",
      "driveFileId": "1WNBHOQhMyr8Aokyp1ECGCibyUZr0UnFT"
    },
    {
      "docId": "1WdIXm5jTtgtcBcQC_MggjybIGfP2b604",
      "action": "would-stamp",
      "driveFileId": "1WdIXm5jTtgtcBcQC_MggjybIGfP2b604"
    },
    {
      "docId": "1WusU1xlwOKQvKu2kemrowh6oZ16S9UeR",
      "action": "would-stamp",
      "driveFileId": "1WusU1xlwOKQvKu2kemrowh6oZ16S9UeR"
    },
    {
      "docId": "1X1rYxPSOC_CME5P72Sjf-HVYczAVt7TK",
      "action": "would-stamp",
      "driveFileId": "1X1rYxPSOC_CME5P72Sjf-HVYczAVt7TK"
    },
    {
      "docId": "1X6St0GAreLGpJIcPMdA4HJlohuFhPp5W",
      "action": "would-stamp",
      "driveFileId": "1X6St0GAreLGpJIcPMdA4HJlohuFhPp5W"
    },
    {
      "docId": "1X9O_4wIudGORlU9rZ-i2Ub7zN4tBhLt-",
      "action": "would-stamp",
      "driveFileId": "1X9O_4wIudGORlU9rZ-i2Ub7zN4tBhLt-"
    },
    {
      "docId": "1X9l2ZE7dGrJdej9Fr3PFieVt9EE3dEYT",
      "action": "would-stamp",
      "driveFileId": "1X9l2ZE7dGrJdej9Fr3PFieVt9EE3dEYT"
    },
    {
      "docId": "1XVmOLlmKI2ztKTsVOg2-YbkJ9_DzJA7A23gJp-s_Xu4",
      "action": "would-stamp",
      "driveFileId": "1XVmOLlmKI2ztKTsVOg2-YbkJ9_DzJA7A23gJp-s_Xu4"
    },
    {
      "docId": "1Y6ELHFu--GfuIz3FgiHitfWyjG4OZvQ0",
      "action": "would-stamp",
      "driveFileId": "1Y6ELHFu--GfuIz3FgiHitfWyjG4OZvQ0"
    },
    {
      "docId": "1YkIEE4lx2Vp3U2nQA2M8nIKCBgFoylhf",
      "action": "would-stamp",
      "driveFileId": "1YkIEE4lx2Vp3U2nQA2M8nIKCBgFoylhf"
    },
    {
      "docId": "1YuN6XyS2oLDWE-6F7JztRAtBz7K_lTBL",
      "action": "would-stamp",
      "driveFileId": "1YuN6XyS2oLDWE-6F7JztRAtBz7K_lTBL"
    },
    {
      "docId": "1YuXOp7krlxedG4OGIXmIDWv55LZNRIlL",
      "action": "would-stamp",
      "driveFileId": "1YuXOp7krlxedG4OGIXmIDWv55LZNRIlL"
    },
    {
      "docId": "1Z37pBaRXW45LQ551WSfMFzDHQ8jFYt0x",
      "action": "would-stamp",
      "driveFileId": "1Z37pBaRXW45LQ551WSfMFzDHQ8jFYt0x"
    },
    {
      "docId": "1ZPh6Ge2WUl21w2sL7gq0rf1q3396QL07",
      "action": "would-stamp",
      "driveFileId": "1ZPh6Ge2WUl21w2sL7gq0rf1q3396QL07"
    },
    {
      "docId": "1ZQUvXg4McVGhlkQ9rnJM4_2pdHup9mFBDXqoHqZtAds",
      "action": "would-stamp",
      "driveFileId": "1ZQUvXg4McVGhlkQ9rnJM4_2pdHup9mFBDXqoHqZtAds"
    },
    {
      "docId": "1Zj5951AvRUwUdE8FeBuqMj1u615u3q84",
      "action": "would-stamp",
      "driveFileId": "1Zj5951AvRUwUdE8FeBuqMj1u615u3q84"
    },
    {
      "docId": "1ZuXxV8dAhfFRXaXaSk1zAbbp9yce8MwH",
      "action": "would-stamp",
      "driveFileId": "1ZuXxV8dAhfFRXaXaSk1zAbbp9yce8MwH"
    },
    {
      "docId": "1ZvnGWrEAwXkF5RNAPJE1bjRx0vP5JSFH",
      "action": "would-stamp",
      "driveFileId": "1ZvnGWrEAwXkF5RNAPJE1bjRx0vP5JSFH"
    },
    {
      "docId": "1ZvsnHlvqAirjvpbWJ1FWAM2IgEuLbPOO",
      "action": "would-stamp",
      "driveFileId": "1ZvsnHlvqAirjvpbWJ1FWAM2IgEuLbPOO"
    },
    {
      "docId": "1_AGMn2Ls4Eo15tDwC4vtrGeHvu4aoe8f",
      "action": "would-stamp",
      "driveFileId": "1_AGMn2Ls4Eo15tDwC4vtrGeHvu4aoe8f"
    },
    {
      "docId": "1_E1AIJH9j0I-jkESHlhKFN8ZGazdusFd",
      "action": "would-stamp",
      "driveFileId": "1_E1AIJH9j0I-jkESHlhKFN8ZGazdusFd"
    },
    {
      "docId": "1_Gd8degQp-_CwXhYQM_jtxqRCtjdKvTi",
      "action": "would-stamp",
      "driveFileId": "1_Gd8degQp-_CwXhYQM_jtxqRCtjdKvTi"
    },
    {
      "docId": "1_O1lxgddm1zhWk2iL7xINC9evUx4zbzn",
      "action": "would-stamp",
      "driveFileId": "1_O1lxgddm1zhWk2iL7xINC9evUx4zbzn"
    },
    {
      "docId": "1ace0be3-5238-4f8f-b21e-8a95f3fcd0a7",
      "action": "would-stamp",
      "driveFileId": "1ace0be3-5238-4f8f-b21e-8a95f3fcd0a7"
    },
    {
      "docId": "1av4wG0mTcKSjYTwKWbDoynvNrFdwSCrW",
      "action": "would-stamp",
      "driveFileId": "1av4wG0mTcKSjYTwKWbDoynvNrFdwSCrW"
    },
    {
      "docId": "1b9n_WsSuXkjbAgYcnK1M9XVTHNOalKAq",
      "action": "would-stamp",
      "driveFileId": "1b9n_WsSuXkjbAgYcnK1M9XVTHNOalKAq"
    },
    {
      "docId": "1bOTH11M28N7_c7avQGTYwzhhQlM2vKEK",
      "action": "would-stamp",
      "driveFileId": "1bOTH11M28N7_c7avQGTYwzhhQlM2vKEK"
    },
    {
      "docId": "1bntK0UHLQmq_z1dNsek7Rwue_HNr4jNQ",
      "action": "would-stamp",
      "driveFileId": "1bntK0UHLQmq_z1dNsek7Rwue_HNr4jNQ"
    },
    {
      "docId": "1c1efa1f-491c-4925-a8de-07a115437fc5",
      "action": "would-stamp",
      "driveFileId": "1c1efa1f-491c-4925-a8de-07a115437fc5"
    },
    {
      "docId": "1cFzp0F-TbCdUFtjJwJ6yPCxQi9IIkpR7",
      "action": "would-stamp",
      "driveFileId": "1cFzp0F-TbCdUFtjJwJ6yPCxQi9IIkpR7"
    },
    {
      "docId": "1cGBg4BgdM5ZJ2HFQOMZv4mxzoJrAHNez",
      "action": "would-stamp",
      "driveFileId": "1cGBg4BgdM5ZJ2HFQOMZv4mxzoJrAHNez"
    },
    {
      "docId": "1cISCkDz9PYogPzoAH8nK0uOc92ItKORV",
      "action": "would-stamp",
      "driveFileId": "1cISCkDz9PYogPzoAH8nK0uOc92ItKORV"
    },
    {
      "docId": "1cXHGyTKzQ3Dxgf2wBk4iTNTAgxKgZbtp",
      "action": "would-stamp",
      "driveFileId": "1cXHGyTKzQ3Dxgf2wBk4iTNTAgxKgZbtp"
    },
    {
      "docId": "1cZ0dW7ioUqQkV8m2ENr0ExEpMuYiP7ov6vy790kjbe4",
      "action": "would-stamp",
      "driveFileId": "1cZ0dW7ioUqQkV8m2ENr0ExEpMuYiP7ov6vy790kjbe4"
    },
    {
      "docId": "1c_8FuLAzM3S7TECBb4e1o11oUdoN8tlK",
      "action": "would-stamp",
      "driveFileId": "1c_8FuLAzM3S7TECBb4e1o11oUdoN8tlK"
    },
    {
      "docId": "1ch79JH6B3rWcMnSLd9HtO4myytRHoicd",
      "action": "would-stamp",
      "driveFileId": "1ch79JH6B3rWcMnSLd9HtO4myytRHoicd"
    },
    {
      "docId": "1cqxulkFHUjA0-w6tmUwK6t4TnPgLWbpx",
      "action": "would-stamp",
      "driveFileId": "1cqxulkFHUjA0-w6tmUwK6t4TnPgLWbpx"
    },
    {
      "docId": "1czN_ywRWm2bnjIrnNVg7ad4RyynM_GcR",
      "action": "would-stamp",
      "driveFileId": "1czN_ywRWm2bnjIrnNVg7ad4RyynM_GcR"
    },
    {
      "docId": "1d-aXA4WzVjKYvCxAaVyezGgzRKlXs9y_",
      "action": "would-stamp",
      "driveFileId": "1d-aXA4WzVjKYvCxAaVyezGgzRKlXs9y_"
    },
    {
      "docId": "1d69155e-992a-4f35-a16b-1a3bd5745f68",
      "action": "would-stamp",
      "driveFileId": "1d69155e-992a-4f35-a16b-1a3bd5745f68"
    },
    {
      "docId": "1dAtZlJQ_3xbvfPLTG0F31Tbntid7d01W",
      "action": "would-stamp",
      "driveFileId": "1dAtZlJQ_3xbvfPLTG0F31Tbntid7d01W"
    },
    {
      "docId": "1dS-0aYsqxyxS5DIqs4iP521Obwgh7yLL",
      "action": "would-stamp",
      "driveFileId": "1dS-0aYsqxyxS5DIqs4iP521Obwgh7yLL"
    },
    {
      "docId": "1ds1Ql2M3Fb9LRX-k8tGxbixPHZ756WE0",
      "action": "would-stamp",
      "driveFileId": "1ds1Ql2M3Fb9LRX-k8tGxbixPHZ756WE0"
    },
    {
      "docId": "1dxdNC33CZDbruEYFwsyV44a4sWR0nx8x",
      "action": "would-stamp",
      "driveFileId": "1dxdNC33CZDbruEYFwsyV44a4sWR0nx8x"
    },
    {
      "docId": "1e36kWrER7lDRLjCe1n_YGXlGKq15CMz2",
      "action": "would-stamp",
      "driveFileId": "1e36kWrER7lDRLjCe1n_YGXlGKq15CMz2"
    },
    {
      "docId": "1eBRJoo2uNWzEG-Hu4kejU0GRPzVQdd1V",
      "action": "would-stamp",
      "driveFileId": "1eBRJoo2uNWzEG-Hu4kejU0GRPzVQdd1V"
    },
    {
      "docId": "1ea4505a-a3eb-423f-8398-93b06664da5b",
      "action": "would-stamp",
      "driveFileId": "1ea4505a-a3eb-423f-8398-93b06664da5b"
    },
    {
      "docId": "1eada1e3-c629-4fce-af21-83e81d480b5a",
      "action": "would-stamp",
      "driveFileId": "1eada1e3-c629-4fce-af21-83e81d480b5a"
    },
    {
      "docId": "1ecPTYaPCPkHuqdZrPKFLVCQWgeCXPus6",
      "action": "would-stamp",
      "driveFileId": "1ecPTYaPCPkHuqdZrPKFLVCQWgeCXPus6"
    },
    {
      "docId": "1edX7GlHavLu4fvYHkSg0HQ_ftYhfOMuK",
      "action": "would-stamp",
      "driveFileId": "1edX7GlHavLu4fvYHkSg0HQ_ftYhfOMuK"
    },
    {
      "docId": "1etxl5D1liZFHOAGfsReSt0gNtWXUpD_f",
      "action": "would-stamp",
      "driveFileId": "1etxl5D1liZFHOAGfsReSt0gNtWXUpD_f"
    },
    {
      "docId": "1eyarxSuTHi7r-LedbgJ7jxG5cL4f8ukb",
      "action": "would-stamp",
      "driveFileId": "1eyarxSuTHi7r-LedbgJ7jxG5cL4f8ukb"
    },
    {
      "docId": "1fCgl4H4wIiqLK42rUkHmRYV5WzqLEOIU",
      "action": "would-stamp",
      "driveFileId": "1fCgl4H4wIiqLK42rUkHmRYV5WzqLEOIU"
    },
    {
      "docId": "1fDW83DxtZgoTEVABabdxi7lzopNx-Hnx",
      "action": "would-stamp",
      "driveFileId": "1fDW83DxtZgoTEVABabdxi7lzopNx-Hnx"
    },
    {
      "docId": "1fb983c0-12be-4a51-bcd8-4be089e70b1f",
      "action": "would-stamp",
      "driveFileId": "1fb983c0-12be-4a51-bcd8-4be089e70b1f"
    },
    {
      "docId": "1g-Czee2Cm5I_k4qtDQ86M3t7-9c3pHnW",
      "action": "would-stamp",
      "driveFileId": "1g-Czee2Cm5I_k4qtDQ86M3t7-9c3pHnW"
    },
    {
      "docId": "1g1cnvJjQwoS9sudXMsEv-Psx7IiPjkAJ",
      "action": "would-stamp",
      "driveFileId": "1g1cnvJjQwoS9sudXMsEv-Psx7IiPjkAJ"
    },
    {
      "docId": "1gTZdh60yL9zN6zhQmbBeK7n-zxMxoshkZwHqwpYN99k",
      "action": "would-stamp",
      "driveFileId": "1gTZdh60yL9zN6zhQmbBeK7n-zxMxoshkZwHqwpYN99k"
    },
    {
      "docId": "1gey19JRRH6b-sPmeeR2_vbP6conu0ZK_",
      "action": "would-stamp",
      "driveFileId": "1gey19JRRH6b-sPmeeR2_vbP6conu0ZK_"
    },
    {
      "docId": "1gyFFxL0k_Gzmo0-y9vi6ieT1j0vtOznF",
      "action": "would-stamp",
      "driveFileId": "1gyFFxL0k_Gzmo0-y9vi6ieT1j0vtOznF"
    },
    {
      "docId": "1h03XAsuq2FWWn_ZHRHvtQz1ZHfgZSi23",
      "action": "would-stamp",
      "driveFileId": "1h03XAsuq2FWWn_ZHRHvtQz1ZHfgZSi23"
    },
    {
      "docId": "1h2-nbJYTO7fVioa6uFwUwpyzH1d1bVce",
      "action": "would-stamp",
      "driveFileId": "1h2-nbJYTO7fVioa6uFwUwpyzH1d1bVce"
    },
    {
      "docId": "1hBW82D0waHKgB4DA53rCcd4WGV5u9LQw",
      "action": "would-stamp",
      "driveFileId": "1hBW82D0waHKgB4DA53rCcd4WGV5u9LQw"
    },
    {
      "docId": "1hkeXYm-kJMBbhHKAnGWWr5AWAF54X-o-",
      "action": "would-stamp",
      "driveFileId": "1hkeXYm-kJMBbhHKAnGWWr5AWAF54X-o-"
    },
    {
      "docId": "1i3jy2Co3gNHsnzDXyEvrLpE249lD-KhS",
      "action": "would-stamp",
      "driveFileId": "1i3jy2Co3gNHsnzDXyEvrLpE249lD-KhS"
    },
    {
      "docId": "1iZJWnsukROkqmZ_uSnDFl1Z5dsRcgWDG",
      "action": "would-stamp",
      "driveFileId": "1iZJWnsukROkqmZ_uSnDFl1Z5dsRcgWDG"
    },
    {
      "docId": "1ioTLwHfdaDXQu7z2aHwOBhqqYplcWkhI",
      "action": "would-stamp",
      "driveFileId": "1ioTLwHfdaDXQu7z2aHwOBhqqYplcWkhI"
    },
    {
      "docId": "1j0vPyAIniwYKOh3mdo7Tly4WwugWuKLw",
      "action": "would-stamp",
      "driveFileId": "1j0vPyAIniwYKOh3mdo7Tly4WwugWuKLw"
    },
    {
      "docId": "1j9UHSajBGbP_YLqrHygy6Tv3PkvSD_tu",
      "action": "would-stamp",
      "driveFileId": "1j9UHSajBGbP_YLqrHygy6Tv3PkvSD_tu"
    },
    {
      "docId": "1jQoHlG412NCbvMhk8yJbR8RKBPm0Mi4r",
      "action": "would-stamp",
      "driveFileId": "1jQoHlG412NCbvMhk8yJbR8RKBPm0Mi4r"
    },
    {
      "docId": "1jgs72zwhfEvqsqeeCFMw8Th7Zsk0mVJj",
      "action": "already-stamped"
    },
    {
      "docId": "1jiX9o2PFj6fGb-qDC5Uw5EtOTOnydzWh",
      "action": "would-stamp",
      "driveFileId": "1jiX9o2PFj6fGb-qDC5Uw5EtOTOnydzWh"
    },
    {
      "docId": "1k9hNIPVwvf4kf_WdYj7RlfJVbi5ElgIT",
      "action": "would-stamp",
      "driveFileId": "1k9hNIPVwvf4kf_WdYj7RlfJVbi5ElgIT"
    },
    {
      "docId": "1khYYPDmj7pOn_G8yl8mTJHcYFsLH5O65",
      "action": "would-stamp",
      "driveFileId": "1khYYPDmj7pOn_G8yl8mTJHcYFsLH5O65"
    },
    {
      "docId": "1lhfSuwVN0-QmiaXm-nVQBlgIOX3bGkby",
      "action": "would-stamp",
      "driveFileId": "1lhfSuwVN0-QmiaXm-nVQBlgIOX3bGkby"
    },
    {
      "docId": "1ljIZkOUyUrFE3Djvv1j0-WnWcziorwyV",
      "action": "would-stamp",
      "driveFileId": "1ljIZkOUyUrFE3Djvv1j0-WnWcziorwyV"
    },
    {
      "docId": "1m9IrT8SHyVU9nM5jbYXVMu75EG0Mo1a4",
      "action": "would-stamp",
      "driveFileId": "1m9IrT8SHyVU9nM5jbYXVMu75EG0Mo1a4"
    },
    {
      "docId": "1mFyejfhYBYxLacZWcCuPgBpI006BjqV7",
      "action": "would-stamp",
      "driveFileId": "1mFyejfhYBYxLacZWcCuPgBpI006BjqV7"
    },
    {
      "docId": "1mKr3bKOxholt8isagwFgD8lglX2YykIa",
      "action": "would-stamp",
      "driveFileId": "1mKr3bKOxholt8isagwFgD8lglX2YykIa"
    },
    {
      "docId": "1monkKpBnbwh6YO6FAKBIQmD4vGqzbyIZ",
      "action": "would-stamp",
      "driveFileId": "1monkKpBnbwh6YO6FAKBIQmD4vGqzbyIZ"
    },
    {
      "docId": "1n8ur933csmrxPJYKZn2cFtFNwRac7PWZ",
      "action": "would-stamp",
      "driveFileId": "1n8ur933csmrxPJYKZn2cFtFNwRac7PWZ"
    },
    {
      "docId": "1nAEsEgzHIU3T9Ym9kJpBxJylWWqa_vnK",
      "action": "would-stamp",
      "driveFileId": "1nAEsEgzHIU3T9Ym9kJpBxJylWWqa_vnK"
    },
    {
      "docId": "1nM6XI_TvFX85mZe3el19-g6TYXZ5KwtE",
      "action": "would-stamp",
      "driveFileId": "1nM6XI_TvFX85mZe3el19-g6TYXZ5KwtE"
    },
    {
      "docId": "1nmHWbmh67h4YF8QVTz8hofgrP-4WTL3a",
      "action": "would-stamp",
      "driveFileId": "1nmHWbmh67h4YF8QVTz8hofgrP-4WTL3a"
    },
    {
      "docId": "1oOys8D12_uDOG_2vcssAq8k5PLf4ZhBQ",
      "action": "would-stamp",
      "driveFileId": "1oOys8D12_uDOG_2vcssAq8k5PLf4ZhBQ"
    },
    {
      "docId": "1odYJKS1JLzDVVVbuHRV4oIw-gAAVDqFT",
      "action": "would-stamp",
      "driveFileId": "1odYJKS1JLzDVVVbuHRV4oIw-gAAVDqFT"
    },
    {
      "docId": "1oqBCSHTMzCVUPvMtQNXEdg5V49mwvOYh",
      "action": "would-stamp",
      "driveFileId": "1oqBCSHTMzCVUPvMtQNXEdg5V49mwvOYh"
    },
    {
      "docId": "1orCw2GbmC7QzDFQnNeK1hyA83Kh9B6XR",
      "action": "would-stamp",
      "driveFileId": "1orCw2GbmC7QzDFQnNeK1hyA83Kh9B6XR"
    },
    {
      "docId": "1p-iGMt8OCpCJtk0eOn0mJL3aoNPcGUaK",
      "action": "would-stamp",
      "driveFileId": "1p-iGMt8OCpCJtk0eOn0mJL3aoNPcGUaK"
    },
    {
      "docId": "1p32ui1nyleLqmLU0On2pkOQSUlgJRUEE",
      "action": "would-stamp",
      "driveFileId": "1p32ui1nyleLqmLU0On2pkOQSUlgJRUEE"
    },
    {
      "docId": "1pFGvjKzoeCIj6CJuk6vFkYkUbV4I5zam",
      "action": "would-stamp",
      "driveFileId": "1pFGvjKzoeCIj6CJuk6vFkYkUbV4I5zam"
    },
    {
      "docId": "1pToiRfD44ioU26hX8u8c3eayNYc6KOMb",
      "action": "would-stamp",
      "driveFileId": "1pToiRfD44ioU26hX8u8c3eayNYc6KOMb"
    },
    {
      "docId": "1pu2JsvkgVnzmQ4CJySUd7PSm7F0yEd_x",
      "action": "would-stamp",
      "driveFileId": "1pu2JsvkgVnzmQ4CJySUd7PSm7F0yEd_x"
    },
    {
      "docId": "1pwmleWt7QMPuEqTrM_Az9JFj5RUMS9F4",
      "action": "would-stamp",
      "driveFileId": "1pwmleWt7QMPuEqTrM_Az9JFj5RUMS9F4"
    },
    {
      "docId": "1q8kGn48kh9CXdJPmm4i6g_wx67Zl8GHB",
      "action": "would-stamp",
      "driveFileId": "1q8kGn48kh9CXdJPmm4i6g_wx67Zl8GHB"
    },
    {
      "docId": "1qAWeiH9_0eeXaseL0e-dMxDDwpBvO6xx",
      "action": "would-stamp",
      "driveFileId": "1qAWeiH9_0eeXaseL0e-dMxDDwpBvO6xx"
    },
    {
      "docId": "1qHPm7jPm6uqwBzm5MMy3ypdQZwzmAh4k",
      "action": "would-stamp",
      "driveFileId": "1qHPm7jPm6uqwBzm5MMy3ypdQZwzmAh4k"
    },
    {
      "docId": "1qTDacSD6J12oeEMg22KueDQgwMm8EeVJ",
      "action": "would-stamp",
      "driveFileId": "1qTDacSD6J12oeEMg22KueDQgwMm8EeVJ"
    },
    {
      "docId": "1qdX4_IHvHKX5sKfaHRo6sU4vymTmE12d",
      "action": "would-stamp",
      "driveFileId": "1qdX4_IHvHKX5sKfaHRo6sU4vymTmE12d"
    },
    {
      "docId": "1qlfMKLD6qrr98JUmoeBJHRE5I0-FsIRp",
      "action": "would-stamp",
      "driveFileId": "1qlfMKLD6qrr98JUmoeBJHRE5I0-FsIRp"
    },
    {
      "docId": "1r2GLfKEj0PZSPn0XbPO9sXfmzhJfcRTu",
      "action": "would-stamp",
      "driveFileId": "1r2GLfKEj0PZSPn0XbPO9sXfmzhJfcRTu"
    },
    {
      "docId": "1r2V2tJnZauBVhuiDC2zjLLb3iyhAw8Nj",
      "action": "would-stamp",
      "driveFileId": "1r2V2tJnZauBVhuiDC2zjLLb3iyhAw8Nj"
    },
    {
      "docId": "1r6EerKdaIfJmaS4kdwLNA5rWeSnF56uk",
      "action": "would-stamp",
      "driveFileId": "1r6EerKdaIfJmaS4kdwLNA5rWeSnF56uk"
    },
    {
      "docId": "1rmnciu0PVh2pL6GQkuJBasmEZzHgK5b4",
      "action": "would-stamp",
      "driveFileId": "1rmnciu0PVh2pL6GQkuJBasmEZzHgK5b4"
    },
    {
      "docId": "1rmxBzOdjhutYWB_HGxuCJnBR8ieSu--_",
      "action": "would-stamp",
      "driveFileId": "1rmxBzOdjhutYWB_HGxuCJnBR8ieSu--_"
    },
    {
      "docId": "1sNPYY73-mI4XBfASJBoHaTwxQH3IHr50",
      "action": "would-stamp",
      "driveFileId": "1sNPYY73-mI4XBfASJBoHaTwxQH3IHr50"
    },
    {
      "docId": "1sRzRHytARhFFrlAqJUtDDH25YhuZZ792",
      "action": "would-stamp",
      "driveFileId": "1sRzRHytARhFFrlAqJUtDDH25YhuZZ792"
    },
    {
      "docId": "1sv7fGYEciwW6XbS10f3XKOE31iytS9hB",
      "action": "would-stamp",
      "driveFileId": "1sv7fGYEciwW6XbS10f3XKOE31iytS9hB"
    },
    {
      "docId": "1t120h-tSRphOOwemf0tu5_j2j58ErazM",
      "action": "would-stamp",
      "driveFileId": "1t120h-tSRphOOwemf0tu5_j2j58ErazM"
    },
    {
      "docId": "1t7fPtGbxIVUUaskwynvKjMYactKDbvGq",
      "action": "would-stamp",
      "driveFileId": "1t7fPtGbxIVUUaskwynvKjMYactKDbvGq"
    },
    {
      "docId": "1tIet97g6zgIt-uCu-HrBRcj1tmXj_6ep",
      "action": "would-stamp",
      "driveFileId": "1tIet97g6zgIt-uCu-HrBRcj1tmXj_6ep"
    },
    {
      "docId": "1tLxE6aG8TOuLAtv3DCcuPKSRQUa_Nz7_",
      "action": "would-stamp",
      "driveFileId": "1tLxE6aG8TOuLAtv3DCcuPKSRQUa_Nz7_"
    },
    {
      "docId": "1tRHJFJSq99c1SuWZBOJCjbLyFHhIPYWO",
      "action": "would-stamp",
      "driveFileId": "1tRHJFJSq99c1SuWZBOJCjbLyFHhIPYWO"
    },
    {
      "docId": "1tYtW5qo5iOuytY9GflbwCQjWerjaov4b",
      "action": "would-stamp",
      "driveFileId": "1tYtW5qo5iOuytY9GflbwCQjWerjaov4b"
    },
    {
      "docId": "1tcdg8vTGcwuGX7gar1xJ0JDBdcyEi9yz",
      "action": "would-stamp",
      "driveFileId": "1tcdg8vTGcwuGX7gar1xJ0JDBdcyEi9yz"
    },
    {
      "docId": "1u0I8PCz1MQ_RLCN-6Kw0-JlF0R0Nm40R",
      "action": "would-stamp",
      "driveFileId": "1u0I8PCz1MQ_RLCN-6Kw0-JlF0R0Nm40R"
    },
    {
      "docId": "1u2g0w4OLjbL5JfjACyL_3kDzUZpaGjng",
      "action": "would-stamp",
      "driveFileId": "1u2g0w4OLjbL5JfjACyL_3kDzUZpaGjng"
    },
    {
      "docId": "1ut9fS0F6yHsKvgaAzkNXqDSshHjjesN-",
      "action": "would-stamp",
      "driveFileId": "1ut9fS0F6yHsKvgaAzkNXqDSshHjjesN-"
    },
    {
      "docId": "1v1aFYuQ57HHoILQWcT_rtv3zhMWq2IR9",
      "action": "would-stamp",
      "driveFileId": "1v1aFYuQ57HHoILQWcT_rtv3zhMWq2IR9"
    },
    {
      "docId": "1v6a8TfMdNjaz-HzGPnVmOB-BI3u0q_zz",
      "action": "would-stamp",
      "driveFileId": "1v6a8TfMdNjaz-HzGPnVmOB-BI3u0q_zz"
    },
    {
      "docId": "1vY2cfQMn1-QgtslbQZaCYc8JNZkX0g1s",
      "action": "would-stamp",
      "driveFileId": "1vY2cfQMn1-QgtslbQZaCYc8JNZkX0g1s"
    },
    {
      "docId": "1w1cwgilpMxe-KGQCDOc7RjoyaS91hgTI",
      "action": "would-stamp",
      "driveFileId": "1w1cwgilpMxe-KGQCDOc7RjoyaS91hgTI"
    },
    {
      "docId": "1w6SuGzU6pTpzMk-hGdfsq6dDEJSxivoH",
      "action": "would-stamp",
      "driveFileId": "1w6SuGzU6pTpzMk-hGdfsq6dDEJSxivoH"
    },
    {
      "docId": "1wHijjyvHroSV_Z_wClVprppEpBYIUAsa",
      "action": "would-stamp",
      "driveFileId": "1wHijjyvHroSV_Z_wClVprppEpBYIUAsa"
    },
    {
      "docId": "1wKn6KPXBRQpLV6USzU5vP_qd53tT9Aa1",
      "action": "would-stamp",
      "driveFileId": "1wKn6KPXBRQpLV6USzU5vP_qd53tT9Aa1"
    },
    {
      "docId": "1wNTlj3sB2Z3Zra7jhYlniuGcHpxnuEWk",
      "action": "would-stamp",
      "driveFileId": "1wNTlj3sB2Z3Zra7jhYlniuGcHpxnuEWk"
    },
    {
      "docId": "1wzz1eOblUC0tOTnJZh_JAarpeRdZ0oPq",
      "action": "would-stamp",
      "driveFileId": "1wzz1eOblUC0tOTnJZh_JAarpeRdZ0oPq"
    },
    {
      "docId": "1xGM06NwCC3Nk4ZdiFZz6hYI9yR-fNvEw",
      "action": "would-stamp",
      "driveFileId": "1xGM06NwCC3Nk4ZdiFZz6hYI9yR-fNvEw"
    },
    {
      "docId": "1xTYqs7MHxm8Q69jt9nNMqNwmU3QTM7uxEkofZpxIzcE",
      "action": "would-stamp",
      "driveFileId": "1xTYqs7MHxm8Q69jt9nNMqNwmU3QTM7uxEkofZpxIzcE"
    },
    {
      "docId": "1xYt6Mp1Ica-2C_VYS2mw_cfhxo3dMkg_",
      "action": "would-stamp",
      "driveFileId": "1xYt6Mp1Ica-2C_VYS2mw_cfhxo3dMkg_"
    },
    {
      "docId": "1yEIuuAPUvE0vAcM__QucJZgdJKpR0Nt2",
      "action": "would-stamp",
      "driveFileId": "1yEIuuAPUvE0vAcM__QucJZgdJKpR0Nt2"
    },
    {
      "docId": "1yJjdDZ1ivU0if-T-d_uCYkH1rEIH-xs3",
      "action": "would-stamp",
      "driveFileId": "1yJjdDZ1ivU0if-T-d_uCYkH1rEIH-xs3"
    },
    {
      "docId": "1yLSZnOX9RKJKliQpNvJ78yWhzJ51jLNW",
      "action": "would-stamp",
      "driveFileId": "1yLSZnOX9RKJKliQpNvJ78yWhzJ51jLNW"
    },
    {
      "docId": "1zeTBJoffgVoqJYvjvZ6p3Tmm1JGXeOvR",
      "action": "would-stamp",
      "driveFileId": "1zeTBJoffgVoqJYvjvZ6p3Tmm1JGXeOvR"
    },
    {
      "docId": "20811bd6-bda9-43ee-ad7a-4ae3b704def2",
      "action": "would-stamp",
      "driveFileId": "20811bd6-bda9-43ee-ad7a-4ae3b704def2"
    },
    {
      "docId": "218fc2a9-cbe4-4ff1-a056-68f7f55bbac2",
      "action": "would-stamp",
      "driveFileId": "218fc2a9-cbe4-4ff1-a056-68f7f55bbac2"
    },
    {
      "docId": "2245fe4b-7562-475e-be0d-709cb28bf48c",
      "action": "would-stamp",
      "driveFileId": "2245fe4b-7562-475e-be0d-709cb28bf48c"
    },
    {
      "docId": "235c703e-600e-4cc4-aca5-283ae3b81af9",
      "action": "would-stamp",
      "driveFileId": "235c703e-600e-4cc4-aca5-283ae3b81af9"
    },
    {
      "docId": "23d61fc5-59fa-4cb4-99f1-e24eccb88fce",
      "action": "would-stamp",
      "driveFileId": "23d61fc5-59fa-4cb4-99f1-e24eccb88fce"
    },
    {
      "docId": "24308467-f3c9-4fba-b7e8-6795821d3a69",
      "action": "would-stamp",
      "driveFileId": "24308467-f3c9-4fba-b7e8-6795821d3a69"
    },
    {
      "docId": "2485f761-d134-416a-89d8-5bb8d7cc27f1",
      "action": "would-stamp",
      "driveFileId": "2485f761-d134-416a-89d8-5bb8d7cc27f1"
    },
    {
      "docId": "25a1305b-ff4f-4c59-8aaa-9d646962b513",
      "action": "would-stamp",
      "driveFileId": "25a1305b-ff4f-4c59-8aaa-9d646962b513"
    },
    {
      "docId": "25df4be7-0a5d-4a8d-bf7b-64d2d03f67e5",
      "action": "would-stamp",
      "driveFileId": "25df4be7-0a5d-4a8d-bf7b-64d2d03f67e5"
    },
    {
      "docId": "267cc451-17af-42ab-a004-9c4e6ed1f76d",
      "action": "would-stamp",
      "driveFileId": "267cc451-17af-42ab-a004-9c4e6ed1f76d"
    },
    {
      "docId": "26864af2-2a80-4f93-a8ec-e81f63f075e0",
      "action": "would-stamp",
      "driveFileId": "26864af2-2a80-4f93-a8ec-e81f63f075e0"
    },
    {
      "docId": "26b904af-782b-4b6a-bbca-6a53aeb09c33",
      "action": "would-stamp",
      "driveFileId": "26b904af-782b-4b6a-bbca-6a53aeb09c33"
    },
    {
      "docId": "27f2ec75-1a5a-4241-ab4b-e95879f03168",
      "action": "would-stamp",
      "driveFileId": "27f2ec75-1a5a-4241-ab4b-e95879f03168"
    },
    {
      "docId": "288a0399-23b7-478c-bccc-369db1a30cd6",
      "action": "would-stamp",
      "driveFileId": "288a0399-23b7-478c-bccc-369db1a30cd6"
    },
    {
      "docId": "289a11d0-fbb3-4a21-8c98-50473b6e1001",
      "action": "would-stamp",
      "driveFileId": "289a11d0-fbb3-4a21-8c98-50473b6e1001"
    },
    {
      "docId": "28c99c48-dbac-479f-9bae-80342fdb3253",
      "action": "would-stamp",
      "driveFileId": "28c99c48-dbac-479f-9bae-80342fdb3253"
    },
    {
      "docId": "28f1ea16-4dab-4198-8d0b-dc1c7ef66624",
      "action": "would-stamp",
      "driveFileId": "28f1ea16-4dab-4198-8d0b-dc1c7ef66624"
    },
    {
      "docId": "2aede3b4-205a-4bbb-a996-76c46cd83de2",
      "action": "would-stamp",
      "driveFileId": "2aede3b4-205a-4bbb-a996-76c46cd83de2"
    },
    {
      "docId": "2aefdc50-ad45-494e-a2d6-f3351995b24a",
      "action": "would-stamp",
      "driveFileId": "2aefdc50-ad45-494e-a2d6-f3351995b24a"
    },
    {
      "docId": "2c594bea-32c0-4794-b625-060848ad576c",
      "action": "would-stamp",
      "driveFileId": "2c594bea-32c0-4794-b625-060848ad576c"
    },
    {
      "docId": "2c5a74a5-bd72-4a3f-aa62-c8ab25b33d75",
      "action": "would-stamp",
      "driveFileId": "2c5a74a5-bd72-4a3f-aa62-c8ab25b33d75"
    },
    {
      "docId": "2d7ede35-04fd-4337-8eb7-db69444304ce",
      "action": "would-stamp",
      "driveFileId": "2d7ede35-04fd-4337-8eb7-db69444304ce"
    },
    {
      "docId": "2dc43bcb-7c37-44fb-ac29-5ed7d20e87a9",
      "action": "would-stamp",
      "driveFileId": "2dc43bcb-7c37-44fb-ac29-5ed7d20e87a9"
    },
    {
      "docId": "2fc76c49-023f-4eaf-a063-d5f69e22ab72",
      "action": "would-stamp",
      "driveFileId": "2fc76c49-023f-4eaf-a063-d5f69e22ab72"
    },
    {
      "docId": "30982932-7c78-432b-9350-68a0c2fe35de",
      "action": "would-stamp",
      "driveFileId": "30982932-7c78-432b-9350-68a0c2fe35de"
    },
    {
      "docId": "30e3d10d-aede-4d56-86a2-a9f183ba5b2a",
      "action": "would-stamp",
      "driveFileId": "30e3d10d-aede-4d56-86a2-a9f183ba5b2a"
    },
    {
      "docId": "31248276-14b6-4bc0-914a-0c129d023586",
      "action": "would-stamp",
      "driveFileId": "31248276-14b6-4bc0-914a-0c129d023586"
    },
    {
      "docId": "31e5ec53-8330-457f-aef3-33e10e35ec05",
      "action": "would-stamp",
      "driveFileId": "31e5ec53-8330-457f-aef3-33e10e35ec05"
    },
    {
      "docId": "31e88e83-c880-43e5-9b12-37a7a119aeb0",
      "action": "would-stamp",
      "driveFileId": "31e88e83-c880-43e5-9b12-37a7a119aeb0"
    },
    {
      "docId": "323ccd88-d31e-40f1-afbd-bd4601136e27",
      "action": "would-stamp",
      "driveFileId": "323ccd88-d31e-40f1-afbd-bd4601136e27"
    },
    {
      "docId": "3371ff94-1774-4c2b-a25b-f1537a419e13",
      "action": "would-stamp",
      "driveFileId": "3371ff94-1774-4c2b-a25b-f1537a419e13"
    },
    {
      "docId": "33d9e425-2ed1-4054-988f-2935119d90e8",
      "action": "would-stamp",
      "driveFileId": "33d9e425-2ed1-4054-988f-2935119d90e8"
    },
    {
      "docId": "34a3c3fc-d5ce-4b80-8d4f-77014f5412da",
      "action": "would-stamp",
      "driveFileId": "34a3c3fc-d5ce-4b80-8d4f-77014f5412da"
    },
    {
      "docId": "35eeeadb-af0d-4b49-b966-aa63655a4435",
      "action": "would-stamp",
      "driveFileId": "35eeeadb-af0d-4b49-b966-aa63655a4435"
    },
    {
      "docId": "36928f78-7327-4d7f-ba5a-4291ccc74084",
      "action": "would-stamp",
      "driveFileId": "36928f78-7327-4d7f-ba5a-4291ccc74084"
    },
    {
      "docId": "36b65d8a-065f-4711-a8aa-304886451aab",
      "action": "would-stamp",
      "driveFileId": "36b65d8a-065f-4711-a8aa-304886451aab"
    },
    {
      "docId": "37b74f7a-31b1-4ed7-99df-2421c8a81e92",
      "action": "would-stamp",
      "driveFileId": "37b74f7a-31b1-4ed7-99df-2421c8a81e92"
    },
    {
      "docId": "395c9ef8-3cf3-4c3d-8785-3deb852da074",
      "action": "would-stamp",
      "driveFileId": "395c9ef8-3cf3-4c3d-8785-3deb852da074"
    },
    {
      "docId": "39a123f9-f6df-434f-85f7-8a5f2b607ead",
      "action": "would-stamp",
      "driveFileId": "39a123f9-f6df-434f-85f7-8a5f2b607ead"
    },
    {
      "docId": "3a65f5c6-e18f-4f45-acde-eaf125b310eb",
      "action": "would-stamp",
      "driveFileId": "3a65f5c6-e18f-4f45-acde-eaf125b310eb"
    },
    {
      "docId": "3b90c6ba-e8f2-4fa2-ac26-ad4fa316c9c3",
      "action": "would-stamp",
      "driveFileId": "3b90c6ba-e8f2-4fa2-ac26-ad4fa316c9c3"
    },
    {
      "docId": "3bd7af7a-2a4b-42a2-80c5-9d1b4073db4a",
      "action": "would-stamp",
      "driveFileId": "3bd7af7a-2a4b-42a2-80c5-9d1b4073db4a"
    },
    {
      "docId": "3bf73686-08ba-4b28-bf78-0520963a215b",
      "action": "would-stamp",
      "driveFileId": "3bf73686-08ba-4b28-bf78-0520963a215b"
    },
    {
      "docId": "3c965b50-cd20-4a05-88d8-ccec39b59f41",
      "action": "would-stamp",
      "driveFileId": "3c965b50-cd20-4a05-88d8-ccec39b59f41"
    },
    {
      "docId": "3cb6a75d-a704-4bfb-b3c4-93ab5f7613f0",
      "action": "would-stamp",
      "driveFileId": "3cb6a75d-a704-4bfb-b3c4-93ab5f7613f0"
    },
    {
      "docId": "3dc9f49f-b773-46aa-a5d5-ede22f7b8fc2",
      "action": "would-stamp",
      "driveFileId": "3dc9f49f-b773-46aa-a5d5-ede22f7b8fc2"
    },
    {
      "docId": "3df0360d-9078-45e0-ab96-73804fa7276b",
      "action": "would-stamp",
      "driveFileId": "3df0360d-9078-45e0-ab96-73804fa7276b"
    },
    {
      "docId": "3df80222-8fe3-4f83-a641-8eb27839608a",
      "action": "would-stamp",
      "driveFileId": "3df80222-8fe3-4f83-a641-8eb27839608a"
    },
    {
      "docId": "3e967bd3-cf6a-455d-a6c0-f80fc68b0831",
      "action": "would-stamp",
      "driveFileId": "3e967bd3-cf6a-455d-a6c0-f80fc68b0831"
    },
    {
      "docId": "405c6a9b-0870-4e4f-a335-d8d34dce7c20",
      "action": "would-stamp",
      "driveFileId": "405c6a9b-0870-4e4f-a335-d8d34dce7c20"
    },
    {
      "docId": "4069c33b-2011-4768-83c6-ccc2ece60f13",
      "action": "would-stamp",
      "driveFileId": "4069c33b-2011-4768-83c6-ccc2ece60f13"
    },
    {
      "docId": "407d23e5-5cd6-4d02-9618-7acefb33df7a",
      "action": "would-stamp",
      "driveFileId": "407d23e5-5cd6-4d02-9618-7acefb33df7a"
    },
    {
      "docId": "41379850-2021-48c5-8acd-e867e4dfa119",
      "action": "would-stamp",
      "driveFileId": "41379850-2021-48c5-8acd-e867e4dfa119"
    },
    {
      "docId": "41749406-91a4-410d-bf45-1a1a39f84aed",
      "action": "would-stamp",
      "driveFileId": "41749406-91a4-410d-bf45-1a1a39f84aed"
    },
    {
      "docId": "42003f22-0d5d-49f0-a45e-87e5ade38d6b",
      "action": "would-stamp",
      "driveFileId": "42003f22-0d5d-49f0-a45e-87e5ade38d6b"
    },
    {
      "docId": "422d3103-d7b3-437e-ba7e-f864c6e570fa",
      "action": "would-stamp",
      "driveFileId": "422d3103-d7b3-437e-ba7e-f864c6e570fa"
    },
    {
      "docId": "42a1cd5d-93ef-4a02-8a8d-7a669ff9c921",
      "action": "would-stamp",
      "driveFileId": "42a1cd5d-93ef-4a02-8a8d-7a669ff9c921"
    },
    {
      "docId": "43a4fc6c-4d27-45bd-988f-492db59f73d1",
      "action": "would-stamp",
      "driveFileId": "43a4fc6c-4d27-45bd-988f-492db59f73d1"
    },
    {
      "docId": "44c38248-6925-4921-b833-eeae0854e63a",
      "action": "would-stamp",
      "driveFileId": "44c38248-6925-4921-b833-eeae0854e63a"
    },
    {
      "docId": "44e0d496-88a6-46c3-bd09-fec655d3edc4",
      "action": "would-stamp",
      "driveFileId": "44e0d496-88a6-46c3-bd09-fec655d3edc4"
    },
    {
      "docId": "452cc138-503f-4f0a-8b27-7ebd8d5741d1",
      "action": "would-stamp",
      "driveFileId": "452cc138-503f-4f0a-8b27-7ebd8d5741d1"
    },
    {
      "docId": "45a57edb-cc78-4fb0-97e9-a9ab372d7943",
      "action": "would-stamp",
      "driveFileId": "45a57edb-cc78-4fb0-97e9-a9ab372d7943"
    },
    {
      "docId": "45d7d670-f2c5-4437-a7d7-b40fe5ebe416",
      "action": "would-stamp",
      "driveFileId": "45d7d670-f2c5-4437-a7d7-b40fe5ebe416"
    },
    {
      "docId": "46dbc366-04ba-406a-aadc-55e500597250",
      "action": "would-stamp",
      "driveFileId": "46dbc366-04ba-406a-aadc-55e500597250"
    },
    {
      "docId": "46e66e0d-4f0d-47e7-baaa-125891f997b4",
      "action": "would-stamp",
      "driveFileId": "46e66e0d-4f0d-47e7-baaa-125891f997b4"
    },
    {
      "docId": "471113d7-9755-4599-b32f-ea66548ea36d",
      "action": "would-stamp",
      "driveFileId": "471113d7-9755-4599-b32f-ea66548ea36d"
    },
    {
      "docId": "4724db72-8e1e-4405-90ff-8be1955af822",
      "action": "would-stamp",
      "driveFileId": "4724db72-8e1e-4405-90ff-8be1955af822"
    },
    {
      "docId": "4a00f597-70ef-4267-a363-10b081eabc66",
      "action": "would-stamp",
      "driveFileId": "4a00f597-70ef-4267-a363-10b081eabc66"
    },
    {
      "docId": "4a2fcc5e-3684-486c-af94-6f48bea4188c",
      "action": "would-stamp",
      "driveFileId": "4a2fcc5e-3684-486c-af94-6f48bea4188c"
    },
    {
      "docId": "4a5faa48-43d0-435c-a9b0-8d069cb88e11",
      "action": "would-stamp",
      "driveFileId": "4a5faa48-43d0-435c-a9b0-8d069cb88e11"
    },
    {
      "docId": "4ecc47bd-97a8-4aa6-988c-f490695b0d98",
      "action": "would-stamp",
      "driveFileId": "4ecc47bd-97a8-4aa6-988c-f490695b0d98"
    },
    {
      "docId": "4f5d5c70-4dc2-4071-9960-174bda73f761",
      "action": "would-stamp",
      "driveFileId": "4f5d5c70-4dc2-4071-9960-174bda73f761"
    },
    {
      "docId": "509d8360-46da-43da-9ba3-75fdf2032838",
      "action": "would-stamp",
      "driveFileId": "509d8360-46da-43da-9ba3-75fdf2032838"
    },
    {
      "docId": "52b4fed1-de13-49f7-9dc6-732a6899f127",
      "action": "would-stamp",
      "driveFileId": "52b4fed1-de13-49f7-9dc6-732a6899f127"
    },
    {
      "docId": "5366aef1-5349-44c3-9dc1-7462e69fe4db",
      "action": "would-stamp",
      "driveFileId": "5366aef1-5349-44c3-9dc1-7462e69fe4db"
    },
    {
      "docId": "56c4c7ba-b264-427e-8c32-16d7c29bba50",
      "action": "would-stamp",
      "driveFileId": "56c4c7ba-b264-427e-8c32-16d7c29bba50"
    },
    {
      "docId": "58587ef0-0747-4abe-9c00-4b77a543d851",
      "action": "would-stamp",
      "driveFileId": "58587ef0-0747-4abe-9c00-4b77a543d851"
    },
    {
      "docId": "5aa91e83-02ef-44c6-bc28-833be56d0bed",
      "action": "would-stamp",
      "driveFileId": "5aa91e83-02ef-44c6-bc28-833be56d0bed"
    },
    {
      "docId": "5b5a4ec7-36f0-451c-adfe-1b6186ddd2a1",
      "action": "would-stamp",
      "driveFileId": "5b5a4ec7-36f0-451c-adfe-1b6186ddd2a1"
    },
    {
      "docId": "5e893824-0d8c-47e7-82fe-51240d027c00",
      "action": "would-stamp",
      "driveFileId": "5e893824-0d8c-47e7-82fe-51240d027c00"
    },
    {
      "docId": "5ed550bc-b6d3-498a-8c9c-6fc42212d9d6",
      "action": "would-stamp",
      "driveFileId": "5ed550bc-b6d3-498a-8c9c-6fc42212d9d6"
    },
    {
      "docId": "5fa69e00-2115-4915-9aa3-f68ad3c42466",
      "action": "would-stamp",
      "driveFileId": "5fa69e00-2115-4915-9aa3-f68ad3c42466"
    },
    {
      "docId": "61aeb253-df01-471a-a9fa-2eb885c4ef35",
      "action": "would-stamp",
      "driveFileId": "61aeb253-df01-471a-a9fa-2eb885c4ef35"
    },
    {
      "docId": "61f0c403-0d98-45a9-ad90-c813329a0d6d",
      "action": "would-stamp",
      "driveFileId": "61f0c403-0d98-45a9-ad90-c813329a0d6d"
    },
    {
      "docId": "6259b551-24b8-441b-ad62-6f4cc45a011a",
      "action": "would-stamp",
      "driveFileId": "6259b551-24b8-441b-ad62-6f4cc45a011a"
    },
    {
      "docId": "64816b31-79d9-44a1-b582-f8bba765eeb2",
      "action": "would-stamp",
      "driveFileId": "64816b31-79d9-44a1-b582-f8bba765eeb2"
    },
    {
      "docId": "662dd31d-b975-42c0-877d-57084950fffb",
      "action": "would-stamp",
      "driveFileId": "662dd31d-b975-42c0-877d-57084950fffb"
    },
    {
      "docId": "663aa70e-d676-4fbe-b370-afef86119c44",
      "action": "would-stamp",
      "driveFileId": "663aa70e-d676-4fbe-b370-afef86119c44"
    },
    {
      "docId": "66bd1185-8e9e-46ef-9ea2-7a5646504503",
      "action": "would-stamp",
      "driveFileId": "66bd1185-8e9e-46ef-9ea2-7a5646504503"
    },
    {
      "docId": "672e94b4-9da7-40f7-8ec1-ae56bd67cce7",
      "action": "would-stamp",
      "driveFileId": "672e94b4-9da7-40f7-8ec1-ae56bd67cce7"
    },
    {
      "docId": "6738e47c-e710-4f65-9655-d93d2ee8332e",
      "action": "would-stamp",
      "driveFileId": "6738e47c-e710-4f65-9655-d93d2ee8332e"
    },
    {
      "docId": "6bddf129-6f1c-4fa4-bf54-3cf431a53219",
      "action": "would-stamp",
      "driveFileId": "6bddf129-6f1c-4fa4-bf54-3cf431a53219"
    },
    {
      "docId": "6ca6e82c-e3be-4e6b-b6c1-63f60b3ac5cc",
      "action": "would-stamp",
      "driveFileId": "6ca6e82c-e3be-4e6b-b6c1-63f60b3ac5cc"
    },
    {
      "docId": "6ce470ac-cf9a-44f4-9602-158d5508a45d",
      "action": "would-stamp",
      "driveFileId": "6ce470ac-cf9a-44f4-9602-158d5508a45d"
    },
    {
      "docId": "6d704852-b119-4611-b2a9-b05bbd92aa8d",
      "action": "would-stamp",
      "driveFileId": "6d704852-b119-4611-b2a9-b05bbd92aa8d"
    },
    {
      "docId": "6d8343b3-9a3d-4550-a529-bac4ca04ab00",
      "action": "would-stamp",
      "driveFileId": "6d8343b3-9a3d-4550-a529-bac4ca04ab00"
    },
    {
      "docId": "6eb445b8-66f0-4958-a1b0-e6f4fadc449f",
      "action": "would-stamp",
      "driveFileId": "6eb445b8-66f0-4958-a1b0-e6f4fadc449f"
    },
    {
      "docId": "6ec8bf57-a358-4ae2-a251-e8200d9351bb",
      "action": "would-stamp",
      "driveFileId": "6ec8bf57-a358-4ae2-a251-e8200d9351bb"
    },
    {
      "docId": "708b8023-7689-4a58-ab8d-428e2bcafaa7",
      "action": "would-stamp",
      "driveFileId": "708b8023-7689-4a58-ab8d-428e2bcafaa7"
    },
    {
      "docId": "70a83fa1-d1a8-45ac-bb03-601bb5103b60",
      "action": "would-stamp",
      "driveFileId": "70a83fa1-d1a8-45ac-bb03-601bb5103b60"
    },
    {
      "docId": "70efd098-6c4d-44ac-8884-8115af528ab9",
      "action": "would-stamp",
      "driveFileId": "70efd098-6c4d-44ac-8884-8115af528ab9"
    },
    {
      "docId": "72a7aa6a-7b08-4c78-862c-197bbffb9515",
      "action": "would-stamp",
      "driveFileId": "72a7aa6a-7b08-4c78-862c-197bbffb9515"
    },
    {
      "docId": "75dc9298-772b-4092-a3de-b7e54f1c6403",
      "action": "would-stamp",
      "driveFileId": "75dc9298-772b-4092-a3de-b7e54f1c6403"
    },
    {
      "docId": "76dda851-02b7-434f-a36b-f5b99c5fb1bd",
      "action": "would-stamp",
      "driveFileId": "76dda851-02b7-434f-a36b-f5b99c5fb1bd"
    },
    {
      "docId": "77c2bf09-7a4b-4f38-9bf2-c7b3b120506e",
      "action": "would-stamp",
      "driveFileId": "77c2bf09-7a4b-4f38-9bf2-c7b3b120506e"
    },
    {
      "docId": "77f77a9e-31b1-46ae-85b8-a6864953fc83",
      "action": "would-stamp",
      "driveFileId": "77f77a9e-31b1-46ae-85b8-a6864953fc83"
    },
    {
      "docId": "78ae5689-071f-4502-aa0f-e16e6fb7b480",
      "action": "would-stamp",
      "driveFileId": "78ae5689-071f-4502-aa0f-e16e6fb7b480"
    },
    {
      "docId": "7ac2da98-6353-4fd2-ae8a-ad28eb2f243c",
      "action": "would-stamp",
      "driveFileId": "7ac2da98-6353-4fd2-ae8a-ad28eb2f243c"
    },
    {
      "docId": "7bc7a556-04f4-42a3-a766-d300270d71cd",
      "action": "would-stamp",
      "driveFileId": "7bc7a556-04f4-42a3-a766-d300270d71cd"
    },
    {
      "docId": "7c15883f-41bd-4a32-875e-dbca4ec4188f",
      "action": "would-stamp",
      "driveFileId": "7c15883f-41bd-4a32-875e-dbca4ec4188f"
    },
    {
      "docId": "7d15b7ee-692e-42c9-99bb-8e543eb0014d",
      "action": "would-stamp",
      "driveFileId": "7d15b7ee-692e-42c9-99bb-8e543eb0014d"
    },
    {
      "docId": "7e9a37aa-4427-428f-8801-b2a5405bd3be",
      "action": "would-stamp",
      "driveFileId": "7e9a37aa-4427-428f-8801-b2a5405bd3be"
    },
    {
      "docId": "7eda392b-2472-418b-a0e8-918e48776945",
      "action": "would-stamp",
      "driveFileId": "7eda392b-2472-418b-a0e8-918e48776945"
    },
    {
      "docId": "7f6b5f88-d7f5-426d-8feb-822691025fd9",
      "action": "would-stamp",
      "driveFileId": "7f6b5f88-d7f5-426d-8feb-822691025fd9"
    },
    {
      "docId": "7fac9e4d-21ee-4830-91e6-1e05f3cf93c0",
      "action": "would-stamp",
      "driveFileId": "7fac9e4d-21ee-4830-91e6-1e05f3cf93c0"
    },
    {
      "docId": "81b0bc66-c339-4e0e-a1ab-880920ede4e3",
      "action": "would-stamp",
      "driveFileId": "81b0bc66-c339-4e0e-a1ab-880920ede4e3"
    },
    {
      "docId": "82d38077-d6d9-4755-b797-3654de352da3",
      "action": "would-stamp",
      "driveFileId": "82d38077-d6d9-4755-b797-3654de352da3"
    },
    {
      "docId": "8311b9ad-cce4-4d96-aa4d-ec615a7f7401",
      "action": "would-stamp",
      "driveFileId": "8311b9ad-cce4-4d96-aa4d-ec615a7f7401"
    },
    {
      "docId": "837e0ce9-4525-4258-b0e1-0cf483189f81",
      "action": "would-stamp",
      "driveFileId": "837e0ce9-4525-4258-b0e1-0cf483189f81"
    },
    {
      "docId": "83d15dde-b4c6-4fc0-bf66-047d6d2f7142",
      "action": "would-stamp",
      "driveFileId": "83d15dde-b4c6-4fc0-bf66-047d6d2f7142"
    },
    {
      "docId": "8454f8fa-0904-43b9-a73c-06f41910bc1f",
      "action": "would-stamp",
      "driveFileId": "8454f8fa-0904-43b9-a73c-06f41910bc1f"
    },
    {
      "docId": "87bddcb0-5d4a-47f7-a7f2-20a99a17b5fc",
      "action": "would-stamp",
      "driveFileId": "87bddcb0-5d4a-47f7-a7f2-20a99a17b5fc"
    },
    {
      "docId": "88088b30-ef2e-41ad-bcd0-5d460377bd63",
      "action": "would-stamp",
      "driveFileId": "88088b30-ef2e-41ad-bcd0-5d460377bd63"
    },
    {
      "docId": "88726e5b-6464-4b0b-948a-f444bcdd005f",
      "action": "would-stamp",
      "driveFileId": "88726e5b-6464-4b0b-948a-f444bcdd005f"
    },
    {
      "docId": "89501d6f-d130-4a4a-8c41-2e274b06775c",
      "action": "would-stamp",
      "driveFileId": "89501d6f-d130-4a4a-8c41-2e274b06775c"
    },
    {
      "docId": "8a2e0e9c-e453-49e2-a1a9-8e39dd126a4c",
      "action": "would-stamp",
      "driveFileId": "8a2e0e9c-e453-49e2-a1a9-8e39dd126a4c"
    },
    {
      "docId": "8adc4ca1-a52f-4e4b-8909-d3d600a49993",
      "action": "would-stamp",
      "driveFileId": "8adc4ca1-a52f-4e4b-8909-d3d600a49993"
    },
    {
      "docId": "8b574308-24ce-4720-916e-98393d1042c9",
      "action": "would-stamp",
      "driveFileId": "8b574308-24ce-4720-916e-98393d1042c9"
    },
    {
      "docId": "8b7d7ef0-66a1-4058-bcab-de63cb10105f",
      "action": "would-stamp",
      "driveFileId": "8b7d7ef0-66a1-4058-bcab-de63cb10105f"
    },
    {
      "docId": "8b86ad63-38cc-4412-ad6d-7f194d3cd1e4",
      "action": "would-stamp",
      "driveFileId": "8b86ad63-38cc-4412-ad6d-7f194d3cd1e4"
    },
    {
      "docId": "8e175a22-f23d-4fd2-9d45-8e5c1b797f6c",
      "action": "would-stamp",
      "driveFileId": "8e175a22-f23d-4fd2-9d45-8e5c1b797f6c"
    },
    {
      "docId": "8fd11bd4-9d8c-4602-8fbd-7f4451e14c9d",
      "action": "would-stamp",
      "driveFileId": "8fd11bd4-9d8c-4602-8fbd-7f4451e14c9d"
    },
    {
      "docId": "9294a143-e27e-4638-afc2-4d3851912420",
      "action": "would-stamp",
      "driveFileId": "9294a143-e27e-4638-afc2-4d3851912420"
    },
    {
      "docId": "938fee53-1e52-4f4a-8846-75090fd132ba",
      "action": "would-stamp",
      "driveFileId": "938fee53-1e52-4f4a-8846-75090fd132ba"
    },
    {
      "docId": "979106ff-0de4-4c2f-bb30-bec95c154c72",
      "action": "would-stamp",
      "driveFileId": "979106ff-0de4-4c2f-bb30-bec95c154c72"
    },
    {
      "docId": "98f55ba9-5d00-41b4-ba6a-e1edf7a42a24",
      "action": "would-stamp",
      "driveFileId": "98f55ba9-5d00-41b4-ba6a-e1edf7a42a24"
    },
    {
      "docId": "991ccdfe-940a-4c5b-a1bb-68fc42432682",
      "action": "would-stamp",
      "driveFileId": "991ccdfe-940a-4c5b-a1bb-68fc42432682"
    },
    {
      "docId": "99876430-8fc9-43f6-b41b-ada31937c260",
      "action": "would-stamp",
      "driveFileId": "99876430-8fc9-43f6-b41b-ada31937c260"
    },
    {
      "docId": "9a1ac289-1717-4eb7-8cf4-59c5ced1b82f",
      "action": "would-stamp",
      "driveFileId": "9a1ac289-1717-4eb7-8cf4-59c5ced1b82f"
    },
    {
      "docId": "9b6a0ab0-9cdf-4862-94c8-5b63b6b77e6b",
      "action": "would-stamp",
      "driveFileId": "9b6a0ab0-9cdf-4862-94c8-5b63b6b77e6b"
    },
    {
      "docId": "9bc6a05a-cb52-45ac-b91e-7bd3c68aef9f",
      "action": "would-stamp",
      "driveFileId": "9bc6a05a-cb52-45ac-b91e-7bd3c68aef9f"
    },
    {
      "docId": "9c45f962-5894-44cd-852e-6b84e871067e",
      "action": "would-stamp",
      "driveFileId": "9c45f962-5894-44cd-852e-6b84e871067e"
    },
    {
      "docId": "9e9c3ff0-404b-44d1-ae7f-0bc924ae0fd8",
      "action": "would-stamp",
      "driveFileId": "9e9c3ff0-404b-44d1-ae7f-0bc924ae0fd8"
    },
    {
      "docId": "a220002e-3f12-49af-9310-abf3ab0dbe71",
      "action": "would-stamp",
      "driveFileId": "a220002e-3f12-49af-9310-abf3ab0dbe71"
    },
    {
      "docId": "a34e23e9-0bed-4585-ae3e-89af4fc2e53c",
      "action": "would-stamp",
      "driveFileId": "a34e23e9-0bed-4585-ae3e-89af4fc2e53c"
    },
    {
      "docId": "a5713e22-a445-4ae8-ae61-9ec45b05c14d",
      "action": "would-stamp",
      "driveFileId": "a5713e22-a445-4ae8-ae61-9ec45b05c14d"
    },
    {
      "docId": "a5c6d619-9578-45cc-90da-155a73b57c58",
      "action": "would-stamp",
      "driveFileId": "a5c6d619-9578-45cc-90da-155a73b57c58"
    },
    {
      "docId": "a71c69d3-7967-4a14-8547-abc2d193e28d",
      "action": "would-stamp",
      "driveFileId": "a71c69d3-7967-4a14-8547-abc2d193e28d"
    },
    {
      "docId": "a8c83317-b120-4e7e-8590-d33c43519b78",
      "action": "would-stamp",
      "driveFileId": "a8c83317-b120-4e7e-8590-d33c43519b78"
    },
    {
      "docId": "a8d3aa9e-6cf4-4960-9580-416b522255df",
      "action": "would-stamp",
      "driveFileId": "a8d3aa9e-6cf4-4960-9580-416b522255df"
    },
    {
      "docId": "a9d07bdd-0591-406c-a4e7-03c3b7cc94b8",
      "action": "would-stamp",
      "driveFileId": "a9d07bdd-0591-406c-a4e7-03c3b7cc94b8"
    },
    {
      "docId": "aa51edfb-c177-4f94-b7a7-8098b8679d1c",
      "action": "would-stamp",
      "driveFileId": "aa51edfb-c177-4f94-b7a7-8098b8679d1c"
    },
    {
      "docId": "abd6a2ca-3fc6-46e1-9f51-62946db19ae1",
      "action": "would-stamp",
      "driveFileId": "abd6a2ca-3fc6-46e1-9f51-62946db19ae1"
    },
    {
      "docId": "ac2ab0cd-4a3d-4fe2-99f3-3a2b50e24978",
      "action": "would-stamp",
      "driveFileId": "ac2ab0cd-4a3d-4fe2-99f3-3a2b50e24978"
    },
    {
      "docId": "ad2ceb97-f1d1-416a-acac-f28646bbe5e4",
      "action": "would-stamp",
      "driveFileId": "ad2ceb97-f1d1-416a-acac-f28646bbe5e4"
    },
    {
      "docId": "ad8e4572-c58e-44cc-ae89-b3d898bc5bb9",
      "action": "would-stamp",
      "driveFileId": "ad8e4572-c58e-44cc-ae89-b3d898bc5bb9"
    },
    {
      "docId": "adf52c8e-1bbf-450c-8972-b4ca8b8bea01",
      "action": "would-stamp",
      "driveFileId": "adf52c8e-1bbf-450c-8972-b4ca8b8bea01"
    },
    {
      "docId": "ae83649a-718d-4fc4-ace8-82a9f6c2a400",
      "action": "would-stamp",
      "driveFileId": "ae83649a-718d-4fc4-ace8-82a9f6c2a400"
    },
    {
      "docId": "ae971440-9066-4059-bf27-80c095b28058",
      "action": "would-stamp",
      "driveFileId": "ae971440-9066-4059-bf27-80c095b28058"
    },
    {
      "docId": "b097e578-24cf-42df-b669-05f1580a295e",
      "action": "would-stamp",
      "driveFileId": "b097e578-24cf-42df-b669-05f1580a295e"
    },
    {
      "docId": "b20a213e-a12a-4275-bccf-ed48c7492fd7",
      "action": "would-stamp",
      "driveFileId": "b20a213e-a12a-4275-bccf-ed48c7492fd7"
    },
    {
      "docId": "b23501fe-05d4-42c7-9527-42f124dec097",
      "action": "would-stamp",
      "driveFileId": "b23501fe-05d4-42c7-9527-42f124dec097"
    },
    {
      "docId": "b3661947-77a0-4de9-9800-00efe92f7ed0",
      "action": "would-stamp",
      "driveFileId": "b3661947-77a0-4de9-9800-00efe92f7ed0"
    },
    {
      "docId": "b3f1cdba-6e1d-497f-89e2-0b4facf13e0c",
      "action": "would-stamp",
      "driveFileId": "b3f1cdba-6e1d-497f-89e2-0b4facf13e0c"
    },
    {
      "docId": "b5084753-96d6-4ec7-a94f-a2a37b17af98",
      "action": "would-stamp",
      "driveFileId": "b5084753-96d6-4ec7-a94f-a2a37b17af98"
    },
    {
      "docId": "b557bab2-5e48-4e83-80f5-a9391e10241f",
      "action": "would-stamp",
      "driveFileId": "b557bab2-5e48-4e83-80f5-a9391e10241f"
    },
    {
      "docId": "b5d5aaa3-9556-453a-95ff-be7f84498877",
      "action": "would-stamp",
      "driveFileId": "b5d5aaa3-9556-453a-95ff-be7f84498877"
    },
    {
      "docId": "b60cd3c4-3e50-4449-a115-c068a81cb75e",
      "action": "would-stamp",
      "driveFileId": "b60cd3c4-3e50-4449-a115-c068a81cb75e"
    },
    {
      "docId": "b61290eb-8df3-4081-bad0-b4e54ff0112e",
      "action": "would-stamp",
      "driveFileId": "b61290eb-8df3-4081-bad0-b4e54ff0112e"
    },
    {
      "docId": "b6c40290-eb24-4461-8c58-947c9f3bf904",
      "action": "would-stamp",
      "driveFileId": "b6c40290-eb24-4461-8c58-947c9f3bf904"
    },
    {
      "docId": "b718c24a-03f5-4743-ae15-74a97245111e",
      "action": "would-stamp",
      "driveFileId": "b718c24a-03f5-4743-ae15-74a97245111e"
    },
    {
      "docId": "b836abfb-7be3-44f3-b81c-0382e92be27e",
      "action": "would-stamp",
      "driveFileId": "b836abfb-7be3-44f3-b81c-0382e92be27e"
    },
    {
      "docId": "b8860acc-ebbe-4b7e-a668-7aa92a1a7039",
      "action": "would-stamp",
      "driveFileId": "b8860acc-ebbe-4b7e-a668-7aa92a1a7039"
    },
    {
      "docId": "bd71fe2e-65aa-46aa-8674-0fb38c5f12c9",
      "action": "would-stamp",
      "driveFileId": "bd71fe2e-65aa-46aa-8674-0fb38c5f12c9"
    },
    {
      "docId": "bd8e39cd-94d3-4ec3-a2a7-5eb7c2f6eded",
      "action": "would-stamp",
      "driveFileId": "bd8e39cd-94d3-4ec3-a2a7-5eb7c2f6eded"
    },
    {
      "docId": "be2df12e-6055-4ab7-9db0-c11515d15c48",
      "action": "would-stamp",
      "driveFileId": "be2df12e-6055-4ab7-9db0-c11515d15c48"
    },
    {
      "docId": "be82b110-a864-41e8-a19e-a0789cd0c437",
      "action": "would-stamp",
      "driveFileId": "be82b110-a864-41e8-a19e-a0789cd0c437"
    },
    {
      "docId": "bea31cf5-59f9-47b9-ac1c-aeecc345a7ed",
      "action": "would-stamp",
      "driveFileId": "bea31cf5-59f9-47b9-ac1c-aeecc345a7ed"
    },
    {
      "docId": "bf3b034a-c117-459a-be3d-743f2e2f9b97",
      "action": "would-stamp",
      "driveFileId": "bf3b034a-c117-459a-be3d-743f2e2f9b97"
    },
    {
      "docId": "bf84ee28-7bb7-436e-9ab7-bdb5157a3e06",
      "action": "would-stamp",
      "driveFileId": "bf84ee28-7bb7-436e-9ab7-bdb5157a3e06"
    },
    {
      "docId": "c046a053-6a8a-45d2-8f88-64e35dc830c9",
      "action": "would-stamp",
      "driveFileId": "c046a053-6a8a-45d2-8f88-64e35dc830c9"
    },
    {
      "docId": "c35834ef-23e5-4db5-9db1-f91650d87812",
      "action": "would-stamp",
      "driveFileId": "c35834ef-23e5-4db5-9db1-f91650d87812"
    },
    {
      "docId": "c4761aac-f40d-45b0-a151-94869bcebdb3",
      "action": "would-stamp",
      "driveFileId": "c4761aac-f40d-45b0-a151-94869bcebdb3"
    },
    {
      "docId": "c5452a63-094f-40ce-a24c-bb7077ec0f92",
      "action": "would-stamp",
      "driveFileId": "c5452a63-094f-40ce-a24c-bb7077ec0f92"
    },
    {
      "docId": "c7e91f89-c940-4b30-8162-c5780ccdbcb1",
      "action": "would-stamp",
      "driveFileId": "c7e91f89-c940-4b30-8162-c5780ccdbcb1"
    },
    {
      "docId": "c8392be2-6de4-4f2d-bb87-a9f64012ea01",
      "action": "would-stamp",
      "driveFileId": "c8392be2-6de4-4f2d-bb87-a9f64012ea01"
    },
    {
      "docId": "c98dd389-724e-4ffe-9eb0-8eed621b782b",
      "action": "would-stamp",
      "driveFileId": "c98dd389-724e-4ffe-9eb0-8eed621b782b"
    },
    {
      "docId": "c9efe661-9eb8-42fc-89d5-13f026629dc7",
      "action": "would-stamp",
      "driveFileId": "c9efe661-9eb8-42fc-89d5-13f026629dc7"
    },
    {
      "docId": "ccfd3a8e-8e83-448b-948e-96b2cf14401a",
      "action": "would-stamp",
      "driveFileId": "ccfd3a8e-8e83-448b-948e-96b2cf14401a"
    },
    {
      "docId": "cf704b73-5f35-45fe-901f-a8b68d4fdc22",
      "action": "would-stamp",
      "driveFileId": "cf704b73-5f35-45fe-901f-a8b68d4fdc22"
    },
    {
      "docId": "d182a8c3-2bba-4a8b-8399-57d640cb2044",
      "action": "would-stamp",
      "driveFileId": "d182a8c3-2bba-4a8b-8399-57d640cb2044"
    },
    {
      "docId": "d1ccd776-0d8b-4860-8958-d8a9b0a5c254",
      "action": "would-stamp",
      "driveFileId": "d1ccd776-0d8b-4860-8958-d8a9b0a5c254"
    },
    {
      "docId": "d22779d6-bd3f-436c-8d5a-cc6daa3d92e6",
      "action": "would-stamp",
      "driveFileId": "d22779d6-bd3f-436c-8d5a-cc6daa3d92e6"
    },
    {
      "docId": "d2ba8f16-9eeb-49a0-b0b1-372065bc17be",
      "action": "would-stamp",
      "driveFileId": "d2ba8f16-9eeb-49a0-b0b1-372065bc17be"
    },
    {
      "docId": "d4385faa-e668-4a49-9a3b-b357a2933c49",
      "action": "would-stamp",
      "driveFileId": "d4385faa-e668-4a49-9a3b-b357a2933c49"
    },
    {
      "docId": "d56ad543-bac7-4fb9-825f-b9ceb8efd4cc",
      "action": "would-stamp",
      "driveFileId": "d56ad543-bac7-4fb9-825f-b9ceb8efd4cc"
    },
    {
      "docId": "d5899a90-cff2-4128-9d46-92f478bd9ced",
      "action": "would-stamp",
      "driveFileId": "d5899a90-cff2-4128-9d46-92f478bd9ced"
    },
    {
      "docId": "d5e81756-3b00-400e-9e5a-03a865e15fd6",
      "action": "would-stamp",
      "driveFileId": "d5e81756-3b00-400e-9e5a-03a865e15fd6"
    },
    {
      "docId": "d600ce2c-61d5-4a38-8508-e819e1a2b140",
      "action": "would-stamp",
      "driveFileId": "d600ce2c-61d5-4a38-8508-e819e1a2b140"
    },
    {
      "docId": "d630644f-befe-4991-862f-8cb0d9bcb68f",
      "action": "would-stamp",
      "driveFileId": "d630644f-befe-4991-862f-8cb0d9bcb68f"
    },
    {
      "docId": "d74c9faf-ccd2-47e3-a5bf-efbf6e153b9a",
      "action": "would-stamp",
      "driveFileId": "d74c9faf-ccd2-47e3-a5bf-efbf6e153b9a"
    },
    {
      "docId": "da5ef9be-c840-42c8-aedc-4065cbe3e2d9",
      "action": "would-stamp",
      "driveFileId": "da5ef9be-c840-42c8-aedc-4065cbe3e2d9"
    },
    {
      "docId": "da7f973d-c7e6-4cdc-9581-046a0dce2cf0",
      "action": "would-stamp",
      "driveFileId": "da7f973d-c7e6-4cdc-9581-046a0dce2cf0"
    },
    {
      "docId": "da949a70-a1d1-45ba-9406-161c634e0585",
      "action": "would-stamp",
      "driveFileId": "da949a70-a1d1-45ba-9406-161c634e0585"
    },
    {
      "docId": "db332014-1948-4445-9cb5-f983b24f9a27",
      "action": "would-stamp",
      "driveFileId": "db332014-1948-4445-9cb5-f983b24f9a27"
    },
    {
      "docId": "dc3389ab-af69-42ac-ba08-e2f13c3d343f",
      "action": "would-stamp",
      "driveFileId": "dc3389ab-af69-42ac-ba08-e2f13c3d343f"
    },
    {
      "docId": "dc4fb084-3b23-4481-8353-efc8bbafdb3d",
      "action": "would-stamp",
      "driveFileId": "dc4fb084-3b23-4481-8353-efc8bbafdb3d"
    },
    {
      "docId": "dcacad1e-5f4b-4d03-b221-58692b1b8d1e",
      "action": "would-stamp",
      "driveFileId": "dcacad1e-5f4b-4d03-b221-58692b1b8d1e"
    },
    {
      "docId": "ddc758b3-2e1f-46df-853a-153d2a920c68",
      "action": "would-stamp",
      "driveFileId": "ddc758b3-2e1f-46df-853a-153d2a920c68"
    },
    {
      "docId": "df306e1c-5687-4031-893c-32de03310bc8",
      "action": "would-stamp",
      "driveFileId": "df306e1c-5687-4031-893c-32de03310bc8"
    },
    {
      "docId": "e0d2d8d8-86a4-4692-b70f-404e2f911fd6",
      "action": "would-stamp",
      "driveFileId": "e0d2d8d8-86a4-4692-b70f-404e2f911fd6"
    },
    {
      "docId": "e14dd153-549a-4803-b484-37ccedabffa1",
      "action": "would-stamp",
      "driveFileId": "e14dd153-549a-4803-b484-37ccedabffa1"
    },
    {
      "docId": "e16dbb6e-9b17-4518-978f-bc32de99fa39",
      "action": "would-stamp",
      "driveFileId": "e16dbb6e-9b17-4518-978f-bc32de99fa39"
    },
    {
      "docId": "e36d7e15-6c9b-4f1f-98ec-e0683bfea7cc",
      "action": "would-stamp",
      "driveFileId": "e36d7e15-6c9b-4f1f-98ec-e0683bfea7cc"
    },
    {
      "docId": "e3708fd4-7182-4b11-ac84-d6e0ebd9e661",
      "action": "would-stamp",
      "driveFileId": "e3708fd4-7182-4b11-ac84-d6e0ebd9e661"
    },
    {
      "docId": "e48e03d1-6c4b-4656-be2c-a5527ac516a2",
      "action": "would-stamp",
      "driveFileId": "e48e03d1-6c4b-4656-be2c-a5527ac516a2"
    },
    {
      "docId": "e50241ed-5c6e-4616-84ae-df9f9abda905",
      "action": "would-stamp",
      "driveFileId": "e50241ed-5c6e-4616-84ae-df9f9abda905"
    },
    {
      "docId": "e51ba89e-a687-407f-bb32-992173dfd65f",
      "action": "would-stamp",
      "driveFileId": "e51ba89e-a687-407f-bb32-992173dfd65f"
    },
    {
      "docId": "e54ff293-2e3a-41c1-ac1e-079bdb1c31d4",
      "action": "would-stamp",
      "driveFileId": "e54ff293-2e3a-41c1-ac1e-079bdb1c31d4"
    },
    {
      "docId": "e8f1b65c-1571-4303-bb2f-f3d180419583",
      "action": "would-stamp",
      "driveFileId": "e8f1b65c-1571-4303-bb2f-f3d180419583"
    },
    {
      "docId": "ec4d7894-8dfa-4ea4-bff0-a36d43451ac3",
      "action": "would-stamp",
      "driveFileId": "ec4d7894-8dfa-4ea4-bff0-a36d43451ac3"
    },
    {
      "docId": "ed609fc6-d1da-40e1-8f6b-b389ab5ce6a1",
      "action": "would-stamp",
      "driveFileId": "ed609fc6-d1da-40e1-8f6b-b389ab5ce6a1"
    },
    {
      "docId": "ed77e409-a4fc-4518-82e2-4b9a71a9cde5",
      "action": "would-stamp",
      "driveFileId": "ed77e409-a4fc-4518-82e2-4b9a71a9cde5"
    },
    {
      "docId": "edc49352-b032-4967-8ac4-c76ef3cf0beb",
      "action": "would-stamp",
      "driveFileId": "edc49352-b032-4967-8ac4-c76ef3cf0beb"
    },
    {
      "docId": "ee2b1395-b9ce-4fcb-85b5-ed0d8bb9e067",
      "action": "would-stamp",
      "driveFileId": "ee2b1395-b9ce-4fcb-85b5-ed0d8bb9e067"
    },
    {
      "docId": "f1015c5a-b953-4511-9378-141c155e3f91",
      "action": "would-stamp",
      "driveFileId": "f1015c5a-b953-4511-9378-141c155e3f91"
    },
    {
      "docId": "f1168454-effb-4a7e-943b-23ed1b8b78a8",
      "action": "would-stamp",
      "driveFileId": "f1168454-effb-4a7e-943b-23ed1b8b78a8"
    },
    {
      "docId": "f1600ae6-d7bb-4076-ba42-1a3e5e24c112",
      "action": "would-stamp",
      "driveFileId": "f1600ae6-d7bb-4076-ba42-1a3e5e24c112"
    },
    {
      "docId": "f173a88d-64e8-4af2-9abc-ca7c7e662797",
      "action": "would-stamp",
      "driveFileId": "f173a88d-64e8-4af2-9abc-ca7c7e662797"
    },
    {
      "docId": "f19400b3-dfed-43da-b957-566517cccb75",
      "action": "would-stamp",
      "driveFileId": "f19400b3-dfed-43da-b957-566517cccb75"
    },
    {
      "docId": "f270dee3-fc29-4047-ac9c-0e3dcb998126",
      "action": "would-stamp",
      "driveFileId": "f270dee3-fc29-4047-ac9c-0e3dcb998126"
    },
    {
      "docId": "f34bf3e8-f306-4945-b212-e2dab83b7b8d",
      "action": "would-stamp",
      "driveFileId": "f34bf3e8-f306-4945-b212-e2dab83b7b8d"
    },
    {
      "docId": "f3533786-9922-4b85-a6a3-5e7651237d78",
      "action": "would-stamp",
      "driveFileId": "f3533786-9922-4b85-a6a3-5e7651237d78"
    },
    {
      "docId": "f462cfc0-6f29-4460-9422-071c07b6c717",
      "action": "would-stamp",
      "driveFileId": "f462cfc0-6f29-4460-9422-071c07b6c717"
    },
    {
      "docId": "f4e8fd6c-06e2-4b65-afe5-756698b8d678",
      "action": "would-stamp",
      "driveFileId": "f4e8fd6c-06e2-4b65-afe5-756698b8d678"
    },
    {
      "docId": "f4fd95a8-6d2e-4477-bf70-ff83f5ade912",
      "action": "would-stamp",
      "driveFileId": "f4fd95a8-6d2e-4477-bf70-ff83f5ade912"
    },
    {
      "docId": "f719b0dd-1662-4c70-9142-f1e99e580487",
      "action": "would-stamp",
      "driveFileId": "f719b0dd-1662-4c70-9142-f1e99e580487"
    },
    {
      "docId": "f8f97785-c7b0-4a1a-8015-b6ef108a7939",
      "action": "would-stamp",
      "driveFileId": "f8f97785-c7b0-4a1a-8015-b6ef108a7939"
    },
    {
      "docId": "f9921a95-cab9-4b2b-9869-a024cfc21e2b",
      "action": "would-stamp",
      "driveFileId": "f9921a95-cab9-4b2b-9869-a024cfc21e2b"
    },
    {
      "docId": "fa1f678c-9f4d-4cd8-8e4e-897278c4840f",
      "action": "would-stamp",
      "driveFileId": "fa1f678c-9f4d-4cd8-8e4e-897278c4840f"
    },
    {
      "docId": "fa8d38f9-cf6a-4349-9c2b-d514ca42fc2f",
      "action": "would-stamp",
      "driveFileId": "fa8d38f9-cf6a-4349-9c2b-d514ca42fc2f"
    },
    {
      "docId": "fb0c1ad8-f068-47fe-a61a-aa8f6f2cc607",
      "action": "would-stamp",
      "driveFileId": "fb0c1ad8-f068-47fe-a61a-aa8f6f2cc607"
    },
    {
      "docId": "fb29fdcb-6db1-44a8-8df1-e76aaeae5475",
      "action": "would-stamp",
      "driveFileId": "fb29fdcb-6db1-44a8-8df1-e76aaeae5475"
    },
    {
      "docId": "fbf15797-3d74-4397-86c4-931b16a334cf",
      "action": "would-stamp",
      "driveFileId": "fbf15797-3d74-4397-86c4-931b16a334cf"
    },
    {
      "docId": "fcc1c2fe-358e-43ec-b39f-bfa84ba1b6e2",
      "action": "would-stamp",
      "driveFileId": "fcc1c2fe-358e-43ec-b39f-bfa84ba1b6e2"
    },
    {
      "docId": "fcdeef79-f662-4ac6-aa94-bdf74511ac2c",
      "action": "would-stamp",
      "driveFileId": "fcdeef79-f662-4ac6-aa94-bdf74511ac2c"
    },
    {
      "docId": "fe495975-d73d-43ca-ba6c-2a16b2702bdf",
      "action": "would-stamp",
      "driveFileId": "fe495975-d73d-43ca-ba6c-2a16b2702bdf"
    }
  ]
}
