[@sentry/nextjs] DEPRECATION WARNING: disableLogger is deprecated and will be removed in a future version. Use webpack.treeshake.removeDebugLogging instead.
▲ Next.js 16.2.6 (webpack)
- Environments: .env.local
- Experiments (use with caution):
  · clientTraceMetadata

  Creating an optimized production build ...
[@sentry/nextjs] DEPRECATION WARNING: It is recommended renaming your `sentry.client.config.ts` file, or moving its content to `instrumentation-client.ts`. When using Turbopack `sentry.client.config.ts` will no longer work. Read more about the `instrumentation-client.ts` file: https://nextjs.org/docs/app/api-reference/file-conventions/instrumentation-client
⚠ Compiled with warnings in 49s

../sheet-music-app-auditor-validation/node_modules/next/dist/build/webpack/loaders/css-loader/src/runtime/api.js
There are multiple modules with names that only differ in casing.
This can lead to unexpected behavior when compiling on a filesystem with other case-semantic.
Use equal casing. Compare these module identifiers:
* C:\Users\dsbog\CentralReform.live\sheet-music-app-auditor-validation\node_modules\next\dist\build\webpack\loaders\css-loader\src\runtime\api.js
    Used by 2 module(s), i. e.
    C:\Users\dsbog\centralreform.live\sheet-music-app-auditor-validation\node_modules\next\dist\build\webpack\loaders\css-loader\src\index.js??ruleSet[1].rules[15].oneOf[10].use[2]!C:\Users\dsbog\centralreform.live\sheet-music-app-auditor-validation\node_modules\next\dist\build\webpack\loaders\postcss-loader\src\index.js??ruleSet[1].rules[15].oneOf[10].use[3]!C:\Users\dsbog\CentralReform.live\sheet-music-app-tsc-hygiene\src\app\globals.css
* C:\Users\dsbog\centralreform.live\sheet-music-app-auditor-validation\node_modules\next\dist\build\webpack\loaders\css-loader\src\runtime\api.js
    Used by 7 module(s), i. e.
    C:\Users\dsbog\centralreform.live\sheet-music-app-auditor-validation\node_modules\next\dist\build\webpack\loaders\css-loader\src\index.js??ruleSet[1].rules[15].oneOf[2].use[1]!C:\Users\dsbog\centralreform.live\sheet-music-app-auditor-validation\node_modules\next\dist\build\webpack\loaders\next-font-loader\index.js??ruleSet[1].rules[15].oneOf[2].use[2]!C:\Users\dsbog\centralreform.live\sheet-music-app-auditor-validation\node_modules\next\font\google\target.css?{"path":"src\\app\\layout.tsx","import":"Poppins","arguments":[{"weight":["300","400","500","600","700"],"variable":"--font-sans","subsets":["latin"]}],"variableName":"poppins"}

Import trace for requested module:
../sheet-music-app-auditor-validation/node_modules/next/dist/build/webpack/loaders/css-loader/src/runtime/api.js
./src/app/globals.css.webpack[javascript/auto]!=!../sheet-music-app-auditor-validation/node_modules/next/dist/build/webpack/loaders/css-loader/src/index.js??ruleSet[1].rules[15].oneOf[10].use[2]!../sheet-music-app-auditor-validation/node_modules/next/dist/build/webpack/loaders/postcss-loader/src/index.js??ruleSet[1].rules[15].oneOf[10].use[3]!./src/app/globals.css
./src/app/globals.css

../sheet-music-app-auditor-validation/node_modules/next/dist/server/app-render/async-local-storage.js
There are multiple modules with names that only differ in casing.
This can lead to unexpected behavior when compiling on a filesystem with other case-semantic.
Use equal casing. Compare these module identifiers:
* javascript/auto|C:\Users\dsbog\CentralReform.live\sheet-music-app-auditor-validation\node_modules\next\dist\server\app-render\async-local-storage.js|shared
    Used by 4 module(s), i. e.
    javascript/auto|C:\Users\dsbog\CentralReform.live\sheet-music-app-auditor-validation\node_modules\next\dist\server\app-render\action-async-storage-instance.js|shared
* javascript/auto|C:\Users\dsbog\centralreform.live\sheet-music-app-auditor-validation\node_modules\next\dist\server\app-render\async-local-storage.js|shared
    Used by 2 module(s), i. e.
    javascript/auto|C:\Users\dsbog\centralreform.live\sheet-music-app-auditor-validation\node_modules\next\dist\server\app-render\work-async-storage-instance.js|shared

Import trace for requested module:
../sheet-music-app-auditor-validation/node_modules/next/dist/server/app-render/async-local-storage.js
../sheet-music-app-auditor-validation/node_modules/next/dist/server/app-render/action-async-storage-instance.js
../sheet-music-app-auditor-validation/node_modules/next/dist/server/app-render/action-async-storage.external.js
../sheet-music-app-auditor-validation/node_modules/next/dist/client/components/redirect.js
../sheet-music-app-auditor-validation/node_modules/next/dist/client/components/app-router.js
../sheet-music-app-auditor-validation/node_modules/next/dist/client/app-index.js

../sheet-music-app-auditor-validation/node_modules/next/dist/server/app-render/work-async-storage-instance.js
There are multiple modules with names that only differ in casing.
This can lead to unexpected behavior when compiling on a filesystem with other case-semantic.
Use equal casing. Compare these module identifiers:
* javascript/auto|C:\Users\dsbog\CentralReform.live\sheet-music-app-auditor-validation\node_modules\next\dist\server\app-render\work-async-storage-instance.js|shared
    Used by 1 module(s), i. e.
    javascript/auto|C:\Users\dsbog\centralreform.live\sheet-music-app-auditor-validation\node_modules\next\dist\build\webpack\loaders\next-flight-client-module-loader.js!C:\Users\dsbog\centralreform.live\sheet-music-app-auditor-validation\node_modules\next\dist\build\webpack\loaders\next-swc-loader.js??ruleSet[1].rules[17].oneOf[6].use[1]!C:\Users\dsbog\CentralReform.live\sheet-music-app-auditor-validation\node_modules\next\dist\server\app-render\work-async-storage.external.js|shared
* javascript/auto|C:\Users\dsbog\centralreform.live\sheet-music-app-auditor-validation\node_modules\next\dist\server\app-render\work-async-storage-instance.js|shared
    Used by 1 module(s), i. e.
    javascript/auto|C:\Users\dsbog\centralreform.live\sheet-music-app-auditor-validation\node_modules\next\dist\build\webpack\loaders\next-flight-client-module-loader.js!C:\Users\dsbog\centralreform.live\sheet-music-app-auditor-validation\node_modules\next\dist\build\webpack\loaders\next-swc-loader.js??ruleSet[1].rules[17].oneOf[6].use[1]!C:\Users\dsbog\centralreform.live\sheet-music-app-auditor-validation\node_modules\next\dist\server\app-render\work-async-storage.external.js|shared

Import trace for requested module:
../sheet-music-app-auditor-validation/node_modules/next/dist/server/app-render/work-async-storage-instance.js
../sheet-music-app-auditor-validation/node_modules/next/dist/server/app-render/work-async-storage.external.js
../sheet-music-app-auditor-validation/node_modules/next/dist/client/components/handle-isr-error.js
../sheet-music-app-auditor-validation/node_modules/next/dist/client/components/error-boundary.js
../sheet-music-app-auditor-validation/node_modules/next/dist/client/react-client-callbacks/error-boundary-callbacks.js
../sheet-music-app-auditor-validation/node_modules/next/dist/client/app-index.js

../sheet-music-app-auditor-validation/node_modules/process/browser.js
There are multiple modules with names that only differ in casing.
This can lead to unexpected behavior when compiling on a filesystem with other case-semantic.
Use equal casing. Compare these module identifiers:
* javascript/auto|C:\Users\dsbog\CentralReform.live\sheet-music-app-auditor-validation\node_modules\process\browser.js|app-pages-browser
    Used by 2 module(s), i. e.
    javascript/auto|C:\Users\dsbog\centralreform.live\sheet-music-app-auditor-validation\node_modules\next\dist\build\webpack\loaders\next-flight-client-module-loader.js!C:\Users\dsbog\centralreform.live\sheet-music-app-auditor-validation\node_modules\next\dist\build\webpack\loaders\next-swc-loader.js??ruleSet[1].rules[17].oneOf[6].use[1]!C:\Users\dsbog\CentralReform.live\sheet-music-app-auditor-validation\node_modules\next\dist\lib\scheduler.js|app-pages-browser
* javascript/auto|C:\Users\dsbog\centralreform.live\sheet-music-app-auditor-validation\node_modules\process\browser.js|app-pages-browser
    Used by 24 module(s), i. e.
    javascript/auto|C:\Users\dsbog\centralreform.live\sheet-music-app-auditor-validation\node_modules\next\dist\build\webpack\loaders\next-flight-client-module-loader.js!C:\Users\dsbog\centralreform.live\sheet-music-app-auditor-validation\node_modules\next\dist\build\webpack\loaders\next-swc-loader.js??ruleSet[1].rules[17].oneOf[6].use[1]!C:\Users\dsbog\CentralReform.live\sheet-music-app-tsc-hygiene\src\lib\firebase.ts|app-pages-browser

Import trace for requested module:
../sheet-music-app-auditor-validation/node_modules/process/browser.js
../sheet-music-app-auditor-validation/node_modules/next/dist/lib/scheduler.js
../sheet-music-app-auditor-validation/node_modules/next/dist/server/app-render/dynamic-rendering.js
../sheet-music-app-auditor-validation/node_modules/next/dist/client/components/navigation.js
../sheet-music-app-auditor-validation/node_modules/next/dist/client/components/redirect-boundary.js
../sheet-music-app-auditor-validation/node_modules/next/dist/client/components/app-router.js
../sheet-music-app-auditor-validation/node_modules/next/dist/client/app-index.js

../sheet-music-app-auditor-validation/node_modules/next/dist/client/add-base-path.js
There are multiple modules with names that only differ in casing.
This can lead to unexpected behavior when compiling on a filesystem with other case-semantic.
Use equal casing. Compare these module identifiers:
* javascript/auto|C:\Users\dsbog\centralreform.live\sheet-music-app-auditor-validation\node_modules\next\dist\build\webpack\loaders\next-flight-client-module-loader.js!C:\Users\dsbog\centralreform.live\sheet-music-app-auditor-validation\node_modules\next\dist\build\webpack\loaders\next-swc-loader.js??ruleSet[1].rules[17].oneOf[6].use[1]!C:\Users\dsbog\CentralReform.live\sheet-music-app-auditor-validation\node_modules\next\dist\client\add-base-path.js|app-pages-browser
    Used by 4 module(s), i. e.
    javascript/auto|C:\Users\dsbog\centralreform.live\sheet-music-app-auditor-validation\node_modules\next\dist\build\webpack\loaders\next-flight-client-module-loader.js!C:\Users\dsbog\centralreform.live\sheet-music-app-auditor-validation\node_modules\next\dist\build\webpack\loaders\next-swc-loader.js??ruleSet[1].rules[17].oneOf[6].use[1]!C:\Users\dsbog\CentralReform.live\sheet-music-app-auditor-validation\node_modules\next\dist\client\components\app-router-instance.js|app-pages-browser
* javascript/auto|C:\Users\dsbog\centralreform.live\sheet-music-app-auditor-validation\node_modules\next\dist\build\webpack\loaders\next-flight-client-module-loader.js!C:\Users\dsbog\centralreform.live\sheet-music-app-auditor-validation\node_modules\next\dist\build\webpack\loaders\next-swc-loader.js??ruleSet[1].rules[17].oneOf[6].use[1]!C:\Users\dsbog\centralreform.live\sheet-music-app-auditor-validation\node_modules\next\dist\client\add-base-path.js|app-pages-browser
    Used by 6 module(s), i. e.
    javascript/auto|C:\Users\dsbog\centralreform.live\sheet-music-app-auditor-validation\node_modules\next\dist\build\webpack\loaders\next-flight-client-module-loader.js!C:\Users\dsbog\centralreform.live\sheet-music-app-auditor-validation\node_modules\next\dist\build\webpack\loaders\next-swc-loader.js??ruleSet[1].rules[17].oneOf[6].use[1]!C:\Users\dsbog\centralreform.live\sheet-music-app-auditor-validation\node_modules\next\dist\client\app-dir\link.js|app-pages-browser

Import trace for requested module:
../sheet-music-app-auditor-validation/node_modules/next/dist/client/add-base-path.js
../sheet-music-app-auditor-validation/node_modules/next/dist/client/components/app-router-instance.js
../sheet-music-app-auditor-validation/node_modules/next/dist/client/app-index.js

../sheet-music-app-auditor-validation/node_modules/next/dist/client/app-call-server.js
There are multiple modules with names that only differ in casing.
This can lead to unexpected behavior when compiling on a filesystem with other case-semantic.
Use equal casing. Compare these module identifiers:
* javascript/auto|C:\Users\dsbog\centralreform.live\sheet-music-app-auditor-validation\node_modules\next\dist\build\webpack\loaders\next-flight-client-module-loader.js!C:\Users\dsbog\centralreform.live\sheet-music-app-auditor-validation\node_modules\next\dist\build\webpack\loaders\next-swc-loader.js??ruleSet[1].rules[17].oneOf[6].use[1]!C:\Users\dsbog\CentralReform.live\sheet-music-app-auditor-validation\node_modules\next\dist\client\app-call-server.js|app-pages-browser
    Used by 4 module(s), i. e.
    javascript/auto|C:\Users\dsbog\centralreform.live\sheet-music-app-auditor-validation\node_modules\next\dist\build\webpack\loaders\next-flight-client-module-loader.js!C:\Users\dsbog\centralreform.live\sheet-music-app-auditor-validation\node_modules\next\dist\build\webpack\loaders\next-swc-loader.js??ruleSet[1].rules[17].oneOf[6].use[1]!C:\Users\dsbog\CentralReform.live\sheet-music-app-auditor-validation\node_modules\next\dist\client\app-index.js|app-pages-browser
* javascript/auto|C:\Users\dsbog\centralreform.live\sheet-music-app-auditor-validation\node_modules\next\dist\build\webpack\loaders\next-flight-client-module-loader.js!C:\Users\dsbog\centralreform.live\sheet-music-app-auditor-validation\node_modules\next\dist\build\webpack\loaders\next-swc-loader.js??ruleSet[1].rules[17].oneOf[6].use[1]!C:\Users\dsbog\centralreform.live\sheet-music-app-auditor-validation\node_modules\next\dist\client\app-call-server.js|app-pages-browser
    Used by 3 module(s), i. e.
    javascript/auto|C:\Users\dsbog\centralreform.live\sheet-music-app-auditor-validation\node_modules\next\dist\build\webpack\loaders\next-flight-client-module-loader.js!C:\Users\dsbog\centralreform.live\sheet-music-app-auditor-validation\node_modules\next\dist\build\webpack\loaders\next-swc-loader.js??ruleSet[1].rules[17].oneOf[6].use[1]!C:\Users\dsbog\centralreform.live\sheet-music-app-auditor-validation\node_modules\next\dist\client\components\router-reducer\fetch-server-response.js|app-pages-browser

Import trace for requested module:
../sheet-music-app-auditor-validation/node_modules/next/dist/client/app-call-server.js
../sheet-music-app-auditor-validation/node_modules/next/dist/client/app-index.js

../sheet-music-app-auditor-validation/node_modules/next/dist/client/app-find-source-map-url.js
There are multiple modules with names that only differ in casing.
This can lead to unexpected behavior when compiling on a filesystem with other case-semantic.
Use equal casing. Compare these module identifiers:
* javascript/auto|C:\Users\dsbog\centralreform.live\sheet-music-app-auditor-validation\node_modules\next\dist\build\webpack\loaders\next-flight-client-module-loader.js!C:\Users\dsbog\centralreform.live\sheet-music-app-auditor-validation\node_modules\next\dist\build\webpack\loaders\next-swc-loader.js??ruleSet[1].rules[17].oneOf[6].use[1]!C:\Users\dsbog\CentralReform.live\sheet-music-app-auditor-validation\node_modules\next\dist\client\app-find-source-map-url.js|app-pages-browser
    Used by 4 module(s), i. e.
    javascript/auto|C:\Users\dsbog\centralreform.live\sheet-music-app-auditor-validation\node_modules\next\dist\build\webpack\loaders\next-flight-client-module-loader.js!C:\Users\dsbog\centralreform.live\sheet-music-app-auditor-validation\node_modules\next\dist\build\webpack\loaders\next-swc-loader.js??ruleSet[1].rules[17].oneOf[6].use[1]!C:\Users\dsbog\CentralReform.live\sheet-music-app-auditor-validation\node_modules\next\dist\client\app-index.js|app-pages-browser
* javascript/auto|C:\Users\dsbog\centralreform.live\sheet-music-app-auditor-validation\node_modules\next\dist\build\webpack\loaders\next-flight-client-module-loader.js!C:\Users\dsbog\centralreform.live\sheet-music-app-auditor-validation\node_modules\next\dist\build\webpack\loaders\next-swc-loader.js??ruleSet[1].rules[17].oneOf[6].use[1]!C:\Users\dsbog\centralreform.live\sheet-music-app-auditor-validation\node_modules\next\dist\client\app-find-source-map-url.js|app-pages-browser
    Used by 3 module(s), i. e.
    javascript/auto|C:\Users\dsbog\centralreform.live\sheet-music-app-auditor-validation\node_modules\next\dist\build\webpack\loaders\next-flight-client-module-loader.js!C:\Users\dsbog\centralreform.live\sheet-music-app-auditor-validation\node_modules\next\dist\build\webpack\loaders\next-swc-loader.js??ruleSet[1].rules[17].oneOf[6].use[1]!C:\Users\dsbog\centralreform.live\sheet-music-app-auditor-validation\node_modules\next\dist\client\components\router-reducer\fetch-server-response.js|app-pages-browser

Import trace for requested module:
../sheet-music-app-auditor-validation/node_modules/next/dist/client/app-find-source-map-url.js
../sheet-music-app-auditor-validation/node_modules/next/dist/client/app-index.js

../sheet-music-app-auditor-validation/node_modules/next/dist/client/assign-location.js
There are multiple modules with names that only differ in casing.
This can lead to unexpected behavior when compiling on a filesystem with other case-semantic.
Use equal casing. Compare these module identifiers:
* javascript/auto|C:\Users\dsbog\centralreform.live\sheet-music-app-auditor-validation\node_modules\next\dist\build\webpack\loaders\next-flight-client-module-loader.js!C:\Users\dsbog\centralreform.live\sheet-music-app-auditor-validation\node_modules\next\dist\build\webpack\loaders\next-swc-loader.js??ruleSet[1].rules[17].oneOf[6].use[1]!C:\Users\dsbog\CentralReform.live\sheet-music-app-auditor-validation\node_modules\next\dist\client\assign-location.js|app-pages-browser
    Used by 2 module(s), i. e.
    javascript/auto|C:\Users\dsbog\centralreform.live\sheet-music-app-auditor-validation\node_modules\next\dist\build\webpack\loaders\next-flight-client-module-loader.js!C:\Users\dsbog\centralreform.live\sheet-music-app-auditor-validation\node_modules\next\dist\build\webpack\loaders\next-swc-loader.js??ruleSet[1].rules[17].oneOf[6].use[1]!C:\Users\dsbog\CentralReform.live\sheet-music-app-auditor-validation\node_modules\next\dist\client\components\router-reducer\reducers\server-action-reducer.js|app-pages-browser
* javascript/auto|C:\Users\dsbog\centralreform.live\sheet-music-app-auditor-validation\node_modules\next\dist\build\webpack\loaders\next-flight-client-module-loader.js!C:\Users\dsbog\centralreform.live\sheet-music-app-auditor-validation\node_modules\next\dist\build\webpack\loaders\next-swc-loader.js??ruleSet[1].rules[17].oneOf[6].use[1]!C:\Users\dsbog\centralreform.live\sheet-music-app-auditor-validation\node_modules\next\dist\client\assign-location.js|app-pages-browser
    Used by 2 module(s), i. e.
    javascript/auto|C:\Users\dsbog\centralreform.live\sheet-music-app-auditor-validation\node_modules\next\dist\build\webpack\loaders\next-flight-client-module-loader.js!C:\Users\dsbog\centralreform.live\sheet-music-app-auditor-validation\node_modules\next\dist\build\webpack\loaders\next-swc-loader.js??ruleSet[1].rules[17].oneOf[6].use[1]!C:\Users\dsbog\centralreform.live\sheet-music-app-auditor-validation\node_modules\next\dist\client\components\router-reducer\reducers\server-action-reducer.js|app-pages-browser

Import trace for requested module:
../sheet-music-app-auditor-validation/node_modules/next/dist/client/assign-location.js
../sheet-music-app-auditor-validation/node_modules/next/dist/client/components/router-reducer/reducers/server-action-reducer.js
../sheet-music-app-auditor-validation/node_modules/next/dist/client/components/router-reducer/router-reducer.js
../sheet-music-app-auditor-validation/node_modules/next/dist/client/components/app-router-instance.js
../sheet-music-app-auditor-validation/node_modules/next/dist/client/app-index.js

../sheet-music-app-auditor-validation/node_modules/next/dist/client/components/app-router-announcer.js
There are multiple modules with names that only differ in casing.
This can lead to unexpected behavior when compiling on a filesystem with other case-semantic.
Use equal casing. Compare these module identifiers:
* javascript/auto|C:\Users\dsbog\centralreform.live\sheet-music-app-auditor-validation\node_modules\next\dist\build\webpack\loaders\next-flight-client-module-loader.js!C:\Users\dsbog\centralreform.live\sheet-music-app-auditor-validation\node_modules\next\dist\build\webpack\loaders\next-swc-loader.js??ruleSet[1].rules[17].oneOf[6].use[1]!C:\Users\dsbog\CentralReform.live\sheet-music-app-auditor-validation\node_modules\next\dist\client\components\app-router-announcer.js|app-pages-browser
    Used by 2 module(s), i. e.
    javascript/auto|C:\Users\dsbog\centralreform.live\sheet-music-app-auditor-validation\node_modules\next\dist\build\webpack\loaders\next-flight-client-module-loader.js!C:\Users\dsbog\centralreform.live\sheet-music-app-auditor-validation\node_modules\next\dist\build\webpack\loaders\next-swc-loader.js??ruleSet[1].rules[17].oneOf[6].use[1]!C:\Users\dsbog\CentralReform.live\sheet-music-app-auditor-validation\node_modules\next\dist\client\components\app-router.js|app-pages-browser
* javascript/auto|C:\Users\dsbog\centralreform.live\sheet-music-app-auditor-validation\node_modules\next\dist\build\webpack\loaders\next-flight-client-module-loader.js!C:\Users\dsbog\centralreform.live\sheet-music-app-auditor-validation\node_modules\next\dist\build\webpack\loaders\next-swc-loader.js??ruleSet[1].rules[17].oneOf[6].use[1]!C:\Users\dsbog\centralreform.live\sheet-music-app-auditor-validation\node_modules\next\dist\client\components\app-router-announcer.js|app-pages-browser
    Used by 2 module(s), i. e.
    javascript/auto|C:\Users\dsbog\centralreform.live\sheet-music-app-auditor-validation\node_modules\next\dist\build\webpack\loaders\next-flight-client-module-loader.js!C:\Users\dsbog\centralreform.live\sheet-music-app-auditor-validation\node_modules\next\dist\build\webpack\loaders\next-swc-loader.js??ruleSet[1].rules[17].oneOf[6].use[1]!C:\Users\dsbog\centralreform.live\sheet-music-app-auditor-validation\node_modules\next\dist\client\components\app-router.js|app-pages-browser

Import trace for requested module:
../sheet-music-app-auditor-validation/node_modules/next/dist/client/components/app-router-announcer.js
../sheet-music-app-auditor-validation/node_modules/next/dist/client/components/app-router.js
../sheet-music-app-auditor-validation/node_modules/next/dist/client/app-index.js

../sheet-music-app-auditor-validation/node_modules/next/dist/client/components/app-router-headers.js
There are multiple modules with names that only differ in casing.
This can lead to unexpected behavior when compiling on a filesystem with other case-semantic.
Use equal casing. Compare these module identifiers:
* javascript/auto|C:\Users\dsbog\centralreform.live\sheet-music-app-auditor-validation\node_modules\next\dist\build\webpack\loaders\next-flight-client-module-loader.js!C:\Users\dsbog\centralreform.live\sheet-music-app-auditor-validation\node_modules\next\dist\build\webpack\loaders\next-swc-loader.js??ruleSet[1].rules[17].oneOf[6].use[1]!C:\Users\dsbog\CentralReform.live\sheet-music-app-auditor-validation\node_modules\next\dist\client\components\app-router-headers.js|app-pages-browser
    Used by 7 module(s), i. e.
    javascript/auto|C:\Users\dsbog\centralreform.live\sheet-music-app-auditor-validation\node_modules\next\dist\build\webpack\loaders\next-flight-client-module-loader.js!C:\Users\dsbog\centralreform.live\sheet-music-app-auditor-validation\node_modules\next\dist\build\webpack\loaders\next-swc-loader.js??ruleSet[1].rules[17].oneOf[6].use[1]!C:\Users\dsbog\CentralReform.live\sheet-music-app-auditor-validation\node_modules\next\dist\client\route-params.js|app-pages-browser
* javascript/auto|C:\Users\dsbog\centralreform.live\sheet-music-app-auditor-validation\node_modules\next\dist\build\webpack\loaders\next-flight-client-module-loader.js!C:\Users\dsbog\centralreform.live\sheet-music-app-auditor-validation\node_modules\next\dist\build\webpack\loaders\next-swc-loader.js??ruleSet[1].rules[17].oneOf[6].use[1]!C:\Users\dsbog\centralreform.live\sheet-music-app-auditor-validation\node_modules\next\dist\client\components\app-router-headers.js|app-pages-browser
    Used by 7 module(s), i. e.
    javascript/auto|C:\Users\dsbog\centralreform.live\sheet-music-app-auditor-validation\node_modules\next\dist\build\webpack\loaders\next-flight-client-module-loader.js!C:\Users\dsbog\centralreform.live\sheet-music-app-auditor-validation\node_modules\next\dist\build\webpack\loaders\next-swc-loader.js??ruleSet[1].rules[17].oneOf[6].use[1]!C:\Users\dsbog\centralreform.live\sheet-music-app-auditor-validation\node_modules\next\dist\client\route-params.js|app-pages-browser

Import trace for requested module:
../sheet-music-app-auditor-validation/node_modules/next/dist/client/components/app-router-headers.js
../sheet-music-app-auditor-validation/node_modules/next/dist/client/route-params.js
../sheet-music-app-auditor-validation/node_modules/next/dist/client/flight-data-helpers.js
../sheet-music-app-auditor-validation/node_modules/next/dist/client/app-index.js

../sheet-music-app-auditor-validation/node_modules/next/dist/client/components/app-router-instance.js
There are multiple modules with names that only differ in casing.
This can lead to unexpected behavior when compiling on a filesystem with other case-semantic.
Use equal casing. Compare these module identifiers:
* javascript/auto|C:\Users\dsbog\centralreform.live\sheet-music-app-auditor-validation\node_modules\next\dist\build\webpack\loaders\next-flight-client-module-loader.js!C:\Users\dsbog\centralreform.live\sheet-music-app-auditor-validation\node_modules\next\dist\build\webpack\loaders\next-swc-loader.js??ruleSet[1].rules[17].oneOf[6].use[1]!C:\Users\dsbog\CentralReform.live\sheet-music-app-auditor-validation\node_modules\next\dist\client\components\app-router-instance.js|app-pages-browser
    Used by 4 module(s), i. e.
    javascript/auto|C:\Users\dsbog\centralreform.live\sheet-music-app-auditor-validation\node_modules\next\dist\build\webpack\loaders\next-flight-client-module-loader.js!C:\Users\dsbog\centralreform.live\sheet-music-app-auditor-validation\node_modules\next\dist\build\webpack\loaders\next-swc-loader.js??ruleSet[1].rules[17].oneOf[6].use[1]!C:\Users\dsbog\CentralReform.live\sheet-music-app-auditor-validation\node_modules\next\dist\client\app-index.js|app-pages-browser
* javascript/auto|C:\Users\dsbog\centralreform.live\sheet-music-app-auditor-validation\node_modules\next\dist\build\webpack\loaders\next-flight-client-module-loader.js!C:\Users\dsbog\centralreform.live\sheet-music-app-auditor-validation\node_modules\next\dist\build\webpack\loaders\next-swc-loader.js??ruleSet[1].rules[17].oneOf[6].use[1]!C:\Users\dsbog\centralreform.live\sheet-music-app-auditor-validation\node_modules\next\dist\client\components\app-router-instance.js|app-pages-browser
    Used by 4 module(s), i. e.
    javascript/auto|C:\Users\dsbog\centralreform.live\sheet-music-app-auditor-validation\node_modules\next\dist\build\webpack\loaders\next-flight-client-module-loader.js!C:\Users\dsbog\centralreform.live\sheet-music-app-auditor-validation\node_modules\next\dist\build\webpack\loaders\next-swc-loader.js??ruleSet[1].rules[17].oneOf[6].use[1]!C:\Users\dsbog\centralreform.live\sheet-music-app-auditor-validation\node_modules\next\dist\client\app-dir\link.js|app-pages-browser

Import trace for requested module:
../sheet-music-app-auditor-validation/node_modules/next/dist/client/components/app-router-instance.js
../sheet-music-app-auditor-validation/node_modules/next/dist/client/app-index.js

../sheet-music-app-auditor-validation/node_modules/next/dist/client/components/app-router-utils.js
There are multiple modules with names that only differ in casing.
This can lead to unexpected behavior when compiling on a filesystem with other case-semantic.
Use equal casing. Compare these module identifiers:
* javascript/auto|C:\Users\dsbog\centralreform.live\sheet-music-app-auditor-validation\node_modules\next\dist\build\webpack\loaders\next-flight-client-module-loader.js!C:\Users\dsbog\centralreform.live\sheet-music-app-auditor-validation\node_modules\next\dist\build\webpack\loaders\next-swc-loader.js??ruleSet[1].rules[17].oneOf[6].use[1]!C:\Users\dsbog\CentralReform.live\sheet-music-app-auditor-validation\node_modules\next\dist\client\components\app-router-utils.js|app-pages-browser
    Used by 5 module(s), i. e.
    javascript/auto|C:\Users\dsbog\centralreform.live\sheet-music-app-auditor-validation\node_modules\next\dist\build\webpack\loaders\next-flight-client-module-loader.js!C:\Users\dsbog\centralreform.live\sheet-music-app-auditor-validation\node_modules\next\dist\build\webpack\loaders\next-swc-loader.js??ruleSet[1].rules[17].oneOf[6].use[1]!C:\Users\dsbog\CentralReform.live\sheet-music-app-auditor-validation\node_modules\next\dist\client\components\app-router-instance.js|app-pages-browser
* javascript/auto|C:\Users\dsbog\centralreform.live\sheet-music-app-auditor-validation\node_modules\next\dist\build\webpack\loaders\next-flight-client-module-loader.js!C:\Users\dsbog\centralreform.live\sheet-music-app-auditor-validation\node_modules\next\dist\build\webpack\loaders\next-swc-loader.js??ruleSet[1].rules[17].oneOf[6].use[1]!C:\Users\dsbog\centralreform.live\sheet-music-app-auditor-validation\node_modules\next\dist\client\components\app-router-utils.js|app-pages-browser
    Used by 5 module(s), i. e.
    javascript/auto|C:\Users\dsbog\centralreform.live\sheet-music-app-auditor-validation\node_modules\next\dist\build\webpack\loaders\next-flight-client-module-loader.js!C:\Users\dsbog\centralreform.live\sheet-music-app-auditor-validation\node_modules\next\dist\build\webpack\loaders\next-swc-loader.js??ruleSet[1].rules[17].oneOf[6].use[1]!C:\Users\dsbog\centralreform.live\sheet-music-app-auditor-validation\node_modules\next\dist\client\components\links.js|app-pages-browser

Import trace for requested module:
../sheet-music-app-auditor-validation/node_modules/next/dist/client/components/app-router-utils.js
../sheet-music-app-auditor-validation/node_modules/next/dist/client/components/app-router-instance.js
../sheet-music-app-auditor-validation/node_modules/next/dist/client/app-index.js

../sheet-music-app-auditor-validation/node_modules/next/dist/client/components/app-router.js
There are multiple modules with names that only differ in casing.
This can lead to unexpected behavior when compiling on a filesystem with other case-semantic.
Use equal casing. Compare these module identifiers:
* javascript/auto|C:\Users\dsbog\centralreform.live\sheet-music-app-auditor-validation\node_modules\next\dist\build\webpack\loaders\next-flight-client-module-loader.js!C:\Users\dsbog\centralreform.live\sheet-music-app-auditor-validation\node_modules\next\dist\build\webpack\loaders\next-swc-loader.js??ruleSet[1].rules[17].oneOf[6].use[1]!C:\Users\dsbog\CentralReform.live\sheet-music-app-auditor-validation\node_modules\next\dist\client\components\app-router.js|app-pages-browser
    Used by 2 module(s), i. e.
    javascript/auto|C:\Users\dsbog\centralreform.live\sheet-music-app-auditor-validation\node_modules\next\dist\build\webpack\loaders\next-flight-client-module-loader.js!C:\Users\dsbog\centralreform.live\sheet-music-app-auditor-validation\node_modules\next\dist\build\webpack\loaders\next-swc-loader.js??ruleSet[1].rules[17].oneOf[6].use[1]!C:\Users\dsbog\CentralReform.live\sheet-music-app-auditor-validation\node_modules\next\dist\client\app-index.js|app-pages-browser
* javascript/auto|C:\Users\dsbog\centralreform.live\sheet-music-app-auditor-validation\node_modules\next\dist\build\webpack\loaders\next-flight-client-module-loader.js!C:\Users\dsbog\centralreform.live\sheet-music-app-auditor-validation\node_modules\next\dist\build\webpack\loaders\next-swc-loader.js??ruleSet[1].rules[17].oneOf[6].use[1]!C:\Users\dsbog\centralreform.live\sheet-music-app-auditor-validation\node_modules\next\dist\client\components\app-router.js|app-pages-browser
    Used by 2 module(s), i. e.
    javascript/auto|C:\Users\dsbog\centralreform.live\sheet-music-app-auditor-validation\node_modules\next\dist\build\webpack\loaders\next-flight-client-module-loader.js!C:\Users\dsbog\centralreform.live\sheet-music-app-auditor-validation\node_modules\next\dist\build\webpack\loaders\next-swc-loader.js??ruleSet[1].rules[17].oneOf[6].use[1]!C:\Users\dsbog\CentralReform.live\sheet-music-app-auditor-validation\node_modules\next\dist\client\app-next.js|app-pages-browser

Import trace for requested module:
../sheet-music-app-auditor-validation/node_modules/next/dist/client/components/app-router.js
../sheet-music-app-auditor-validation/node_modules/next/dist/client/app-index.js

../sheet-music-app-auditor-validation/node_modules/next/dist/client/components/builtin/error-styles.js
There are multiple modules with names that only differ in casing.
This can lead to unexpected behavior when compiling on a filesystem with other case-semantic.
Use equal casing. Compare these module identifiers:
* javascript/auto|C:\Users\dsbog\centralreform.live\sheet-music-app-auditor-validation\node_modules\next\dist\build\webpack\loaders\next-flight-client-module-loader.js!C:\Users\dsbog\centralreform.live\sheet-music-app-auditor-validation\node_modules\next\dist\build\webpack\loaders\next-swc-loader.js??ruleSet[1].rules[17].oneOf[6].use[1]!C:\Users\dsbog\CentralReform.live\sheet-music-app-auditor-validation\node_modules\next\dist\client\components\builtin\error-styles.js|app-pages-browser
    Used by 2 module(s), i. e.
    javascript/auto|C:\Users\dsbog\centralreform.live\sheet-music-app-auditor-validation\node_modules\next\dist\build\webpack\loaders\next-flight-client-module-loader.js!C:\Users\dsbog\centralreform.live\sheet-music-app-auditor-validation\node_modules\next\dist\build\webpack\loaders\next-swc-loader.js??ruleSet[1].rules[17].oneOf[6].use[1]!C:\Users\dsbog\CentralReform.live\sheet-music-app-auditor-validation\node_modules\next\dist\client\components\builtin\global-error.js|app-pages-browser
* javascript/auto|C:\Users\dsbog\centralreform.live\sheet-music-app-auditor-validation\node_modules\next\dist\build\webpack\loaders\next-flight-client-module-loader.js!C:\Users\dsbog\centralreform.live\sheet-music-app-auditor-validation\node_modules\next\dist\build\webpack\loaders\next-swc-loader.js??ruleSet[1].rules[17].oneOf[6].use[1]!C:\Users\dsbog\centralreform.live\sheet-music-app-auditor-validation\node_modules\next\dist\client\components\builtin\error-styles.js|app-pages-browser
    Used by 2 module(s), i. e.
    javascript/auto|C:\Users\dsbog\centralreform.live\sheet-music-app-auditor-validation\node_modules\next\dist\build\webpack\loaders\next-flight-client-module-loader.js!C:\Users\dsbog\centralreform.live\sheet-music-app-auditor-validation\node_modules\next\dist\build\webpack\loaders\next-swc-loader.js??ruleSet[1].rules[17].oneOf[6].use[1]!C:\Users\dsbog\centralreform.live\sheet-music-app-auditor-validation\node_modules\next\dist\client\components\builtin\global-error.js|app-pages-browser

Import trace for requested module:
../sheet-music-app-auditor-validation/node_modules/next/dist/client/components/builtin/error-styles.js
../sheet-music-app-auditor-validation/node_modules/next/dist/client/components/builtin/global-error.js
../sheet-music-app-auditor-validation/node_modules/next/dist/client/react-client-callbacks/error-boundary-callbacks.js
../sheet-music-app-auditor-validation/node_modules/next/dist/client/app-index.js

../sheet-music-app-auditor-validation/node_modules/next/dist/client/components/builtin/global-error.js
There are multiple modules with names that only differ in casing.
This can lead to unexpected behavior when compiling on a filesystem with other case-semantic.
Use equal casing. Compare these module identifiers:
* javascript/auto|C:\Users\dsbog\centralreform.live\sheet-music-app-auditor-validation\node_modules\next\dist\build\webpack\loaders\next-flight-client-module-loader.js!C:\Users\dsbog\centralreform.live\sheet-music-app-auditor-validation\node_modules\next\dist\build\webpack\loaders\next-swc-loader.js??ruleSet[1].rules[17].oneOf[6].use[1]!C:\Users\dsbog\CentralReform.live\sheet-music-app-auditor-validation\node_modules\next\dist\client\components\builtin\global-error.js|app-pages-browser
    Used by 3 module(s), i. e.
    javascript/auto|C:\Users\dsbog\centralreform.live\sheet-music-app-auditor-validation\node_modules\next\dist\build\webpack\loaders\next-flight-client-module-loader.js!C:\Users\dsbog\centralreform.live\sheet-music-app-auditor-validation\node_modules\next\dist\build\webpack\loaders\next-swc-loader.js??ruleSet[1].rules[17].oneOf[6].use[1]!C:\Users\dsbog\CentralReform.live\sheet-music-app-auditor-validation\node_modules\next\dist\client\react-client-callbacks\error-boundary-callbacks.js|app-pages-browser
* javascript/auto|C:\Users\dsbog\centralreform.live\sheet-music-app-auditor-validation\node_modules\next\dist\build\webpack\loaders\next-flight-client-module-loader.js!C:\Users\dsbog\centralreform.live\sheet-music-app-auditor-validation\node_modules\next\dist\build\webpack\loaders\next-swc-loader.js??ruleSet[1].rules[17].oneOf[6].use[1]!C:\Users\dsbog\centralreform.live\sheet-music-app-auditor-validation\node_modules\next\dist\client\components\builtin\global-error.js|app-pages-browser
    Used by 2 module(s), i. e.
    javascript/auto|C:\Users\dsbog\centralreform.live\sheet-music-app-auditor-validation\node_modules\next\dist\build\webpack\loaders\next-flight-client-module-loader.js!C:\Users\dsbog\centralreform.live\sheet-music-app-auditor-validation\node_modules\next\dist\build\webpack\loaders\next-swc-loader.js??ruleSet[1].rules[17].oneOf[6].use[1]!C:\Users\dsbog\centralreform.live\sheet-music-app-auditor-validation\node_modules\next\dist\client\components\app-router.js|app-pages-browser

Import trace for requested module:
../sheet-music-app-auditor-validation/node_modules/next/dist/client/components/builtin/global-error.js
../sheet-music-app-auditor-validation/node_modules/next/dist/client/react-client-callbacks/error-boundary-callbacks.js
../sheet-music-app-auditor-validation/node_modules/next/dist/client/app-index.js

../sheet-music-app-auditor-validation/node_modules/next/dist/client/components/error-boundary.js
There are multiple modules with names that only differ in casing.
This can lead to unexpected behavior when compiling on a filesystem with other case-semantic.
Use equal casing. Compare these module identifiers:
* javascript/auto|C:\Users\dsbog\centralreform.live\sheet-music-app-auditor-validation\node_modules\next\dist\build\webpack\loaders\next-flight-client-module-loader.js!C:\Users\dsbog\centralreform.live\sheet-music-app-auditor-validation\node_modules\next\dist\build\webpack\loaders\next-swc-loader.js??ruleSet[1].rules[17].oneOf[6].use[1]!C:\Users\dsbog\CentralReform.live\sheet-music-app-auditor-validation\node_modules\next\dist\client\components\error-boundary.js|app-pages-browser
    Used by 3 module(s), i. e.
    javascript/auto|C:\Users\dsbog\centralreform.live\sheet-music-app-auditor-validation\node_modules\next\dist\build\webpack\loaders\next-flight-client-module-loader.js!C:\Users\dsbog\centralreform.live\sheet-music-app-auditor-validation\node_modules\next\dist\build\webpack\loaders\next-swc-loader.js??ruleSet[1].rules[17].oneOf[6].use[1]!C:\Users\dsbog\CentralReform.live\sheet-music-app-auditor-validation\node_modules\next\dist\client\react-client-callbacks\error-boundary-callbacks.js|app-pages-browser
* javascript/auto|C:\Users\dsbog\centralreform.live\sheet-music-app-auditor-validation\node_modules\next\dist\build\webpack\loaders\next-flight-client-module-loader.js!C:\Users\dsbog\centralreform.live\sheet-music-app-auditor-validation\node_modules\next\dist\build\webpack\loaders\next-swc-loader.js??ruleSet[1].rules[17].oneOf[6].use[1]!C:\Users\dsbog\centralreform.live\sheet-music-app-auditor-validation\node_modules\next\dist\client\components\error-boundary.js|app-pages-browser
    Used by 3 module(s), i. e.
    javascript/auto|C:\Users\dsbog\centralreform.live\sheet-music-app-auditor-validation\node_modules\next\dist\build\webpack\loaders\next-flight-client-module-loader.js!C:\Users\dsbog\centralreform.live\sheet-music-app-auditor-validation\node_modules\next\dist\build\webpack\loaders\next-swc-loader.js??ruleSet[1].rules[17].oneOf[6].use[1]!C:\Users\dsbog\centralreform.live\sheet-music-app-auditor-validation\node_modules\next\dist\client\components\layout-router.js|app-pages-browser

Import trace for requested module:
../sheet-music-app-auditor-validation/node_modules/next/dist/client/components/error-boundary.js
../sheet-music-app-auditor-validation/node_modules/next/dist/client/react-client-callbacks/error-boundary-callbacks.js
../sheet-music-app-auditor-validation/node_modules/next/dist/client/app-index.js

../sheet-music-app-auditor-validation/node_modules/next/dist/client/components/errors/graceful-degrade-boundary.js
There are multiple modules with names that only differ in casing.
This can lead to unexpected behavior when compiling on a filesystem with other case-semantic.
Use equal casing. Compare these module identifiers:
* javascript/auto|C:\Users\dsbog\centralreform.live\sheet-music-app-auditor-validation\node_modules\next\dist\build\webpack\loaders\next-flight-client-module-loader.js!C:\Users\dsbog\centralreform.live\sheet-music-app-auditor-validation\node_modules\next\dist\build\webpack\loaders\next-swc-loader.js??ruleSet[1].rules[17].oneOf[6].use[1]!C:\Users\dsbog\CentralReform.live\sheet-music-app-auditor-validation\node_modules\next\dist\client\components\errors\graceful-degrade-boundary.js|app-pages-browser
    Used by 2 module(s), i. e.
    javascript/auto|C:\Users\dsbog\centralreform.live\sheet-music-app-auditor-validation\node_modules\next\dist\build\webpack\loaders\next-flight-client-module-loader.js!C:\Users\dsbog\centralreform.live\sheet-music-app-auditor-validation\node_modules\next\dist\build\webpack\loaders\next-swc-loader.js??ruleSet[1].rules[17].oneOf[6].use[1]!C:\Users\dsbog\CentralReform.live\sheet-music-app-auditor-validation\node_modules\next\dist\client\components\errors\root-error-boundary.js|app-pages-browser
* javascript/auto|C:\Users\dsbog\centralreform.live\sheet-music-app-auditor-validation\node_modules\next\dist\build\webpack\loaders\next-flight-client-module-loader.js!C:\Users\dsbog\centralreform.live\sheet-music-app-auditor-validation\node_modules\next\dist\build\webpack\loaders\next-swc-loader.js??ruleSet[1].rules[17].oneOf[6].use[1]!C:\Users\dsbog\centralreform.live\sheet-music-app-auditor-validation\node_modules\next\dist\client\components\errors\graceful-degrade-boundary.js|app-pages-browser
    Used by 2 module(s), i. e.
    javascript/auto|C:\Users\dsbog\centralreform.live\sheet-music-app-auditor-validation\node_modules\next\dist\build\webpack\loaders\next-flight-client-module-loader.js!C:\Users\dsbog\centralreform.live\sheet-music-app-auditor-validation\node_modules\next\dist\build\webpack\loaders\next-swc-loader.js??ruleSet[1].rules[17].oneOf[6].use[1]!C:\Users\dsbog\centralreform.live\sheet-music-app-auditor-validation\node_modules\next\dist\client\components\errors\root-error-boundary.js|app-pages-browser

Import trace for requested module:
../sheet-music-app-auditor-validation/node_modules/next/dist/client/components/errors/graceful-degrade-boundary.js
../sheet-music-app-auditor-validation/node_modules/next/dist/client/components/errors/root-error-boundary.js
../sheet-music-app-auditor-validation/node_modules/next/dist/client/components/app-router.js
../sheet-music-app-auditor-validation/node_modules/next/dist/client/app-index.js

../sheet-music-app-auditor-validation/node_modules/next/dist/client/components/errors/root-error-boundary.js
There are multiple modules with names that only differ in casing.
This can lead to unexpected behavior when compiling on a filesystem with other case-semantic.
Use equal casing. Compare these module identifiers:
* javascript/auto|C:\Users\dsbog\centralreform.live\sheet-music-app-auditor-validation\node_modules\next\dist\build\webpack\loaders\next-flight-client-module-loader.js!C:\Users\dsbog\centralreform.live\sheet-music-app-auditor-validation\node_modules\next\dist\build\webpack\loaders\next-swc-loader.js??ruleSet[1].rules[17].oneOf[6].use[1]!C:\Users\dsbog\CentralReform.live\sheet-music-app-auditor-validation\node_modules\next\dist\client\components\errors\root-error-boundary.js|app-pages-browser
    Used by 2 module(s), i. e.
    javascript/auto|C:\Users\dsbog\centralreform.live\sheet-music-app-auditor-validation\node_modules\next\dist\build\webpack\loaders\next-flight-client-module-loader.js!C:\Users\dsbog\centralreform.live\sheet-music-app-auditor-validation\node_modules\next\dist\build\webpack\loaders\next-swc-loader.js??ruleSet[1].rules[17].oneOf[6].use[1]!C:\Users\dsbog\CentralReform.live\sheet-music-app-auditor-validation\node_modules\next\dist\client\components\app-router.js|app-pages-browser
* javascript/auto|C:\Users\dsbog\centralreform.live\sheet-music-app-auditor-validation\node_modules\next\dist\build\webpack\loaders\next-flight-client-module-loader.js!C:\Users\dsbog\centralreform.live\sheet-music-app-auditor-validation\node_modules\next\dist\build\webpack\loaders\next-swc-loader.js??ruleSet[1].rules[17].oneOf[6].use[1]!C:\Users\dsbog\centralreform.live\sheet-music-app-auditor-validation\node_modules\next\dist\client\components\errors\root-error-boundary.js|app-pages-browser
    Used by 2 module(s), i. e.
    javascript/auto|C:\Users\dsbog\centralreform.live\sheet-music-app-auditor-validation\node_modules\next\dist\build\webpack\loaders\next-flight-client-module-loader.js!C:\Users\dsbog\centralreform.live\sheet-music-app-auditor-validation\node_modules\next\dist\build\webpack\loaders\next-swc-loader.js??ruleSet[1].rules[17].oneOf[6].use[1]!C:\Users\dsbog\centralreform.live\sheet-music-app-auditor-validation\node_modules\next\dist\client\components\app-router.js|app-pages-browser

Import trace for requested module:
../sheet-music-app-auditor-validation/node_modules/next/dist/client/components/errors/root-error-boundary.js
../sheet-music-app-auditor-validation/node_modules/next/dist/client/components/app-router.js
../sheet-music-app-auditor-validation/node_modules/next/dist/client/app-index.js

../sheet-music-app-auditor-validation/node_modules/next/dist/client/components/forbidden.js
There are multiple modules with names that only differ in casing.
This can lead to unexpected behavior when compiling on a filesystem with other case-semantic.
Use equal casing. Compare these module identifiers:
* javascript/auto|C:\Users\dsbog\centralreform.live\sheet-music-app-auditor-validation\node_modules\next\dist\build\webpack\loaders\next-flight-client-module-loader.js!C:\Users\dsbog\centralreform.live\sheet-music-app-auditor-validation\node_modules\next\dist\build\webpack\loaders\next-swc-loader.js??ruleSet[1].rules[17].oneOf[6].use[1]!C:\Users\dsbog\CentralReform.live\sheet-music-app-auditor-validation\node_modules\next\dist\client\components\forbidden.js|app-pages-browser
    Used by 2 module(s), i. e.
    javascript/auto|C:\Users\dsbog\centralreform.live\sheet-music-app-auditor-validation\node_modules\next\dist\build\webpack\loaders\next-flight-client-module-loader.js!C:\Users\dsbog\centralreform.live\sheet-music-app-auditor-validation\node_modules\next\dist\build\webpack\loaders\next-swc-loader.js??ruleSet[1].rules[17].oneOf[6].use[1]!C:\Users\dsbog\CentralReform.live\sheet-music-app-auditor-validation\node_modules\next\dist\client\components\navigation.react-server.js|app-pages-browser
* javascript/auto|C:\Users\dsbog\centralreform.live\sheet-music-app-auditor-validation\node_modules\next\dist\build\webpack\loaders\next-flight-client-module-loader.js!C:\Users\dsbog\centralreform.live\sheet-music-app-auditor-validation\node_modules\next\dist\build\webpack\loaders\next-swc-loader.js??ruleSet[1].rules[17].oneOf[6].use[1]!C:\Users\dsbog\centralreform.live\sheet-music-app-auditor-validation\node_modules\next\dist\client\components\forbidden.js|app-pages-browser
    Used by 2 module(s), i. e.
    javascript/auto|C:\Users\dsbog\centralreform.live\sheet-music-app-auditor-validation\node_modules\next\dist\build\webpack\loaders\next-flight-client-module-loader.js!C:\Users\dsbog\centralreform.live\sheet-music-app-auditor-validation\node_modules\next\dist\build\webpack\loaders\next-swc-loader.js??ruleSet[1].rules[17].oneOf[6].use[1]!C:\Users\dsbog\centralreform.live\sheet-music-app-auditor-validation\node_modules\next\dist\client\components\navigation.react-server.js|app-pages-browser

Import trace for requested module:
../sheet-music-app-auditor-validation/node_modules/next/dist/client/components/forbidden.js
../sheet-music-app-auditor-validation/node_modules/next/dist/client/components/navigation.react-server.js
../sheet-music-app-auditor-validation/node_modules/next/dist/client/components/navigation.js
../sheet-music-app-auditor-validation/node_modules/next/dist/client/components/redirect-boundary.js
../sheet-music-app-auditor-validation/node_modules/next/dist/client/components/app-router.js
../sheet-music-app-auditor-validation/node_modules/next/dist/client/app-index.js

../sheet-music-app-auditor-validation/node_modules/next/dist/client/components/handle-isr-error.js
There are multiple modules with names that only differ in casing.
This can lead to unexpected behavior when compiling on a filesystem with other case-semantic.
Use equal casing. Compare these module identifiers:
* javascript/auto|C:\Users\dsbog\centralreform.live\sheet-music-app-auditor-validation\node_modules\next\dist\build\webpack\loaders\next-flight-client-module-loader.js!C:\Users\dsbog\centralreform.live\sheet-music-app-auditor-validation\node_modules\next\dist\build\webpack\loaders\next-swc-loader.js??ruleSet[1].rules[17].oneOf[6].use[1]!C:\Users\dsbog\CentralReform.live\sheet-music-app-auditor-validation\node_modules\next\dist\client\components\handle-isr-error.js|app-pages-browser
    Used by 3 module(s), i. e.
    javascript/auto|C:\Users\dsbog\centralreform.live\sheet-music-app-auditor-validation\node_modules\next\dist\build\webpack\loaders\next-flight-client-module-loader.js!C:\Users\dsbog\centralreform.live\sheet-music-app-auditor-validation\node_modules\next\dist\build\webpack\loaders\next-swc-loader.js??ruleSet[1].rules[17].oneOf[6].use[1]!C:\Users\dsbog\CentralReform.live\sheet-music-app-auditor-validation\node_modules\next\dist\client\components\error-boundary.js|app-pages-browser
* javascript/auto|C:\Users\dsbog\centralreform.live\sheet-music-app-auditor-validation\node_modules\next\dist\build\webpack\loaders\next-flight-client-module-loader.js!C:\Users\dsbog\centralreform.live\sheet-music-app-auditor-validation\node_modules\next\dist\build\webpack\loaders\next-swc-loader.js??ruleSet[1].rules[17].oneOf[6].use[1]!C:\Users\dsbog\centralreform.live\sheet-music-app-auditor-validation\node_modules\next\dist\client\components\handle-isr-error.js|app-pages-browser
    Used by 3 module(s), i. e.
    javascript/auto|C:\Users\dsbog\centralreform.live\sheet-music-app-auditor-validation\node_modules\next\dist\build\webpack\loaders\next-flight-client-module-loader.js!C:\Users\dsbog\centralreform.live\sheet-music-app-auditor-validation\node_modules\next\dist\build\webpack\loaders\next-swc-loader.js??ruleSet[1].rules[17].oneOf[6].use[1]!C:\Users\dsbog\centralreform.live\sheet-music-app-auditor-validation\node_modules\next\dist\client\components\error-boundary.js|app-pages-browser

Import trace for requested module:
../sheet-music-app-auditor-validation/node_modules/next/dist/client/components/handle-isr-error.js
../sheet-music-app-auditor-validation/node_modules/next/dist/client/components/error-boundary.js
../sheet-music-app-auditor-validation/node_modules/next/dist/client/react-client-callbacks/error-boundary-callbacks.js
../sheet-music-app-auditor-validation/node_modules/next/dist/client/app-index.js

../sheet-music-app-auditor-validation/node_modules/next/dist/client/components/http-access-fallback/http-access-fallback.js
There are multiple modules with names that only differ in casing.
This can lead to unexpected behavior when compiling on a filesystem with other case-semantic.
Use equal casing. Compare these module identifiers:
* javascript/auto|C:\Users\dsbog\centralreform.live\sheet-music-app-auditor-validation\node_modules\next\dist\build\webpack\loaders\next-flight-client-module-loader.js!C:\Users\dsbog\centralreform.live\sheet-music-app-auditor-validation\node_modules\next\dist\build\webpack\loaders\next-swc-loader.js??ruleSet[1].rules[17].oneOf[6].use[1]!C:\Users\dsbog\CentralReform.live\sheet-music-app-auditor-validation\node_modules\next\dist\client\components\http-access-fallback\http-access-fallback.js|app-pages-browser
    Used by 5 module(s), i. e.
    javascript/auto|C:\Users\dsbog\centralreform.live\sheet-music-app-auditor-validation\node_modules\next\dist\build\webpack\loaders\next-flight-client-module-loader.js!C:\Users\dsbog\centralreform.live\sheet-music-app-auditor-validation\node_modules\next\dist\build\webpack\loaders\next-swc-loader.js??ruleSet[1].rules[17].oneOf[6].use[1]!C:\Users\dsbog\CentralReform.live\sheet-music-app-auditor-validation\node_modules\next\dist\client\components\is-next-router-error.js|app-pages-browser
* javascript/auto|C:\Users\dsbog\centralreform.live\sheet-music-app-auditor-validation\node_modules\next\dist\build\webpack\loaders\next-flight-client-module-loader.js!C:\Users\dsbog\centralreform.live\sheet-music-app-auditor-validation\node_modules\next\dist\build\webpack\loaders\next-swc-loader.js??ruleSet[1].rules[17].oneOf[6].use[1]!C:\Users\dsbog\centralreform.live\sheet-music-app-auditor-validation\node_modules\next\dist\client\components\http-access-fallback\http-access-fallback.js|app-pages-browser
    Used by 6 module(s), i. e.
    javascript/auto|C:\Users\dsbog\centralreform.live\sheet-music-app-auditor-validation\node_modules\next\dist\build\webpack\loaders\next-flight-client-module-loader.js!C:\Users\dsbog\centralreform.live\sheet-music-app-auditor-validation\node_modules\next\dist\build\webpack\loaders\next-swc-loader.js??ruleSet[1].rules[17].oneOf[6].use[1]!C:\Users\dsbog\centralreform.live\sheet-music-app-auditor-validation\node_modules\next\dist\client\components\http-access-fallback\error-boundary.js|app-pages-browser

Import trace for requested module:
../sheet-music-app-auditor-validation/node_modules/next/dist/client/components/http-access-fallback/http-access-fallback.js
../sheet-music-app-auditor-validation/node_modules/next/dist/client/components/is-next-router-error.js
../sheet-music-app-auditor-validation/node_modules/next/dist/client/react-client-callbacks/error-boundary-callbacks.js
../sheet-music-app-auditor-validation/node_modules/next/dist/client/app-index.js

../sheet-music-app-auditor-validation/node_modules/next/dist/client/components/is-next-router-error.js
There are multiple modules with names that only differ in casing.
This can lead to unexpected behavior when compiling on a filesystem with other case-semantic.
Use equal casing. Compare these module identifiers:
* javascript/auto|C:\Users\dsbog\centralreform.live\sheet-music-app-auditor-validation\node_modules\next\dist\build\webpack\loaders\next-flight-client-module-loader.js!C:\Users\dsbog\centralreform.live\sheet-music-app-auditor-validation\node_modules\next\dist\build\webpack\loaders\next-swc-loader.js??ruleSet[1].rules[17].oneOf[6].use[1]!C:\Users\dsbog\CentralReform.live\sheet-music-app-auditor-validation\node_modules\next\dist\client\components\is-next-router-error.js|app-pages-browser
    Used by 5 module(s), i. e.
    javascript/auto|C:\Users\dsbog\centralreform.live\sheet-music-app-auditor-validation\node_modules\next\dist\build\webpack\loaders\next-flight-client-module-loader.js!C:\Users\dsbog\centralreform.live\sheet-music-app-auditor-validation\node_modules\next\dist\build\webpack\loaders\next-swc-loader.js??ruleSet[1].rules[17].oneOf[6].use[1]!C:\Users\dsbog\CentralReform.live\sheet-music-app-auditor-validation\node_modules\next\dist\client\react-client-callbacks\error-boundary-callbacks.js|app-pages-browser
* javascript/auto|C:\Users\dsbog\centralreform.live\sheet-music-app-auditor-validation\node_modules\next\dist\build\webpack\loaders\next-flight-client-module-loader.js!C:\Users\dsbog\centralreform.live\sheet-music-app-auditor-validation\node_modules\next\dist\build\webpack\loaders\next-swc-loader.js??ruleSet[1].rules[17].oneOf[6].use[1]!C:\Users\dsbog\centralreform.live\sheet-music-app-auditor-validation\node_modules\next\dist\client\components\is-next-router-error.js|app-pages-browser
    Used by 3 module(s), i. e.
    javascript/auto|C:\Users\dsbog\centralreform.live\sheet-music-app-auditor-validation\node_modules\next\dist\build\webpack\loaders\next-flight-client-module-loader.js!C:\Users\dsbog\centralreform.live\sheet-music-app-auditor-validation\node_modules\next\dist\build\webpack\loaders\next-swc-loader.js??ruleSet[1].rules[17].oneOf[6].use[1]!C:\Users\dsbog\centralreform.live\sheet-music-app-auditor-validation\node_modules\next\dist\client\components\error-boundary.js|app-pages-browser

Import trace for requested module:
../sheet-music-app-auditor-validation/node_modules/next/dist/client/components/is-next-router-error.js
../sheet-music-app-auditor-validation/node_modules/next/dist/client/react-client-callbacks/error-boundary-callbacks.js
../sheet-music-app-auditor-validation/node_modules/next/dist/client/app-index.js

../sheet-music-app-auditor-validation/node_modules/next/dist/client/components/links.js
There are multiple modules with names that only differ in casing.
This can lead to unexpected behavior when compiling on a filesystem with other case-semantic.
Use equal casing. Compare these module identifiers:
* javascript/auto|C:\Users\dsbog\centralreform.live\sheet-music-app-auditor-validation\node_modules\next\dist\build\webpack\loaders\next-flight-client-module-loader.js!C:\Users\dsbog\centralreform.live\sheet-music-app-auditor-validation\node_modules\next\dist\build\webpack\loaders\next-swc-loader.js??ruleSet[1].rules[17].oneOf[6].use[1]!C:\Users\dsbog\CentralReform.live\sheet-music-app-auditor-validation\node_modules\next\dist\client\components\links.js|app-pages-browser
    Used by 5 module(s), i. e.
    javascript/auto|C:\Users\dsbog\centralreform.live\sheet-music-app-auditor-validation\node_modules\next\dist\build\webpack\loaders\next-flight-client-module-loader.js!C:\Users\dsbog\centralreform.live\sheet-music-app-auditor-validation\node_modules\next\dist\build\webpack\loaders\next-swc-loader.js??ruleSet[1].rules[17].oneOf[6].use[1]!C:\Users\dsbog\CentralReform.live\sheet-music-app-auditor-validation\node_modules\next\dist\client\components\app-router-instance.js|app-pages-browser
* javascript/auto|C:\Users\dsbog\centralreform.live\sheet-music-app-auditor-validation\node_modules\next\dist\build\webpack\loaders\next-flight-client-module-loader.js!C:\Users\dsbog\centralreform.live\sheet-music-app-auditor-validation\node_modules\next\dist\build\webpack\loaders\next-swc-loader.js??ruleSet[1].rules[17].oneOf[6].use[1]!C:\Users\dsbog\centralreform.live\sheet-music-app-auditor-validation\node_modules\next\dist\client\components\links.js|app-pages-browser
    Used by 6 module(s), i. e.
    javascript/auto|C:\Users\dsbog\centralreform.live\sheet-music-app-auditor-validation\node_modules\next\dist\build\webpack\loaders\next-flight-client-module-loader.js!C:\Users\dsbog\centralreform.live\sheet-music-app-auditor-validation\node_modules\next\dist\build\webpack\loaders\next-swc-loader.js??ruleSet[1].rules[17].oneOf[6].use[1]!C:\Users\dsbog\centralreform.live\sheet-music-app-auditor-validation\node_modules\next\dist\client\app-dir\link.js|app-pages-browser

Import trace for requested module:
../sheet-music-app-auditor-validation/node_modules/next/dist/client/components/links.js
../sheet-music-app-auditor-validation/node_modules/next/dist/client/components/app-router-instance.js
../sheet-music-app-auditor-validation/node_modules/next/dist/client/app-index.js

../sheet-music-app-auditor-validation/node_modules/next/dist/client/components/match-segments.js
There are multiple modules with names that only differ in casing.
This can lead to unexpected behavior when compiling on a filesystem with other case-semantic.
Use equal casing. Compare these module identifiers:
* javascript/auto|C:\Users\dsbog\centralreform.live\sheet-music-app-auditor-validation\node_modules\next\dist\build\webpack\loaders\next-flight-client-module-loader.js!C:\Users\dsbog\centralreform.live\sheet-music-app-auditor-validation\node_modules\next\dist\build\webpack\loaders\next-swc-loader.js??ruleSet[1].rules[17].oneOf[6].use[1]!C:\Users\dsbog\CentralReform.live\sheet-music-app-auditor-validation\node_modules\next\dist\client\components\match-segments.js|app-pages-browser
    Used by 4 module(s), i. e.
    javascript/auto|C:\Users\dsbog\centralreform.live\sheet-music-app-auditor-validation\node_modules\next\dist\build\webpack\loaders\next-flight-client-module-loader.js!C:\Users\dsbog\centralreform.live\sheet-music-app-auditor-validation\node_modules\next\dist\build\webpack\loaders\next-swc-loader.js??ruleSet[1].rules[17].oneOf[6].use[1]!C:\Users\dsbog\CentralReform.live\sheet-music-app-auditor-validation\node_modules\next\dist\client\components\router-reducer\compute-changed-path.js|app-pages-browser
* javascript/auto|C:\Users\dsbog\centralreform.live\sheet-music-app-auditor-validation\node_modules\next\dist\build\webpack\loaders\next-flight-client-module-loader.js!C:\Users\dsbog\centralreform.live\sheet-music-app-auditor-validation\node_modules\next\dist\build\webpack\loaders\next-swc-loader.js??ruleSet[1].rules[17].oneOf[6].use[1]!C:\Users\dsbog\centralreform.live\sheet-music-app-auditor-validation\node_modules\next\dist\client\components\match-segments.js|app-pages-browser
    Used by 4 module(s), i. e.
    javascript/auto|C:\Users\dsbog\centralreform.live\sheet-music-app-auditor-validation\node_modules\next\dist\build\webpack\loaders\next-flight-client-module-loader.js!C:\Users\dsbog\centralreform.live\sheet-music-app-auditor-validation\node_modules\next\dist\build\webpack\loaders\next-swc-loader.js??ruleSet[1].rules[17].oneOf[6].use[1]!C:\Users\dsbog\centralreform.live\sheet-music-app-auditor-validation\node_modules\next\dist\client\components\router-reducer\ppr-navigations.js|app-pages-browser

Import trace for requested module:
../sheet-music-app-auditor-validation/node_modules/next/dist/client/components/match-segments.js
../sheet-music-app-auditor-validation/node_modules/next/dist/client/components/router-reducer/compute-changed-path.js
../sheet-music-app-auditor-validation/node_modules/next/dist/client/components/router-reducer/create-initial-router-state.js
../sheet-music-app-auditor-validation/node_modules/next/dist/client/app-index.js

../sheet-music-app-auditor-validation/node_modules/next/dist/client/components/nav-failure-handler.js
There are multiple modules with names that only differ in casing.
This can lead to unexpected behavior when compiling on a filesystem with other case-semantic.
Use equal casing. Compare these module identifiers:
* javascript/auto|C:\Users\dsbog\centralreform.live\sheet-music-app-auditor-validation\node_modules\next\dist\build\webpack\loaders\next-flight-client-module-loader.js!C:\Users\dsbog\centralreform.live\sheet-music-app-auditor-validation\node_modules\next\dist\build\webpack\loaders\next-swc-loader.js??ruleSet[1].rules[17].oneOf[6].use[1]!C:\Users\dsbog\CentralReform.live\sheet-music-app-auditor-validation\node_modules\next\dist\client\components\nav-failure-handler.js|app-pages-browser
    Used by 3 module(s), i. e.
    javascript/auto|C:\Users\dsbog\centralreform.live\sheet-music-app-auditor-validation\node_modules\next\dist\build\webpack\loaders\next-flight-client-module-loader.js!C:\Users\dsbog\centralreform.live\sheet-music-app-auditor-validation\node_modules\next\dist\build\webpack\loaders\next-swc-loader.js??ruleSet[1].rules[17].oneOf[6].use[1]!C:\Users\dsbog\CentralReform.live\sheet-music-app-auditor-validation\node_modules\next\dist\client\components\app-router.js|app-pages-browser
* javascript/auto|C:\Users\dsbog\centralreform.live\sheet-music-app-auditor-validation\node_modules\next\dist\build\webpack\loaders\next-flight-client-module-loader.js!C:\Users\dsbog\centralreform.live\sheet-music-app-auditor-validation\node_modules\next\dist\build\webpack\loaders\next-swc-loader.js??ruleSet[1].rules[17].oneOf[6].use[1]!C:\Users\dsbog\centralreform.live\sheet-music-app-auditor-validation\node_modules\next\dist\client\components\nav-failure-handler.js|app-pages-browser
    Used by 3 module(s), i. e.
    javascript/auto|C:\Users\dsbog\centralreform.live\sheet-music-app-auditor-validation\node_modules\next\dist\build\webpack\loaders\next-flight-client-module-loader.js!C:\Users\dsbog\centralreform.live\sheet-music-app-auditor-validation\node_modules\next\dist\build\webpack\loaders\next-swc-loader.js??ruleSet[1].rules[17].oneOf[6].use[1]!C:\Users\dsbog\centralreform.live\sheet-music-app-auditor-validation\node_modules\next\dist\client\components\error-boundary.js|app-pages-browser

Import trace for requested module:
../sheet-music-app-auditor-validation/node_modules/next/dist/client/components/nav-failure-handler.js
../sheet-music-app-auditor-validation/node_modules/next/dist/client/components/app-router.js
../sheet-music-app-auditor-validation/node_modules/next/dist/client/app-index.js

../sheet-music-app-auditor-validation/node_modules/next/dist/client/components/navigation-untracked.js
There are multiple modules with names that only differ in casing.
This can lead to unexpected behavior when compiling on a filesystem with other case-semantic.
Use equal casing. Compare these module identifiers:
* javascript/auto|C:\Users\dsbog\centralreform.live\sheet-music-app-auditor-validation\node_modules\next\dist\build\webpack\loaders\next-flight-client-module-loader.js!C:\Users\dsbog\centralreform.live\sheet-music-app-auditor-validation\node_modules\next\dist\build\webpack\loaders\next-swc-loader.js??ruleSet[1].rules[17].oneOf[6].use[1]!C:\Users\dsbog\CentralReform.live\sheet-music-app-auditor-validation\node_modules\next\dist\client\components\navigation-untracked.js|app-pages-browser
    Used by 2 module(s), i. e.
    javascript/auto|C:\Users\dsbog\centralreform.live\sheet-music-app-auditor-validation\node_modules\next\dist\build\webpack\loaders\next-flight-client-module-loader.js!C:\Users\dsbog\centralreform.live\sheet-music-app-auditor-validation\node_modules\next\dist\build\webpack\loaders\next-swc-loader.js??ruleSet[1].rules[17].oneOf[6].use[1]!C:\Users\dsbog\CentralReform.live\sheet-music-app-auditor-validation\node_modules\next\dist\client\components\error-boundary.js|app-pages-browser
* javascript/auto|C:\Users\dsbog\centralreform.live\sheet-music-app-auditor-validation\node_modules\next\dist\build\webpack\loaders\next-flight-client-module-loader.js!C:\Users\dsbog\centralreform.live\sheet-music-app-auditor-validation\node_modules\next\dist\build\webpack\loaders\next-swc-loader.js??ruleSet[1].rules[17].oneOf[6].use[1]!C:\Users\dsbog\centralreform.live\sheet-music-app-auditor-validation\node_modules\next\dist\client\components\navigation-untracked.js|app-pages-browser
    Used by 3 module(s), i. e.
    javascript/auto|C:\Users\dsbog\centralreform.live\sheet-music-app-auditor-validation\node_modules\next\dist\build\webpack\loaders\next-flight-client-module-loader.js!C:\Users\dsbog\centralreform.live\sheet-music-app-auditor-validation\node_modules\next\dist\build\webpack\loaders\next-swc-loader.js??ruleSet[1].rules[17].oneOf[6].use[1]!C:\Users\dsbog\centralreform.live\sheet-music-app-auditor-validation\node_modules\next\dist\client\components\http-access-fallback\error-boundary.js|app-pages-browser

Import trace for requested module:
../sheet-music-app-auditor-validation/node_modules/next/dist/client/components/navigation-untracked.js
../sheet-music-app-auditor-validation/node_modules/next/dist/client/components/error-boundary.js
../sheet-music-app-auditor-validation/node_modules/next/dist/client/react-client-callbacks/error-boundary-callbacks.js
../sheet-music-app-auditor-validation/node_modules/next/dist/client/app-index.js

../sheet-music-app-auditor-validation/node_modules/next/dist/client/components/navigation.js
There are multiple modules with names that only differ in casing.
This can lead to unexpected behavior when compiling on a filesystem with other case-semantic.
Use equal casing. Compare these module identifiers:
* javascript/auto|C:\Users\dsbog\centralreform.live\sheet-music-app-auditor-validation\node_modules\next\dist\build\webpack\loaders\next-flight-client-module-loader.js!C:\Users\dsbog\centralreform.live\sheet-music-app-auditor-validation\node_modules\next\dist\build\webpack\loaders\next-swc-loader.js??ruleSet[1].rules[17].oneOf[6].use[1]!C:\Users\dsbog\CentralReform.live\sheet-music-app-auditor-validation\node_modules\next\dist\client\components\navigation.js|app-pages-browser
    Used by 2 module(s), i. e.
    javascript/auto|C:\Users\dsbog\centralreform.live\sheet-music-app-auditor-validation\node_modules\next\dist\build\webpack\loaders\next-flight-client-module-loader.js!C:\Users\dsbog\centralreform.live\sheet-music-app-auditor-validation\node_modules\next\dist\build\webpack\loaders\next-swc-loader.js??ruleSet[1].rules[17].oneOf[6].use[1]!C:\Users\dsbog\CentralReform.live\sheet-music-app-auditor-validation\node_modules\next\dist\client\components\redirect-boundary.js|app-pages-browser
* javascript/auto|C:\Users\dsbog\centralreform.live\sheet-music-app-auditor-validation\node_modules\next\dist\build\webpack\loaders\next-flight-client-module-loader.js!C:\Users\dsbog\centralreform.live\sheet-music-app-auditor-validation\node_modules\next\dist\build\webpack\loaders\next-swc-loader.js??ruleSet[1].rules[17].oneOf[6].use[1]!C:\Users\dsbog\centralreform.live\sheet-music-app-auditor-validation\node_modules\next\dist\client\components\navigation.js|app-pages-browser
    Used by 3 module(s), i. e.
    javascript/auto|C:\Users\dsbog\centralreform.live\sheet-music-app-auditor-validation\node_modules\next\dist\build\webpack\loaders\next-flight-client-module-loader.js!C:\Users\dsbog\centralreform.live\sheet-music-app-auditor-validation\node_modules\next\dist\build\webpack\loaders\next-swc-loader.js??ruleSet[1].rules[17].oneOf[6].use[1]!C:\Users\dsbog\centralreform.live\sheet-music-app-auditor-validation\node_modules\next\dist\client\components\redirect-boundary.js|app-pages-browser

Import trace for requested module:
../sheet-music-app-auditor-validation/node_modules/next/dist/client/components/navigation.js
../sheet-music-app-auditor-validation/node_modules/next/dist/client/components/redirect-boundary.js
../sheet-music-app-auditor-validation/node_modules/next/dist/client/components/app-router.js
../sheet-music-app-auditor-validation/node_modules/next/dist/client/app-index.js

../sheet-music-app-auditor-validation/node_modules/next/dist/client/components/navigation.react-server.js
There are multiple modules with names that only differ in casing.
This can lead to unexpected behavior when compiling on a filesystem with other case-semantic.
Use equal casing. Compare these module identifiers:
* javascript/auto|C:\Users\dsbog\centralreform.live\sheet-music-app-auditor-validation\node_modules\next\dist\build\webpack\loaders\next-flight-client-module-loader.js!C:\Users\dsbog\centralreform.live\sheet-music-app-auditor-validation\node_modules\next\dist\build\webpack\loaders\next-swc-loader.js??ruleSet[1].rules[17].oneOf[6].use[1]!C:\Users\dsbog\CentralReform.live\sheet-music-app-auditor-validation\node_modules\next\dist\client\components\navigation.react-server.js|app-pages-browser
    Used by 2 module(s), i. e.
    javascript/auto|C:\Users\dsbog\centralreform.live\sheet-music-app-auditor-validation\node_modules\next\dist\build\webpack\loaders\next-flight-client-module-loader.js!C:\Users\dsbog\centralreform.live\sheet-music-app-auditor-validation\node_modules\next\dist\build\webpack\loaders\next-swc-loader.js??ruleSet[1].rules[17].oneOf[6].use[1]!C:\Users\dsbog\CentralReform.live\sheet-music-app-auditor-validation\node_modules\next\dist\client\components\navigation.js|app-pages-browser
* javascript/auto|C:\Users\dsbog\centralreform.live\sheet-music-app-auditor-validation\node_modules\next\dist\build\webpack\loaders\next-flight-client-module-loader.js!C:\Users\dsbog\centralreform.live\sheet-music-app-auditor-validation\node_modules\next\dist\build\webpack\loaders\next-swc-loader.js??ruleSet[1].rules[17].oneOf[6].use[1]!C:\Users\dsbog\centralreform.live\sheet-music-app-auditor-validation\node_modules\next\dist\client\components\navigation.react-server.js|app-pages-browser
    Used by 2 module(s), i. e.
    javascript/auto|C:\Users\dsbog\centralreform.live\sheet-music-app-auditor-validation\node_modules\next\dist\build\webpack\loaders\next-flight-client-module-loader.js!C:\Users\dsbog\centralreform.live\sheet-music-app-auditor-validation\node_modules\next\dist\build\webpack\loaders\next-swc-loader.js??ruleSet[1].rules[17].oneOf[6].use[1]!C:\Users\dsbog\centralreform.live\sheet-music-app-auditor-validation\node_modules\next\dist\client\components\navigation.js|app-pages-browser

Import trace for requested module:
../sheet-music-app-auditor-validation/node_modules/next/dist/client/components/navigation.react-server.js
../sheet-music-app-auditor-validation/node_modules/next/dist/client/components/navigation.js
../sheet-music-app-auditor-validation/node_modules/next/dist/client/components/redirect-boundary.js
../sheet-music-app-auditor-validation/node_modules/next/dist/client/components/app-router.js
../sheet-music-app-auditor-validation/node_modules/next/dist/client/app-index.js

../sheet-music-app-auditor-validation/node_modules/next/dist/client/components/not-found.js
There are multiple modules with names that only differ in casing.
This can lead to unexpected behavior when compiling on a filesystem with other case-semantic.
Use equal casing. Compare these module identifiers:
* javascript/auto|C:\Users\dsbog\centralreform.live\sheet-music-app-auditor-validation\node_modules\next\dist\build\webpack\loaders\next-flight-client-module-loader.js!C:\Users\dsbog\centralreform.live\sheet-music-app-auditor-validation\node_modules\next\dist\build\webpack\loaders\next-swc-loader.js??ruleSet[1].rules[17].oneOf[6].use[1]!C:\Users\dsbog\CentralReform.live\sheet-music-app-auditor-validation\node_modules\next\dist\client\components\not-found.js|app-pages-browser
    Used by 2 module(s), i. e.
    javascript/auto|C:\Users\dsbog\centralreform.live\sheet-music-app-auditor-validation\node_modules\next\dist\build\webpack\loaders\next-flight-client-module-loader.js!C:\Users\dsbog\centralreform.live\sheet-music-app-auditor-validation\node_modules\next\dist\build\webpack\loaders\next-swc-loader.js??ruleSet[1].rules[17].oneOf[6].use[1]!C:\Users\dsbog\CentralReform.live\sheet-music-app-auditor-validation\node_modules\next\dist\client\components\navigation.react-server.js|app-pages-browser
* javascript/auto|C:\Users\dsbog\centralreform.live\sheet-music-app-auditor-validation\node_modules\next\dist\build\webpack\loaders\next-flight-client-module-loader.js!C:\Users\dsbog\centralreform.live\sheet-music-app-auditor-validation\node_modules\next\dist\build\webpack\loaders\next-swc-loader.js??ruleSet[1].rules[17].oneOf[6].use[1]!C:\Users\dsbog\centralreform.live\sheet-music-app-auditor-validation\node_modules\next\dist\client\components\not-found.js|app-pages-browser
    Used by 2 module(s), i. e.
    javascript/auto|C:\Users\dsbog\centralreform.live\sheet-music-app-auditor-validation\node_modules\next\dist\build\webpack\loaders\next-flight-client-module-loader.js!C:\Users\dsbog\centralreform.live\sheet-music-app-auditor-validation\node_modules\next\dist\build\webpack\loaders\next-swc-loader.js??ruleSet[1].rules[17].oneOf[6].use[1]!C:\Users\dsbog\centralreform.live\sheet-music-app-auditor-validation\node_modules\next\dist\client\components\navigation.react-server.js|app-pages-browser

Import trace for requested module:
../sheet-music-app-auditor-validation/node_modules/next/dist/client/components/not-found.js
../sheet-music-app-auditor-validation/node_modules/next/dist/client/components/navigation.react-server.js
../sheet-music-app-auditor-validation/node_modules/next/dist/client/components/navigation.js
../sheet-music-app-auditor-validation/node_modules/next/dist/client/components/redirect-boundary.js
../sheet-music-app-auditor-validation/node_modules/next/dist/client/components/app-router.js
../sheet-music-app-auditor-validation/node_modules/next/dist/client/app-index.js

../sheet-music-app-auditor-validation/node_modules/next/dist/client/components/readonly-url-search-params.js
There are multiple modules with names that only differ in casing.
This can lead to unexpected behavior when compiling on a filesystem with other case-semantic.
Use equal casing. Compare these module identifiers:
* javascript/auto|C:\Users\dsbog\centralreform.live\sheet-music-app-auditor-validation\node_modules\next\dist\build\webpack\loaders\next-flight-client-module-loader.js!C:\Users\dsbog\centralreform.live\sheet-music-app-auditor-validation\node_modules\next\dist\build\webpack\loaders\next-swc-loader.js??ruleSet[1].rules[17].oneOf[6].use[1]!C:\Users\dsbog\CentralReform.live\sheet-music-app-auditor-validation\node_modules\next\dist\client\components\readonly-url-search-params.js|app-pages-browser
    Used by 3 module(s), i. e.
    javascript/auto|C:\Users\dsbog\centralreform.live\sheet-music-app-auditor-validation\node_modules\next\dist\build\webpack\loaders\next-flight-client-module-loader.js!C:\Users\dsbog\centralreform.live\sheet-music-app-auditor-validation\node_modules\next\dist\build\webpack\loaders\next-swc-loader.js??ruleSet[1].rules[17].oneOf[6].use[1]!C:\Users\dsbog\CentralReform.live\sheet-music-app-auditor-validation\node_modules\next\dist\shared\lib\hooks-client-context.shared-runtime.js|app-pages-browser
* javascript/auto|C:\Users\dsbog\centralreform.live\sheet-music-app-auditor-validation\node_modules\next\dist\build\webpack\loaders\next-flight-client-module-loader.js!C:\Users\dsbog\centralreform.live\sheet-music-app-auditor-validation\node_modules\next\dist\build\webpack\loaders\next-swc-loader.js??ruleSet[1].rules[17].oneOf[6].use[1]!C:\Users\dsbog\centralreform.live\sheet-music-app-auditor-validation\node_modules\next\dist\client\components\readonly-url-search-params.js|app-pages-browser
    Used by 3 module(s), i. e.
    javascript/auto|C:\Users\dsbog\centralreform.live\sheet-music-app-auditor-validation\node_modules\next\dist\build\webpack\loaders\next-flight-client-module-loader.js!C:\Users\dsbog\centralreform.live\sheet-music-app-auditor-validation\node_modules\next\dist\build\webpack\loaders\next-swc-loader.js??ruleSet[1].rules[17].oneOf[6].use[1]!C:\Users\dsbog\centralreform.live\sheet-music-app-auditor-validation\node_modules\next\dist\shared\lib\hooks-client-context.shared-runtime.js|app-pages-browser

Import trace for requested module:
../sheet-music-app-auditor-validation/node_modules/next/dist/client/components/readonly-url-search-params.js
../sheet-music-app-auditor-validation/node_modules/next/dist/shared/lib/hooks-client-context.shared-runtime.js
../sheet-music-app-auditor-validation/node_modules/next/dist/client/components/app-router.js
../sheet-music-app-auditor-validation/node_modules/next/dist/client/app-index.js

../sheet-music-app-auditor-validation/node_modules/next/dist/client/components/redirect-boundary.js
There are multiple modules with names that only differ in casing.
This can lead to unexpected behavior when compiling on a filesystem with other case-semantic.
Use equal casing. Compare these module identifiers:
* javascript/auto|C:\Users\dsbog\centralreform.live\sheet-music-app-auditor-validation\node_modules\next\dist\build\webpack\loaders\next-flight-client-module-loader.js!C:\Users\dsbog\centralreform.live\sheet-music-app-auditor-validation\node_modules\next\dist\build\webpack\loaders\next-swc-loader.js??ruleSet[1].rules[17].oneOf[6].use[1]!C:\Users\dsbog\CentralReform.live\sheet-music-app-auditor-validation\node_modules\next\dist\client\components\redirect-boundary.js|app-pages-browser
    Used by 2 module(s), i. e.
    javascript/auto|C:\Users\dsbog\centralreform.live\sheet-music-app-auditor-validation\node_modules\next\dist\build\webpack\loaders\next-flight-client-module-loader.js!C:\Users\dsbog\centralreform.live\sheet-music-app-auditor-validation\node_modules\next\dist\build\webpack\loaders\next-swc-loader.js??ruleSet[1].rules[17].oneOf[6].use[1]!C:\Users\dsbog\CentralReform.live\sheet-music-app-auditor-validation\node_modules\next\dist\client\components\app-router.js|app-pages-browser
* javascript/auto|C:\Users\dsbog\centralreform.live\sheet-music-app-auditor-validation\node_modules\next\dist\build\webpack\loaders\next-flight-client-module-loader.js!C:\Users\dsbog\centralreform.live\sheet-music-app-auditor-validation\node_modules\next\dist\build\webpack\loaders\next-swc-loader.js??ruleSet[1].rules[17].oneOf[6].use[1]!C:\Users\dsbog\centralreform.live\sheet-music-app-auditor-validation\node_modules\next\dist\client\components\redirect-boundary.js|app-pages-browser
    Used by 3 module(s), i. e.
    javascript/auto|C:\Users\dsbog\centralreform.live\sheet-music-app-auditor-validation\node_modules\next\dist\build\webpack\loaders\next-flight-client-module-loader.js!C:\Users\dsbog\centralreform.live\sheet-music-app-auditor-validation\node_modules\next\dist\build\webpack\loaders\next-swc-loader.js??ruleSet[1].rules[17].oneOf[6].use[1]!C:\Users\dsbog\centralreform.live\sheet-music-app-auditor-validation\node_modules\next\dist\client\components\layout-router.js|app-pages-browser

Import trace for requested module:
../sheet-music-app-auditor-validation/node_modules/next/dist/client/components/redirect-boundary.js
../sheet-music-app-auditor-validation/node_modules/next/dist/client/components/app-router.js
../sheet-music-app-auditor-validation/node_modules/next/dist/client/app-index.js

../sheet-music-app-auditor-validation/node_modules/next/dist/client/components/redirect-error.js
There are multiple modules with names that only differ in casing.
This can lead to unexpected behavior when compiling on a filesystem with other case-semantic.
Use equal casing. Compare these module identifiers:
* javascript/auto|C:\Users\dsbog\centralreform.live\sheet-music-app-auditor-validation\node_modules\next\dist\build\webpack\loaders\next-flight-client-module-loader.js!C:\Users\dsbog\centralreform.live\sheet-music-app-auditor-validation\node_modules\next\dist\build\webpack\loaders\next-swc-loader.js??ruleSet[1].rules[17].oneOf[6].use[1]!C:\Users\dsbog\CentralReform.live\sheet-music-app-auditor-validation\node_modules\next\dist\client\components\redirect-error.js|app-pages-browser
    Used by 5 module(s), i. e.
    javascript/auto|C:\Users\dsbog\centralreform.live\sheet-music-app-auditor-validation\node_modules\next\dist\build\webpack\loaders\next-flight-client-module-loader.js!C:\Users\dsbog\centralreform.live\sheet-music-app-auditor-validation\node_modules\next\dist\build\webpack\loaders\next-swc-loader.js??ruleSet[1].rules[17].oneOf[6].use[1]!C:\Users\dsbog\CentralReform.live\sheet-music-app-auditor-validation\node_modules\next\dist\client\components\app-router.js|app-pages-browser
* javascript/auto|C:\Users\dsbog\centralreform.live\sheet-music-app-auditor-validation\node_modules\next\dist\build\webpack\loaders\next-flight-client-module-loader.js!C:\Users\dsbog\centralreform.live\sheet-music-app-auditor-validation\node_modules\next\dist\build\webpack\loaders\next-swc-loader.js??ruleSet[1].rules[17].oneOf[6].use[1]!C:\Users\dsbog\centralreform.live\sheet-music-app-auditor-validation\node_modules\next\dist\client\components\redirect-error.js|app-pages-browser
    Used by 5 module(s), i. e.
    javascript/auto|C:\Users\dsbog\centralreform.live\sheet-music-app-auditor-validation\node_modules\next\dist\build\webpack\loaders\next-flight-client-module-loader.js!C:\Users\dsbog\centralreform.live\sheet-music-app-auditor-validation\node_modules\next\dist\build\webpack\loaders\next-swc-loader.js??ruleSet[1].rules[17].oneOf[6].use[1]!C:\Users\dsbog\centralreform.live\sheet-music-app-auditor-validation\node_modules\next\dist\client\components\redirect-boundary.js|app-pages-browser

Import trace for requested module:
../sheet-music-app-auditor-validation/node_modules/next/dist/client/components/redirect-error.js
../sheet-music-app-auditor-validation/node_modules/next/dist/client/components/app-router.js
../sheet-music-app-auditor-validation/node_modules/next/dist/client/app-index.js

../sheet-music-app-auditor-validation/node_modules/next/dist/client/components/redirect-status-code.js
There are multiple modules with names that only differ in casing.
This can lead to unexpected behavior when compiling on a filesystem with other case-semantic.
Use equal casing. Compare these module identifiers:
* javascript/auto|C:\Users\dsbog\centralreform.live\sheet-music-app-auditor-validation\node_modules\next\dist\build\webpack\loaders\next-flight-client-module-loader.js!C:\Users\dsbog\centralreform.live\sheet-music-app-auditor-validation\node_modules\next\dist\build\webpack\loaders\next-swc-loader.js??ruleSet[1].rules[17].oneOf[6].use[1]!C:\Users\dsbog\CentralReform.live\sheet-music-app-auditor-validation\node_modules\next\dist\client\components\redirect-status-code.js|app-pages-browser
    Used by 3 module(s), i. e.
    javascript/auto|C:\Users\dsbog\centralreform.live\sheet-music-app-auditor-validation\node_modules\next\dist\build\webpack\loaders\next-flight-client-module-loader.js!C:\Users\dsbog\centralreform.live\sheet-music-app-auditor-validation\node_modules\next\dist\build\webpack\loaders\next-swc-loader.js??ruleSet[1].rules[17].oneOf[6].use[1]!C:\Users\dsbog\CentralReform.live\sheet-music-app-auditor-validation\node_modules\next\dist\client\components\redirect.js|app-pages-browser
* javascript/auto|C:\Users\dsbog\centralreform.live\sheet-music-app-auditor-validation\node_modules\next\dist\build\webpack\loaders\next-flight-client-module-loader.js!C:\Users\dsbog\centralreform.live\sheet-music-app-auditor-validation\node_modules\next\dist\build\webpack\loaders\next-swc-loader.js??ruleSet[1].rules[17].oneOf[6].use[1]!C:\Users\dsbog\centralreform.live\sheet-music-app-auditor-validation\node_modules\next\dist\client\components\redirect-status-code.js|app-pages-browser
    Used by 3 module(s), i. e.
    javascript/auto|C:\Users\dsbog\centralreform.live\sheet-music-app-auditor-validation\node_modules\next\dist\build\webpack\loaders\next-flight-client-module-loader.js!C:\Users\dsbog\centralreform.live\sheet-music-app-auditor-validation\node_modules\next\dist\build\webpack\loaders\next-swc-loader.js??ruleSet[1].rules[17].oneOf[6].use[1]!C:\Users\dsbog\centralreform.live\sheet-music-app-auditor-validation\node_modules\next\dist\client\components\redirect.js|app-pages-browser

Import trace for requested module:
../sheet-music-app-auditor-validation/node_modules/next/dist/client/components/redirect-status-code.js
../sheet-music-app-auditor-validation/node_modules/next/dist/client/components/redirect.js
../sheet-music-app-auditor-validation/node_modules/next/dist/client/components/app-router.js
../sheet-music-app-auditor-validation/node_modules/next/dist/client/app-index.js

../sheet-music-app-auditor-validation/node_modules/next/dist/client/components/redirect.js
There are multiple modules with names that only differ in casing.
This can lead to unexpected behavior when compiling on a filesystem with other case-semantic.
Use equal casing. Compare these module identifiers:
* javascript/auto|C:\Users\dsbog\centralreform.live\sheet-music-app-auditor-validation\node_modules\next\dist\build\webpack\loaders\next-flight-client-module-loader.js!C:\Users\dsbog\centralreform.live\sheet-music-app-auditor-validation\node_modules\next\dist\build\webpack\loaders\next-swc-loader.js??ruleSet[1].rules[17].oneOf[6].use[1]!C:\Users\dsbog\CentralReform.live\sheet-music-app-auditor-validation\node_modules\next\dist\client\components\redirect.js|app-pages-browser
    Used by 5 module(s), i. e.
    javascript/auto|C:\Users\dsbog\centralreform.live\sheet-music-app-auditor-validation\node_modules\next\dist\build\webpack\loaders\next-flight-client-module-loader.js!C:\Users\dsbog\centralreform.live\sheet-music-app-auditor-validation\node_modules\next\dist\build\webpack\loaders\next-swc-loader.js??ruleSet[1].rules[17].oneOf[6].use[1]!C:\Users\dsbog\CentralReform.live\sheet-music-app-auditor-validation\node_modules\next\dist\client\components\app-router.js|app-pages-browser
* javascript/auto|C:\Users\dsbog\centralreform.live\sheet-music-app-auditor-validation\node_modules\next\dist\build\webpack\loaders\next-flight-client-module-loader.js!C:\Users\dsbog\centralreform.live\sheet-music-app-auditor-validation\node_modules\next\dist\build\webpack\loaders\next-swc-loader.js??ruleSet[1].rules[17].oneOf[6].use[1]!C:\Users\dsbog\centralreform.live\sheet-music-app-auditor-validation\node_modules\next\dist\client\components\redirect.js|app-pages-browser
    Used by 5 module(s), i. e.
    javascript/auto|C:\Users\dsbog\centralreform.live\sheet-music-app-auditor-validation\node_modules\next\dist\build\webpack\loaders\next-flight-client-module-loader.js!C:\Users\dsbog\centralreform.live\sheet-music-app-auditor-validation\node_modules\next\dist\build\webpack\loaders\next-swc-loader.js??ruleSet[1].rules[17].oneOf[6].use[1]!C:\Users\dsbog\centralreform.live\sheet-music-app-auditor-validation\node_modules\next\dist\client\components\redirect-boundary.js|app-pages-browser

Import trace for requested module:
../sheet-music-app-auditor-validation/node_modules/next/dist/client/components/redirect.js
../sheet-music-app-auditor-validation/node_modules/next/dist/client/components/app-router.js
../sheet-music-app-auditor-validation/node_modules/next/dist/client/app-index.js

../sheet-music-app-auditor-validation/node_modules/next/dist/client/components/router-reducer/compute-changed-path.js
There are multiple modules with names that only differ in casing.
This can lead to unexpected behavior when compiling on a filesystem with other case-semantic.
Use equal casing. Compare these module identifiers:
* javascript/auto|C:\Users\dsbog\centralreform.live\sheet-music-app-auditor-validation\node_modules\next\dist\build\webpack\loaders\next-flight-client-module-loader.js!C:\Users\dsbog\centralreform.live\sheet-music-app-auditor-validation\node_modules\next\dist\build\webpack\loaders\next-swc-loader.js??ruleSet[1].rules[17].oneOf[6].use[1]!C:\Users\dsbog\CentralReform.live\sheet-music-app-auditor-validation\node_modules\next\dist\client\components\router-reducer\compute-changed-path.js|app-pages-browser
    Used by 5 module(s), i. e.
    javascript/auto|C:\Users\dsbog\centralreform.live\sheet-music-app-auditor-validation\node_modules\next\dist\build\webpack\loaders\next-flight-client-module-loader.js!C:\Users\dsbog\centralreform.live\sheet-music-app-auditor-validation\node_modules\next\dist\build\webpack\loaders\next-swc-loader.js??ruleSet[1].rules[17].oneOf[6].use[1]!C:\Users\dsbog\CentralReform.live\sheet-music-app-auditor-validation\node_modules\next\dist\client\components\router-reducer\create-initial-router-state.js|app-pages-browser
* javascript/auto|C:\Users\dsbog\centralreform.live\sheet-music-app-auditor-validation\node_modules\next\dist\build\webpack\loaders\next-flight-client-module-loader.js!C:\Users\dsbog\centralreform.live\sheet-music-app-auditor-validation\node_modules\next\dist\build\webpack\loaders\next-swc-loader.js??ruleSet[1].rules[17].oneOf[6].use[1]!C:\Users\dsbog\centralreform.live\sheet-music-app-auditor-validation\node_modules\next\dist\client\components\router-reducer\compute-changed-path.js|app-pages-browser
    Used by 4 module(s), i. e.
    javascript/auto|C:\Users\dsbog\centralreform.live\sheet-music-app-auditor-validation\node_modules\next\dist\build\webpack\loaders\next-flight-client-module-loader.js!C:\Users\dsbog\centralreform.live\sheet-music-app-auditor-validation\node_modules\next\dist\build\webpack\loaders\next-swc-loader.js??ruleSet[1].rules[17].oneOf[6].use[1]!C:\Users\dsbog\centralreform.live\sheet-music-app-auditor-validation\node_modules\next\dist\client\components\segment-cache\navigation.js|app-pages-browser

Import trace for requested module:
../sheet-music-app-auditor-validation/node_modules/next/dist/client/components/router-reducer/compute-changed-path.js
../sheet-music-app-auditor-validation/node_modules/next/dist/client/components/router-reducer/create-initial-router-state.js
../sheet-music-app-auditor-validation/node_modules/next/dist/client/app-index.js

../sheet-music-app-auditor-validation/node_modules/next/dist/client/components/router-reducer/create-href-from-url.js
There are multiple modules with names that only differ in casing.
This can lead to unexpected behavior when compiling on a filesystem with other case-semantic.
Use equal casing. Compare these module identifiers:
* javascript/auto|C:\Users\dsbog\centralreform.live\sheet-music-app-auditor-validation\node_modules\next\dist\build\webpack\loaders\next-flight-client-module-loader.js!C:\Users\dsbog\centralreform.live\sheet-music-app-auditor-validation\node_modules\next\dist\build\webpack\loaders\next-swc-loader.js??ruleSet[1].rules[17].oneOf[6].use[1]!C:\Users\dsbog\CentralReform.live\sheet-music-app-auditor-validation\node_modules\next\dist\client\components\router-reducer\create-href-from-url.js|app-pages-browser
    Used by 10 module(s), i. e.
    javascript/auto|C:\Users\dsbog\centralreform.live\sheet-music-app-auditor-validation\node_modules\next\dist\build\webpack\loaders\next-flight-client-module-loader.js!C:\Users\dsbog\centralreform.live\sheet-music-app-auditor-validation\node_modules\next\dist\build\webpack\loaders\next-swc-loader.js??ruleSet[1].rules[17].oneOf[6].use[1]!C:\Users\dsbog\CentralReform.live\sheet-music-app-auditor-validation\node_modules\next\dist\client\flight-data-helpers.js|app-pages-browser
* javascript/auto|C:\Users\dsbog\centralreform.live\sheet-music-app-auditor-validation\node_modules\next\dist\build\webpack\loaders\next-flight-client-module-loader.js!C:\Users\dsbog\centralreform.live\sheet-music-app-auditor-validation\node_modules\next\dist\build\webpack\loaders\next-swc-loader.js??ruleSet[1].rules[17].oneOf[6].use[1]!C:\Users\dsbog\centralreform.live\sheet-music-app-auditor-validation\node_modules\next\dist\client\components\router-reducer\create-href-from-url.js|app-pages-browser
    Used by 9 module(s), i. e.
    javascript/auto|C:\Users\dsbog\centralreform.live\sheet-music-app-auditor-validation\node_modules\next\dist\build\webpack\loaders\next-flight-client-module-loader.js!C:\Users\dsbog\centralreform.live\sheet-music-app-auditor-validation\node_modules\next\dist\build\webpack\loaders\next-swc-loader.js??ruleSet[1].rules[17].oneOf[6].use[1]!C:\Users\dsbog\centralreform.live\sheet-music-app-auditor-validation\node_modules\next\dist\client\components\router-reducer\ppr-navigations.js|app-pages-browser

Import trace for requested module:
../sheet-music-app-auditor-validation/node_modules/next/dist/client/components/router-reducer/create-href-from-url.js
../sheet-music-app-auditor-validation/node_modules/next/dist/client/flight-data-helpers.js
../sheet-music-app-auditor-validation/node_modules/next/dist/client/app-index.js

../sheet-music-app-auditor-validation/node_modules/next/dist/client/components/router-reducer/create-router-cache-key.js
There are multiple modules with names that only differ in casing.
This can lead to unexpected behavior when compiling on a filesystem with other case-semantic.
Use equal casing. Compare these module identifiers:
* javascript/auto|C:\Users\dsbog\centralreform.live\sheet-music-app-auditor-validation\node_modules\next\dist\build\webpack\loaders\next-flight-client-module-loader.js!C:\Users\dsbog\centralreform.live\sheet-music-app-auditor-validation\node_modules\next\dist\build\webpack\loaders\next-swc-loader.js??ruleSet[1].rules[17].oneOf[6].use[1]!C:\Users\dsbog\CentralReform.live\sheet-music-app-auditor-validation\node_modules\next\dist\client\components\router-reducer\create-router-cache-key.js|app-pages-browser
    Used by 2 module(s), i. e.
    javascript/auto|C:\Users\dsbog\centralreform.live\sheet-music-app-auditor-validation\node_modules\next\dist\build\webpack\loaders\next-flight-client-module-loader.js!C:\Users\dsbog\centralreform.live\sheet-music-app-auditor-validation\node_modules\next\dist\build\webpack\loaders\next-swc-loader.js??ruleSet[1].rules[17].oneOf[6].use[1]!C:\Users\dsbog\CentralReform.live\sheet-music-app-auditor-validation\node_modules\next\dist\client\components\router-reducer\reducers\find-head-in-cache.js|app-pages-browser
* javascript/auto|C:\Users\dsbog\centralreform.live\sheet-music-app-auditor-validation\node_modules\next\dist\build\webpack\loaders\next-flight-client-module-loader.js!C:\Users\dsbog\centralreform.live\sheet-music-app-auditor-validation\node_modules\next\dist\build\webpack\loaders\next-swc-loader.js??ruleSet[1].rules[17].oneOf[6].use[1]!C:\Users\dsbog\centralreform.live\sheet-music-app-auditor-validation\node_modules\next\dist\client\components\router-reducer\create-router-cache-key.js|app-pages-browser
    Used by 3 module(s), i. e.
    javascript/auto|C:\Users\dsbog\centralreform.live\sheet-music-app-auditor-validation\node_modules\next\dist\build\webpack\loaders\next-flight-client-module-loader.js!C:\Users\dsbog\centralreform.live\sheet-music-app-auditor-validation\node_modules\next\dist\build\webpack\loaders\next-swc-loader.js??ruleSet[1].rules[17].oneOf[6].use[1]!C:\Users\dsbog\centralreform.live\sheet-music-app-auditor-validation\node_modules\next\dist\client\components\layout-router.js|app-pages-browser

Import trace for requested module:
../sheet-music-app-auditor-validation/node_modules/next/dist/client/components/router-reducer/create-router-cache-key.js
../sheet-music-app-auditor-validation/node_modules/next/dist/client/components/router-reducer/reducers/find-head-in-cache.js
../sheet-music-app-auditor-validation/node_modules/next/dist/client/components/app-router.js
../sheet-music-app-auditor-validation/node_modules/next/dist/client/app-index.js

../sheet-music-app-auditor-validation/node_modules/next/dist/client/components/router-reducer/fetch-server-response.js
There are multiple modules with names that only differ in casing.
This can lead to unexpected behavior when compiling on a filesystem with other case-semantic.
Use equal casing. Compare these module identifiers:
* javascript/auto|C:\Users\dsbog\centralreform.live\sheet-music-app-auditor-validation\node_modules\next\dist\build\webpack\loaders\next-flight-client-module-loader.js!C:\Users\dsbog\centralreform.live\sheet-music-app-auditor-validation\node_modules\next\dist\build\webpack\loaders\next-swc-loader.js??ruleSet[1].rules[17].oneOf[6].use[1]!C:\Users\dsbog\CentralReform.live\sheet-music-app-auditor-validation\node_modules\next\dist\client\components\router-reducer\fetch-server-response.js|app-pages-browser
    Used by 6 module(s), i. e.
    javascript/auto|C:\Users\dsbog\centralreform.live\sheet-music-app-auditor-validation\node_modules\next\dist\build\webpack\loaders\next-flight-client-module-loader.js!C:\Users\dsbog\centralreform.live\sheet-music-app-auditor-validation\node_modules\next\dist\build\webpack\loaders\next-swc-loader.js??ruleSet[1].rules[17].oneOf[6].use[1]!C:\Users\dsbog\CentralReform.live\sheet-music-app-auditor-validation\node_modules\next\dist\client\components\router-reducer\create-initial-router-state.js|app-pages-browser
* javascript/auto|C:\Users\dsbog\centralreform.live\sheet-music-app-auditor-validation\node_modules\next\dist\build\webpack\loaders\next-flight-client-module-loader.js!C:\Users\dsbog\centralreform.live\sheet-music-app-auditor-validation\node_modules\next\dist\build\webpack\loaders\next-swc-loader.js??ruleSet[1].rules[17].oneOf[6].use[1]!C:\Users\dsbog\centralreform.live\sheet-music-app-auditor-validation\node_modules\next\dist\client\components\router-reducer\fetch-server-response.js|app-pages-browser
    Used by 5 module(s), i. e.
    javascript/auto|C:\Users\dsbog\centralreform.live\sheet-music-app-auditor-validation\node_modules\next\dist\build\webpack\loaders\next-flight-client-module-loader.js!C:\Users\dsbog\centralreform.live\sheet-music-app-auditor-validation\node_modules\next\dist\build\webpack\loaders\next-swc-loader.js??ruleSet[1].rules[17].oneOf[6].use[1]!C:\Users\dsbog\centralreform.live\sheet-music-app-auditor-validation\node_modules\next\dist\client\components\router-reducer\ppr-navigations.js|app-pages-browser

Import trace for requested module:
../sheet-music-app-auditor-validation/node_modules/next/dist/client/components/router-reducer/fetch-server-response.js
../sheet-music-app-auditor-validation/node_modules/next/dist/client/components/router-reducer/create-initial-router-state.js
../sheet-music-app-auditor-validation/node_modules/next/dist/client/app-index.js

../sheet-music-app-auditor-validation/node_modules/next/dist/client/components/router-reducer/is-navigating-to-new-root-layout.js
There are multiple modules with names that only differ in casing.
This can lead to unexpected behavior when compiling on a filesystem with other case-semantic.
Use equal casing. Compare these module identifiers:
* javascript/auto|C:\Users\dsbog\centralreform.live\sheet-music-app-auditor-validation\node_modules\next\dist\build\webpack\loaders\next-flight-client-module-loader.js!C:\Users\dsbog\centralreform.live\sheet-music-app-auditor-validation\node_modules\next\dist\build\webpack\loaders\next-swc-loader.js??ruleSet[1].rules[17].oneOf[6].use[1]!C:\Users\dsbog\CentralReform.live\sheet-music-app-auditor-validation\node_modules\next\dist\client\components\router-reducer\is-navigating-to-new-root-layout.js|app-pages-browser
    Used by 2 module(s), i. e.
    javascript/auto|C:\Users\dsbog\centralreform.live\sheet-music-app-auditor-validation\node_modules\next\dist\build\webpack\loaders\next-flight-client-module-loader.js!C:\Users\dsbog\centralreform.live\sheet-music-app-auditor-validation\node_modules\next\dist\build\webpack\loaders\next-swc-loader.js??ruleSet[1].rules[17].oneOf[6].use[1]!C:\Users\dsbog\CentralReform.live\sheet-music-app-auditor-validation\node_modules\next\dist\client\components\router-reducer\ppr-navigations.js|app-pages-browser
* javascript/auto|C:\Users\dsbog\centralreform.live\sheet-music-app-auditor-validation\node_modules\next\dist\build\webpack\loaders\next-flight-client-module-loader.js!C:\Users\dsbog\centralreform.live\sheet-music-app-auditor-validation\node_modules\next\dist\build\webpack\loaders\next-swc-loader.js??ruleSet[1].rules[17].oneOf[6].use[1]!C:\Users\dsbog\centralreform.live\sheet-music-app-auditor-validation\node_modules\next\dist\client\components\router-reducer\is-navigating-to-new-root-layout.js|app-pages-browser
    Used by 2 module(s), i. e.
    javascript/auto|C:\Users\dsbog\centralreform.live\sheet-music-app-auditor-validation\node_modules\next\dist\build\webpack\loaders\next-flight-client-module-loader.js!C:\Users\dsbog\centralreform.live\sheet-music-app-auditor-validation\node_modules\next\dist\build\webpack\loaders\next-swc-loader.js??ruleSet[1].rules[17].oneOf[6].use[1]!C:\Users\dsbog\centralreform.live\sheet-music-app-auditor-validation\node_modules\next\dist\client\components\router-reducer\ppr-navigations.js|app-pages-browser

Import trace for requested module:
../sheet-music-app-auditor-validation/node_modules/next/dist/client/components/router-reducer/is-navigating-to-new-root-layout.js
../sheet-music-app-auditor-validation/node_modules/next/dist/client/components/router-reducer/ppr-navigations.js
../sheet-music-app-auditor-validation/node_modules/next/dist/client/components/router-reducer/create-initial-router-state.js
../sheet-music-app-auditor-validation/node_modules/next/dist/client/app-index.js

../sheet-music-app-auditor-validation/node_modules/next/dist/client/components/router-reducer/ppr-navigations.js
There are multiple modules with names that only differ in casing.
This can lead to unexpected behavior when compiling on a filesystem with other case-semantic.
Use equal casing. Compare these module identifiers:
* javascript/auto|C:\Users\dsbog\centralreform.live\sheet-music-app-auditor-validation\node_modules\next\dist\build\webpack\loaders\next-flight-client-module-loader.js!C:\Users\dsbog\centralreform.live\sheet-music-app-auditor-validation\node_modules\next\dist\build\webpack\loaders\next-swc-loader.js??ruleSet[1].rules[17].oneOf[6].use[1]!C:\Users\dsbog\CentralReform.live\sheet-music-app-auditor-validation\node_modules\next\dist\client\components\router-reducer\ppr-navigations.js|app-pages-browser
    Used by 10 module(s), i. e.
    javascript/auto|C:\Users\dsbog\centralreform.live\sheet-music-app-auditor-validation\node_modules\next\dist\build\webpack\loaders\next-flight-client-module-loader.js!C:\Users\dsbog\centralreform.live\sheet-music-app-auditor-validation\node_modules\next\dist\build\webpack\loaders\next-swc-loader.js??ruleSet[1].rules[17].oneOf[6].use[1]!C:\Users\dsbog\CentralReform.live\sheet-music-app-auditor-validation\node_modules\next\dist\client\components\router-reducer\create-initial-router-state.js|app-pages-browser
* javascript/auto|C:\Users\dsbog\centralreform.live\sheet-music-app-auditor-validation\node_modules\next\dist\build\webpack\loaders\next-flight-client-module-loader.js!C:\Users\dsbog\centralreform.live\sheet-music-app-auditor-validation\node_modules\next\dist\build\webpack\loaders\next-swc-loader.js??ruleSet[1].rules[17].oneOf[6].use[1]!C:\Users\dsbog\centralreform.live\sheet-music-app-auditor-validation\node_modules\next\dist\client\components\router-reducer\ppr-navigations.js|app-pages-browser
    Used by 10 module(s), i. e.
    javascript/auto|C:\Users\dsbog\centralreform.live\sheet-music-app-auditor-validation\node_modules\next\dist\build\webpack\loaders\next-flight-client-module-loader.js!C:\Users\dsbog\centralreform.live\sheet-music-app-auditor-validation\node_modules\next\dist\build\webpack\loaders\next-swc-loader.js??ruleSet[1].rules[17].oneOf[6].use[1]!C:\Users\dsbog\centralreform.live\sheet-music-app-auditor-validation\node_modules\next\dist\client\components\layout-router.js|app-pages-browser

Import trace for requested module:
../sheet-music-app-auditor-validation/node_modules/next/dist/client/components/router-reducer/ppr-navigations.js
../sheet-music-app-auditor-validation/node_modules/next/dist/client/components/router-reducer/create-initial-router-state.js
../sheet-music-app-auditor-validation/node_modules/next/dist/client/app-index.js

../sheet-music-app-auditor-validation/node_modules/next/dist/client/components/router-reducer/reducers/committed-state.js
There are multiple modules with names that only differ in casing.
This can lead to unexpected behavior when compiling on a filesystem with other case-semantic.
Use equal casing. Compare these module identifiers:
* javascript/auto|C:\Users\dsbog\centralreform.live\sheet-music-app-auditor-validation\node_modules\next\dist\build\webpack\loaders\next-flight-client-module-loader.js!C:\Users\dsbog\centralreform.live\sheet-music-app-auditor-validation\node_modules\next\dist\build\webpack\loaders\next-swc-loader.js??ruleSet[1].rules[17].oneOf[6].use[1]!C:\Users\dsbog\CentralReform.live\sheet-music-app-auditor-validation\node_modules\next\dist\client\components\router-reducer\reducers\committed-state.js|app-pages-browser
    Used by 3 module(s), i. e.
    javascript/auto|C:\Users\dsbog\centralreform.live\sheet-music-app-auditor-validation\node_modules\next\dist\build\webpack\loaders\next-flight-client-module-loader.js!C:\Users\dsbog\centralreform.live\sheet-music-app-auditor-validation\node_modules\next\dist\build\webpack\loaders\next-swc-loader.js??ruleSet[1].rules[17].oneOf[6].use[1]!C:\Users\dsbog\CentralReform.live\sheet-music-app-auditor-validation\node_modules\next\dist\client\components\app-router.js|app-pages-browser
* javascript/auto|C:\Users\dsbog\centralreform.live\sheet-music-app-auditor-validation\node_modules\next\dist\build\webpack\loaders\next-flight-client-module-loader.js!C:\Users\dsbog\centralreform.live\sheet-music-app-auditor-validation\node_modules\next\dist\build\webpack\loaders\next-swc-loader.js??ruleSet[1].rules[17].oneOf[6].use[1]!C:\Users\dsbog\centralreform.live\sheet-music-app-auditor-validation\node_modules\next\dist\client\components\router-reducer\reducers\committed-state.js|app-pages-browser
    Used by 3 module(s), i. e.
    javascript/auto|C:\Users\dsbog\centralreform.live\sheet-music-app-auditor-validation\node_modules\next\dist\build\webpack\loaders\next-flight-client-module-loader.js!C:\Users\dsbog\centralreform.live\sheet-music-app-auditor-validation\node_modules\next\dist\build\webpack\loaders\next-swc-loader.js??ruleSet[1].rules[17].oneOf[6].use[1]!C:\Users\dsbog\centralreform.live\sheet-music-app-auditor-validation\node_modules\next\dist\client\components\router-reducer\ppr-navigations.js|app-pages-browser

Import trace for requested module:
../sheet-music-app-auditor-validation/node_modules/next/dist/client/components/router-reducer/reducers/committed-state.js
../sheet-music-app-auditor-validation/node_modules/next/dist/client/components/app-router.js
../sheet-music-app-auditor-validation/node_modules/next/dist/client/app-index.js

../sheet-music-app-auditor-validation/node_modules/next/dist/client/components/router-reducer/reducers/find-head-in-cache.js
There are multiple modules with names that only differ in casing.
This can lead to unexpected behavior when compiling on a filesystem with other case-semantic.
Use equal casing. Compare these module identifiers:
* javascript/auto|C:\Users\dsbog\centralreform.live\sheet-music-app-auditor-validation\node_modules\next\dist\build\webpack\loaders\next-flight-client-module-loader.js!C:\Users\dsbog\centralreform.live\sheet-music-app-auditor-validation\node_modules\next\dist\build\webpack\loaders\next-swc-loader.js??ruleSet[1].rules[17].oneOf[6].use[1]!C:\Users\dsbog\CentralReform.live\sheet-music-app-auditor-validation\node_modules\next\dist\client\components\router-reducer\reducers\find-head-in-cache.js|app-pages-browser
    Used by 2 module(s), i. e.
    javascript/auto|C:\Users\dsbog\centralreform.live\sheet-music-app-auditor-validation\node_modules\next\dist\build\webpack\loaders\next-flight-client-module-loader.js!C:\Users\dsbog\centralreform.live\sheet-music-app-auditor-validation\node_modules\next\dist\build\webpack\loaders\next-swc-loader.js??ruleSet[1].rules[17].oneOf[6].use[1]!C:\Users\dsbog\CentralReform.live\sheet-music-app-auditor-validation\node_modules\next\dist\client\components\app-router.js|app-pages-browser
* javascript/auto|C:\Users\dsbog\centralreform.live\sheet-music-app-auditor-validation\node_modules\next\dist\build\webpack\loaders\next-flight-client-module-loader.js!C:\Users\dsbog\centralreform.live\sheet-music-app-auditor-validation\node_modules\next\dist\build\webpack\loaders\next-swc-loader.js??ruleSet[1].rules[17].oneOf[6].use[1]!C:\Users\dsbog\centralreform.live\sheet-music-app-auditor-validation\node_modules\next\dist\client\components\router-reducer\reducers\find-head-in-cache.js|app-pages-browser
    Used by 2 module(s), i. e.
    javascript/auto|C:\Users\dsbog\centralreform.live\sheet-music-app-auditor-validation\node_modules\next\dist\build\webpack\loaders\next-flight-client-module-loader.js!C:\Users\dsbog\centralreform.live\sheet-music-app-auditor-validation\node_modules\next\dist\build\webpack\loaders\next-swc-loader.js??ruleSet[1].rules[17].oneOf[6].use[1]!C:\Users\dsbog\centralreform.live\sheet-music-app-auditor-validation\node_modules\next\dist\client\components\app-router.js|app-pages-browser

Import trace for requested module:
../sheet-music-app-auditor-validation/node_modules/next/dist/client/components/router-reducer/reducers/find-head-in-cache.js
../sheet-music-app-auditor-validation/node_modules/next/dist/client/components/app-router.js
../sheet-music-app-auditor-validation/node_modules/next/dist/client/app-index.js

../sheet-music-app-auditor-validation/node_modules/next/dist/client/components/router-reducer/reducers/has-interception-route-in-current-tree.js
There are multiple modules with names that only differ in casing.
This can lead to unexpected behavior when compiling on a filesystem with other case-semantic.
Use equal casing. Compare these module identifiers:
* javascript/auto|C:\Users\dsbog\centralreform.live\sheet-music-app-auditor-validation\node_modules\next\dist\build\webpack\loaders\next-flight-client-module-loader.js!C:\Users\dsbog\centralreform.live\sheet-music-app-auditor-validation\node_modules\next\dist\build\webpack\loaders\next-swc-loader.js??ruleSet[1].rules[17].oneOf[6].use[1]!C:\Users\dsbog\CentralReform.live\sheet-music-app-auditor-validation\node_modules\next\dist\client\components\router-reducer\reducers\has-interception-route-in-current-tree.js|app-pages-browser
    Used by 3 module(s), i. e.
    javascript/auto|C:\Users\dsbog\centralreform.live\sheet-music-app-auditor-validation\node_modules\next\dist\build\webpack\loaders\next-flight-client-module-loader.js!C:\Users\dsbog\centralreform.live\sheet-music-app-auditor-validation\node_modules\next\dist\build\webpack\loaders\next-swc-loader.js??ruleSet[1].rules[17].oneOf[6].use[1]!C:\Users\dsbog\CentralReform.live\sheet-music-app-auditor-validation\node_modules\next\dist\client\components\router-reducer\reducers\refresh-reducer.js|app-pages-browser
* javascript/auto|C:\Users\dsbog\centralreform.live\sheet-music-app-auditor-validation\node_modules\next\dist\build\webpack\loaders\next-flight-client-module-loader.js!C:\Users\dsbog\centralreform.live\sheet-music-app-auditor-validation\node_modules\next\dist\build\webpack\loaders\next-swc-loader.js??ruleSet[1].rules[17].oneOf[6].use[1]!C:\Users\dsbog\centralreform.live\sheet-music-app-auditor-validation\node_modules\next\dist\client\components\router-reducer\reducers\has-interception-route-in-current-tree.js|app-pages-browser
    Used by 3 module(s), i. e.
    javascript/auto|C:\Users\dsbog\centralreform.live\sheet-music-app-auditor-validation\node_modules\next\dist\build\webpack\loaders\next-flight-client-module-loader.js!C:\Users\dsbog\centralreform.live\sheet-music-app-auditor-validation\node_modules\next\dist\build\webpack\loaders\next-swc-loader.js??ruleSet[1].rules[17].oneOf[6].use[1]!C:\Users\dsbog\centralreform.live\sheet-music-app-auditor-validation\node_modules\next\dist\client\components\router-reducer\reducers\refresh-reducer.js|app-pages-browser

Import trace for requested module:
../sheet-music-app-auditor-validation/node_modules/next/dist/client/components/router-reducer/reducers/has-interception-route-in-current-tree.js
../sheet-music-app-auditor-validation/node_modules/next/dist/client/components/router-reducer/reducers/refresh-reducer.js
../sheet-music-app-auditor-validation/node_modules/next/dist/client/components/router-reducer/router-reducer.js
../sheet-music-app-auditor-validation/node_modules/next/dist/client/components/app-router-instance.js
../sheet-music-app-auditor-validation/node_modules/next/dist/client/app-index.js

../sheet-music-app-auditor-validation/node_modules/next/dist/client/components/router-reducer/reducers/hmr-refresh-reducer.js
There are multiple modules with names that only differ in casing.
This can lead to unexpected behavior when compiling on a filesystem with other case-semantic.
Use equal casing. Compare these module identifiers:
* javascript/auto|C:\Users\dsbog\centralreform.live\sheet-music-app-auditor-validation\node_modules\next\dist\build\webpack\loaders\next-flight-client-module-loader.js!C:\Users\dsbog\centralreform.live\sheet-music-app-auditor-validation\node_modules\next\dist\build\webpack\loaders\next-swc-loader.js??ruleSet[1].rules[17].oneOf[6].use[1]!C:\Users\dsbog\CentralReform.live\sheet-music-app-auditor-validation\node_modules\next\dist\client\components\router-reducer\reducers\hmr-refresh-reducer.js|app-pages-browser
    Used by 2 module(s), i. e.
    javascript/auto|C:\Users\dsbog\centralreform.live\sheet-music-app-auditor-validation\node_modules\next\dist\build\webpack\loaders\next-flight-client-module-loader.js!C:\Users\dsbog\centralreform.live\sheet-music-app-auditor-validation\node_modules\next\dist\build\webpack\loaders\next-swc-loader.js??ruleSet[1].rules[17].oneOf[6].use[1]!C:\Users\dsbog\CentralReform.live\sheet-music-app-auditor-validation\node_modules\next\dist\client\components\router-reducer\router-reducer.js|app-pages-browser
* javascript/auto|C:\Users\dsbog\centralreform.live\sheet-music-app-auditor-validation\node_modules\next\dist\build\webpack\loaders\next-flight-client-module-loader.js!C:\Users\dsbog\centralreform.live\sheet-music-app-auditor-validation\node_modules\next\dist\build\webpack\loaders\next-swc-loader.js??ruleSet[1].rules[17].oneOf[6].use[1]!C:\Users\dsbog\centralreform.live\sheet-music-app-auditor-validation\node_modules\next\dist\client\components\router-reducer\reducers\hmr-refresh-reducer.js|app-pages-browser
    Used by 2 module(s), i. e.
    javascript/auto|C:\Users\dsbog\centralreform.live\sheet-music-app-auditor-validation\node_modules\next\dist\build\webpack\loaders\next-flight-client-module-loader.js!C:\Users\dsbog\centralreform.live\sheet-music-app-auditor-validation\node_modules\next\dist\build\webpack\loaders\next-swc-loader.js??ruleSet[1].rules[17].oneOf[6].use[1]!C:\Users\dsbog\centralreform.live\sheet-music-app-auditor-validation\node_modules\next\dist\client\components\router-reducer\router-reducer.js|app-pages-browser

Import trace for requested module:
../sheet-music-app-auditor-validation/node_modules/next/dist/client/components/router-reducer/reducers/hmr-refresh-reducer.js
../sheet-music-app-auditor-validation/node_modules/next/dist/client/components/router-reducer/router-reducer.js
../sheet-music-app-auditor-validation/node_modules/next/dist/client/components/app-router-instance.js
../sheet-music-app-auditor-validation/node_modules/next/dist/client/app-index.js

../sheet-music-app-auditor-validation/node_modules/next/dist/client/components/router-reducer/reducers/navigate-reducer.js
There are multiple modules with names that only differ in casing.
This can lead to unexpected behavior when compiling on a filesystem with other case-semantic.
Use equal casing. Compare these module identifiers:
* javascript/auto|C:\Users\dsbog\centralreform.live\sheet-music-app-auditor-validation\node_modules\next\dist\build\webpack\loaders\next-flight-client-module-loader.js!C:\Users\dsbog\centralreform.live\sheet-music-app-auditor-validation\node_modules\next\dist\build\webpack\loaders\next-swc-loader.js??ruleSet[1].rules[17].oneOf[6].use[1]!C:\Users\dsbog\CentralReform.live\sheet-music-app-auditor-validation\node_modules\next\dist\client\components\router-reducer\reducers\navigate-reducer.js|app-pages-browser
    Used by 4 module(s), i. e.
    javascript/auto|C:\Users\dsbog\centralreform.live\sheet-music-app-auditor-validation\node_modules\next\dist\build\webpack\loaders\next-flight-client-module-loader.js!C:\Users\dsbog\centralreform.live\sheet-music-app-auditor-validation\node_modules\next\dist\build\webpack\loaders\next-swc-loader.js??ruleSet[1].rules[17].oneOf[6].use[1]!C:\Users\dsbog\CentralReform.live\sheet-music-app-auditor-validation\node_modules\next\dist\client\components\router-reducer\router-reducer.js|app-pages-browser
* javascript/auto|C:\Users\dsbog\centralreform.live\sheet-music-app-auditor-validation\node_modules\next\dist\build\webpack\loaders\next-flight-client-module-loader.js!C:\Users\dsbog\centralreform.live\sheet-music-app-auditor-validation\node_modules\next\dist\build\webpack\loaders\next-swc-loader.js??ruleSet[1].rules[17].oneOf[6].use[1]!C:\Users\dsbog\centralreform.live\sheet-music-app-auditor-validation\node_modules\next\dist\client\components\router-reducer\reducers\navigate-reducer.js|app-pages-browser
    Used by 4 module(s), i. e.
    javascript/auto|C:\Users\dsbog\centralreform.live\sheet-music-app-auditor-validation\node_modules\next\dist\build\webpack\loaders\next-flight-client-module-loader.js!C:\Users\dsbog\centralreform.live\sheet-music-app-auditor-validation\node_modules\next\dist\build\webpack\loaders\next-swc-loader.js??ruleSet[1].rules[17].oneOf[6].use[1]!C:\Users\dsbog\centralreform.live\sheet-music-app-auditor-validation\node_modules\next\dist\client\components\segment-cache\bfcache.js|app-pages-browser

Import trace for requested module:
../sheet-music-app-auditor-validation/node_modules/next/dist/client/components/router-reducer/reducers/navigate-reducer.js
../sheet-music-app-auditor-validation/node_modules/next/dist/client/components/router-reducer/router-reducer.js
../sheet-music-app-auditor-validation/node_modules/next/dist/client/components/app-router-instance.js
../sheet-music-app-auditor-validation/node_modules/next/dist/client/app-index.js

../sheet-music-app-auditor-validation/node_modules/next/dist/client/components/router-reducer/reducers/refresh-reducer.js
There are multiple modules with names that only differ in casing.
This can lead to unexpected behavior when compiling on a filesystem with other case-semantic.
Use equal casing. Compare these module identifiers:
* javascript/auto|C:\Users\dsbog\centralreform.live\sheet-music-app-auditor-validation\node_modules\next\dist\build\webpack\loaders\next-flight-client-module-loader.js!C:\Users\dsbog\centralreform.live\sheet-music-app-auditor-validation\node_modules\next\dist\build\webpack\loaders\next-swc-loader.js??ruleSet[1].rules[17].oneOf[6].use[1]!C:\Users\dsbog\CentralReform.live\sheet-music-app-auditor-validation\node_modules\next\dist\client\components\router-reducer\reducers\refresh-reducer.js|app-pages-browser
    Used by 4 module(s), i. e.
    javascript/auto|C:\Users\dsbog\centralreform.live\sheet-music-app-auditor-validation\node_modules\next\dist\build\webpack\loaders\next-flight-client-module-loader.js!C:\Users\dsbog\centralreform.live\sheet-music-app-auditor-validation\node_modules\next\dist\build\webpack\loaders\next-swc-loader.js??ruleSet[1].rules[17].oneOf[6].use[1]!C:\Users\dsbog\CentralReform.live\sheet-music-app-auditor-validation\node_modules\next\dist\client\components\router-reducer\router-reducer.js|app-pages-browser
* javascript/auto|C:\Users\dsbog\centralreform.live\sheet-music-app-auditor-validation\node_modules\next\dist\build\webpack\loaders\next-flight-client-module-loader.js!C:\Users\dsbog\centralreform.live\sheet-music-app-auditor-validation\node_modules\next\dist\build\webpack\loaders\next-swc-loader.js??ruleSet[1].rules[17].oneOf[6].use[1]!C:\Users\dsbog\centralreform.live\sheet-music-app-auditor-validation\node_modules\next\dist\client\components\router-reducer\reducers\refresh-reducer.js|app-pages-browser
    Used by 4 module(s), i. e.
    javascript/auto|C:\Users\dsbog\centralreform.live\sheet-music-app-auditor-validation\node_modules\next\dist\build\webpack\loaders\next-flight-client-module-loader.js!C:\Users\dsbog\centralreform.live\sheet-music-app-auditor-validation\node_modules\next\dist\build\webpack\loaders\next-swc-loader.js??ruleSet[1].rules[17].oneOf[6].use[1]!C:\Users\dsbog\centralreform.live\sheet-music-app-auditor-validation\node_modules\next\dist\client\components\router-reducer\router-reducer.js|app-pages-browser

Import trace for requested module:
../sheet-music-app-auditor-validation/node_modules/next/dist/client/components/router-reducer/reducers/refresh-reducer.js
../sheet-music-app-auditor-validation/node_modules/next/dist/client/components/router-reducer/router-reducer.js
../sheet-music-app-auditor-validation/node_modules/next/dist/client/components/app-router-instance.js
../sheet-music-app-auditor-validation/node_modules/next/dist/client/app-index.js

../sheet-music-app-auditor-validation/node_modules/next/dist/client/components/router-reducer/reducers/restore-reducer.js
There are multiple modules with names that only differ in casing.
This can lead to unexpected behavior when compiling on a filesystem with other case-semantic.
Use equal casing. Compare these module identifiers:
* javascript/auto|C:\Users\dsbog\centralreform.live\sheet-music-app-auditor-validation\node_modules\next\dist\build\webpack\loaders\next-flight-client-module-loader.js!C:\Users\dsbog\centralreform.live\sheet-music-app-auditor-validation\node_modules\next\dist\build\webpack\loaders\next-swc-loader.js??ruleSet[1].rules[17].oneOf[6].use[1]!C:\Users\dsbog\CentralReform.live\sheet-music-app-auditor-validation\node_modules\next\dist\client\components\router-reducer\reducers\restore-reducer.js|app-pages-browser
    Used by 2 module(s), i. e.
    javascript/auto|C:\Users\dsbog\centralreform.live\sheet-music-app-auditor-validation\node_modules\next\dist\build\webpack\loaders\next-flight-client-module-loader.js!C:\Users\dsbog\centralreform.live\sheet-music-app-auditor-validation\node_modules\next\dist\build\webpack\loaders\next-swc-loader.js??ruleSet[1].rules[17].oneOf[6].use[1]!C:\Users\dsbog\CentralReform.live\sheet-music-app-auditor-validation\node_modules\next\dist\client\components\router-reducer\router-reducer.js|app-pages-browser
* javascript/auto|C:\Users\dsbog\centralreform.live\sheet-music-app-auditor-validation\node_modules\next\dist\build\webpack\loaders\next-flight-client-module-loader.js!C:\Users\dsbog\centralreform.live\sheet-music-app-auditor-validation\node_modules\next\dist\build\webpack\loaders\next-swc-loader.js??ruleSet[1].rules[17].oneOf[6].use[1]!C:\Users\dsbog\centralreform.live\sheet-music-app-auditor-validation\node_modules\next\dist\client\components\router-reducer\reducers\restore-reducer.js|app-pages-browser
    Used by 2 module(s), i. e.
    javascript/auto|C:\Users\dsbog\centralreform.live\sheet-music-app-auditor-validation\node_modules\next\dist\build\webpack\loaders\next-flight-client-module-loader.js!C:\Users\dsbog\centralreform.live\sheet-music-app-auditor-validation\node_modules\next\dist\build\webpack\loaders\next-swc-loader.js??ruleSet[1].rules[17].oneOf[6].use[1]!C:\Users\dsbog\centralreform.live\sheet-music-app-auditor-validation\node_modules\next\dist\client\components\router-reducer\router-reducer.js|app-pages-browser

Import trace for requested module:
../sheet-music-app-auditor-validation/node_modules/next/dist/client/components/router-reducer/reducers/restore-reducer.js
../sheet-music-app-auditor-validation/node_modules/next/dist/client/components/router-reducer/router-reducer.js
../sheet-music-app-auditor-validation/node_modules/next/dist/client/components/app-router-instance.js
../sheet-music-app-auditor-validation/node_modules/next/dist/client/app-index.js

../sheet-music-app-auditor-validation/node_modules/next/dist/client/components/router-reducer/reducers/server-action-reducer.js
There are multiple modules with names that only differ in casing.
This can lead to unexpected behavior when compiling on a filesystem with other case-semantic.
Use equal casing. Compare these module identifiers:
* javascript/auto|C:\Users\dsbog\centralreform.live\sheet-music-app-auditor-validation\node_modules\next\dist\build\webpack\loaders\next-flight-client-module-loader.js!C:\Users\dsbog\centralreform.live\sheet-music-app-auditor-validation\node_modules\next\dist\build\webpack\loaders\next-swc-loader.js??ruleSet[1].rules[17].oneOf[6].use[1]!C:\Users\dsbog\CentralReform.live\sheet-music-app-auditor-validation\node_modules\next\dist\client\components\router-reducer\reducers\server-action-reducer.js|app-pages-browser
    Used by 2 module(s), i. e.
    javascript/auto|C:\Users\dsbog\centralreform.live\sheet-music-app-auditor-validation\node_modules\next\dist\build\webpack\loaders\next-flight-client-module-loader.js!C:\Users\dsbog\centralreform.live\sheet-music-app-auditor-validation\node_modules\next\dist\build\webpack\loaders\next-swc-loader.js??ruleSet[1].rules[17].oneOf[6].use[1]!C:\Users\dsbog\CentralReform.live\sheet-music-app-auditor-validation\node_modules\next\dist\client\components\router-reducer\router-reducer.js|app-pages-browser
* javascript/auto|C:\Users\dsbog\centralreform.live\sheet-music-app-auditor-validation\node_modules\next\dist\build\webpack\loaders\next-flight-client-module-loader.js!C:\Users\dsbog\centralreform.live\sheet-music-app-auditor-validation\node_modules\next\dist\build\webpack\loaders\next-swc-loader.js??ruleSet[1].rules[17].oneOf[6].use[1]!C:\Users\dsbog\centralreform.live\sheet-music-app-auditor-validation\node_modules\next\dist\client\components\router-reducer\reducers\server-action-reducer.js|app-pages-browser
    Used by 2 module(s), i. e.
    javascript/auto|C:\Users\dsbog\centralreform.live\sheet-music-app-auditor-validation\node_modules\next\dist\build\webpack\loaders\next-flight-client-module-loader.js!C:\Users\dsbog\centralreform.live\sheet-music-app-auditor-validation\node_modules\next\dist\build\webpack\loaders\next-swc-loader.js??ruleSet[1].rules[17].oneOf[6].use[1]!C:\Users\dsbog\centralreform.live\sheet-music-app-auditor-validation\node_modules\next\dist\client\components\router-reducer\router-reducer.js|app-pages-browser

Import trace for requested module:
../sheet-music-app-auditor-validation/node_modules/next/dist/client/components/router-reducer/reducers/server-action-reducer.js
../sheet-music-app-auditor-validation/node_modules/next/dist/client/components/router-reducer/router-reducer.js
../sheet-music-app-auditor-validation/node_modules/next/dist/client/components/app-router-instance.js
../sheet-music-app-auditor-validation/node_modules/next/dist/client/app-index.js

../sheet-music-app-auditor-validation/node_modules/next/dist/client/components/router-reducer/reducers/server-patch-reducer.js
There are multiple modules with names that only differ in casing.
This can lead to unexpected behavior when compiling on a filesystem with other case-semantic.
Use equal casing. Compare these module identifiers:
* javascript/auto|C:\Users\dsbog\centralreform.live\sheet-music-app-auditor-validation\node_modules\next\dist\build\webpack\loaders\next-flight-client-module-loader.js!C:\Users\dsbog\centralreform.live\sheet-music-app-auditor-validation\node_modules\next\dist\build\webpack\loaders\next-swc-loader.js??ruleSet[1].rules[17].oneOf[6].use[1]!C:\Users\dsbog\CentralReform.live\sheet-music-app-auditor-validation\node_modules\next\dist\client\components\router-reducer\reducers\server-patch-reducer.js|app-pages-browser
    Used by 2 module(s), i. e.
    javascript/auto|C:\Users\dsbog\centralreform.live\sheet-music-app-auditor-validation\node_modules\next\dist\build\webpack\loaders\next-flight-client-module-loader.js!C:\Users\dsbog\centralreform.live\sheet-music-app-auditor-validation\node_modules\next\dist\build\webpack\loaders\next-swc-loader.js??ruleSet[1].rules[17].oneOf[6].use[1]!C:\Users\dsbog\CentralReform.live\sheet-music-app-auditor-validation\node_modules\next\dist\client\components\router-reducer\router-reducer.js|app-pages-browser
* javascript/auto|C:\Users\dsbog\centralreform.live\sheet-music-app-auditor-validation\node_modules\next\dist\build\webpack\loaders\next-flight-client-module-loader.js!C:\Users\dsbog\centralreform.live\sheet-music-app-auditor-validation\node_modules\next\dist\build\webpack\loaders\next-swc-loader.js??ruleSet[1].rules[17].oneOf[6].use[1]!C:\Users\dsbog\centralreform.live\sheet-music-app-auditor-validation\node_modules\next\dist\client\components\router-reducer\reducers\server-patch-reducer.js|app-pages-browser
    Used by 2 module(s), i. e.
    javascript/auto|C:\Users\dsbog\centralreform.live\sheet-music-app-auditor-validation\node_modules\next\dist\build\webpack\loaders\next-flight-client-module-loader.js!C:\Users\dsbog\centralreform.live\sheet-music-app-auditor-validation\node_modules\next\dist\build\webpack\loaders\next-swc-loader.js??ruleSet[1].rules[17].oneOf[6].use[1]!C:\Users\dsbog\centralreform.live\sheet-music-app-auditor-validation\node_modules\next\dist\client\components\router-reducer\router-reducer.js|app-pages-browser

Import trace for requested module:
../sheet-music-app-auditor-validation/node_modules/next/dist/client/components/router-reducer/reducers/server-patch-reducer.js
../sheet-music-app-auditor-validation/node_modules/next/dist/client/components/router-reducer/router-reducer.js
../sheet-music-app-auditor-validation/node_modules/next/dist/client/components/app-router-instance.js
../sheet-music-app-auditor-validation/node_modules/next/dist/client/app-index.js

../sheet-music-app-auditor-validation/node_modules/next/dist/client/components/router-reducer/router-reducer-types.js
There are multiple modules with names that only differ in casing.
This can lead to unexpected behavior when compiling on a filesystem with other case-semantic.
Use equal casing. Compare these module identifiers:
* javascript/auto|C:\Users\dsbog\centralreform.live\sheet-music-app-auditor-validation\node_modules\next\dist\build\webpack\loaders\next-flight-client-module-loader.js!C:\Users\dsbog\centralreform.live\sheet-music-app-auditor-validation\node_modules\next\dist\build\webpack\loaders\next-swc-loader.js??ruleSet[1].rules[17].oneOf[6].use[1]!C:\Users\dsbog\CentralReform.live\sheet-music-app-auditor-validation\node_modules\next\dist\client\components\router-reducer\router-reducer-types.js|app-pages-browser
    Used by 11 module(s), i. e.
    javascript/auto|C:\Users\dsbog\centralreform.live\sheet-music-app-auditor-validation\node_modules\next\dist\build\webpack\loaders\next-flight-client-module-loader.js!C:\Users\dsbog\centralreform.live\sheet-music-app-auditor-validation\node_modules\next\dist\build\webpack\loaders\next-swc-loader.js??ruleSet[1].rules[17].oneOf[6].use[1]!C:\Users\dsbog\CentralReform.live\sheet-music-app-auditor-validation\node_modules\next\dist\client\app-call-server.js|app-pages-browser
* javascript/auto|C:\Users\dsbog\centralreform.live\sheet-music-app-auditor-validation\node_modules\next\dist\build\webpack\loaders\next-flight-client-module-loader.js!C:\Users\dsbog\centralreform.live\sheet-music-app-auditor-validation\node_modules\next\dist\build\webpack\loaders\next-swc-loader.js??ruleSet[1].rules[17].oneOf[6].use[1]!C:\Users\dsbog\centralreform.live\sheet-music-app-auditor-validation\node_modules\next\dist\client\components\router-reducer\router-reducer-types.js|app-pages-browser
    Used by 12 module(s), i. e.
    javascript/auto|C:\Users\dsbog\centralreform.live\sheet-music-app-auditor-validation\node_modules\next\dist\build\webpack\loaders\next-flight-client-module-loader.js!C:\Users\dsbog\centralreform.live\sheet-music-app-auditor-validation\node_modules\next\dist\build\webpack\loaders\next-swc-loader.js??ruleSet[1].rules[17].oneOf[6].use[1]!C:\Users\dsbog\centralreform.live\sheet-music-app-auditor-validation\node_modules\next\dist\client\app-dir\link.js|app-pages-browser

Import trace for requested module:
../sheet-music-app-auditor-validation/node_modules/next/dist/client/components/router-reducer/router-reducer-types.js
../sheet-music-app-auditor-validation/node_modules/next/dist/client/app-call-server.js
../sheet-music-app-auditor-validation/node_modules/next/dist/client/app-index.js

../sheet-music-app-auditor-validation/node_modules/next/dist/client/components/router-reducer/router-reducer.js
There are multiple modules with names that only differ in casing.
This can lead to unexpected behavior when compiling on a filesystem with other case-semantic.
Use equal casing. Compare these module identifiers:
* javascript/auto|C:\Users\dsbog\centralreform.live\sheet-music-app-auditor-validation\node_modules\next\dist\build\webpack\loaders\next-flight-client-module-loader.js!C:\Users\dsbog\centralreform.live\sheet-music-app-auditor-validation\node_modules\next\dist\build\webpack\loaders\next-swc-loader.js??ruleSet[1].rules[17].oneOf[6].use[1]!C:\Users\dsbog\CentralReform.live\sheet-music-app-auditor-validation\node_modules\next\dist\client\components\router-reducer\router-reducer.js|app-pages-browser
    Used by 2 module(s), i. e.
    javascript/auto|C:\Users\dsbog\centralreform.live\sheet-music-app-auditor-validation\node_modules\next\dist\build\webpack\loaders\next-flight-client-module-loader.js!C:\Users\dsbog\centralreform.live\sheet-music-app-auditor-validation\node_modules\next\dist\build\webpack\loaders\next-swc-loader.js??ruleSet[1].rules[17].oneOf[6].use[1]!C:\Users\dsbog\CentralReform.live\sheet-music-app-auditor-validation\node_modules\next\dist\client\components\app-router-instance.js|app-pages-browser
* javascript/auto|C:\Users\dsbog\centralreform.live\sheet-music-app-auditor-validation\node_modules\next\dist\build\webpack\loaders\next-flight-client-module-loader.js!C:\Users\dsbog\centralreform.live\sheet-music-app-auditor-validation\node_modules\next\dist\build\webpack\loaders\next-swc-loader.js??ruleSet[1].rules[17].oneOf[6].use[1]!C:\Users\dsbog\centralreform.live\sheet-music-app-auditor-validation\node_modules\next\dist\client\components\router-reducer\router-reducer.js|app-pages-browser
    Used by 2 module(s), i. e.
    javascript/auto|C:\Users\dsbog\centralreform.live\sheet-music-app-auditor-validation\node_modules\next\dist\build\webpack\loaders\next-flight-client-module-loader.js!C:\Users\dsbog\centralreform.live\sheet-music-app-auditor-validation\node_modules\next\dist\build\webpack\loaders\next-swc-loader.js??ruleSet[1].rules[17].oneOf[6].use[1]!C:\Users\dsbog\centralreform.live\sheet-music-app-auditor-validation\node_modules\next\dist\client\components\app-router-instance.js|app-pages-browser

Import trace for requested module:
../sheet-music-app-auditor-validation/node_modules/next/dist/client/components/router-reducer/router-reducer.js
../sheet-music-app-auditor-validation/node_modules/next/dist/client/components/app-router-instance.js
../sheet-music-app-auditor-validation/node_modules/next/dist/client/app-index.js

../sheet-music-app-auditor-validation/node_modules/next/dist/client/components/router-reducer/set-cache-busting-search-param.js
There are multiple modules with names that only differ in casing.
This can lead to unexpected behavior when compiling on a filesystem with other case-semantic.
Use equal casing. Compare these module identifiers:
* javascript/auto|C:\Users\dsbog\centralreform.live\sheet-music-app-auditor-validation\node_modules\next\dist\build\webpack\loaders\next-flight-client-module-loader.js!C:\Users\dsbog\centralreform.live\sheet-music-app-auditor-validation\node_modules\next\dist\build\webpack\loaders\next-swc-loader.js??ruleSet[1].rules[17].oneOf[6].use[1]!C:\Users\dsbog\CentralReform.live\sheet-music-app-auditor-validation\node_modules\next\dist\client\components\router-reducer\set-cache-busting-search-param.js|app-pages-browser
    Used by 2 module(s), i. e.
    javascript/auto|C:\Users\dsbog\centralreform.live\sheet-music-app-auditor-validation\node_modules\next\dist\build\webpack\loaders\next-flight-client-module-loader.js!C:\Users\dsbog\centralreform.live\sheet-music-app-auditor-validation\node_modules\next\dist\build\webpack\loaders\next-swc-loader.js??ruleSet[1].rules[17].oneOf[6].use[1]!C:\Users\dsbog\CentralReform.live\sheet-music-app-auditor-validation\node_modules\next\dist\client\components\router-reducer\fetch-server-response.js|app-pages-browser
* javascript/auto|C:\Users\dsbog\centralreform.live\sheet-music-app-auditor-validation\node_modules\next\dist\build\webpack\loaders\next-flight-client-module-loader.js!C:\Users\dsbog\centralreform.live\sheet-music-app-auditor-validation\node_modules\next\dist\build\webpack\loaders\next-swc-loader.js??ruleSet[1].rules[17].oneOf[6].use[1]!C:\Users\dsbog\centralreform.live\sheet-music-app-auditor-validation\node_modules\next\dist\client\components\router-reducer\set-cache-busting-search-param.js|app-pages-browser
    Used by 2 module(s), i. e.
    javascript/auto|C:\Users\dsbog\centralreform.live\sheet-music-app-auditor-validation\node_modules\next\dist\build\webpack\loaders\next-flight-client-module-loader.js!C:\Users\dsbog\centralreform.live\sheet-music-app-auditor-validation\node_modules\next\dist\build\webpack\loaders\next-swc-loader.js??ruleSet[1].rules[17].oneOf[6].use[1]!C:\Users\dsbog\centralreform.live\sheet-music-app-auditor-validation\node_modules\next\dist\client\components\router-reducer\fetch-server-response.js|app-pages-browser

Import trace for requested module:
../sheet-music-app-auditor-validation/node_modules/next/dist/client/components/router-reducer/set-cache-busting-search-param.js
../sheet-music-app-auditor-validation/node_modules/next/dist/client/components/router-reducer/fetch-server-response.js
../sheet-music-app-auditor-validation/node_modules/next/dist/client/components/router-reducer/create-initial-router-state.js
../sheet-music-app-auditor-validation/node_modules/next/dist/client/app-index.js

../sheet-music-app-auditor-validation/node_modules/next/dist/client/components/segment-cache/bfcache.js
There are multiple modules with names that only differ in casing.
This can lead to unexpected behavior when compiling on a filesystem with other case-semantic.
Use equal casing. Compare these module identifiers:
* javascript/auto|C:\Users\dsbog\centralreform.live\sheet-music-app-auditor-validation\node_modules\next\dist\build\webpack\loaders\next-flight-client-module-loader.js!C:\Users\dsbog\centralreform.live\sheet-music-app-auditor-validation\node_modules\next\dist\build\webpack\loaders\next-swc-loader.js??ruleSet[1].rules[17].oneOf[6].use[1]!C:\Users\dsbog\CentralReform.live\sheet-music-app-auditor-validation\node_modules\next\dist\client\components\segment-cache\bfcache.js|app-pages-browser
    Used by 9 module(s), i. e.
    javascript/auto|C:\Users\dsbog\centralreform.live\sheet-music-app-auditor-validation\node_modules\next\dist\build\webpack\loaders\next-flight-client-module-loader.js!C:\Users\dsbog\centralreform.live\sheet-music-app-auditor-validation\node_modules\next\dist\build\webpack\loaders\next-swc-loader.js??ruleSet[1].rules[17].oneOf[6].use[1]!C:\Users\dsbog\CentralReform.live\sheet-music-app-auditor-validation\node_modules\next\dist\client\components\router-reducer\create-initial-router-state.js|app-pages-browser
* javascript/auto|C:\Users\dsbog\centralreform.live\sheet-music-app-auditor-validation\node_modules\next\dist\build\webpack\loaders\next-flight-client-module-loader.js!C:\Users\dsbog\centralreform.live\sheet-music-app-auditor-validation\node_modules\next\dist\build\webpack\loaders\next-swc-loader.js??ruleSet[1].rules[17].oneOf[6].use[1]!C:\Users\dsbog\centralreform.live\sheet-music-app-auditor-validation\node_modules\next\dist\client\components\segment-cache\bfcache.js|app-pages-browser
    Used by 8 module(s), i. e.
    javascript/auto|C:\Users\dsbog\centralreform.live\sheet-music-app-auditor-validation\node_modules\next\dist\build\webpack\loaders\next-flight-client-module-loader.js!C:\Users\dsbog\centralreform.live\sheet-music-app-auditor-validation\node_modules\next\dist\build\webpack\loaders\next-swc-loader.js??ruleSet[1].rules[17].oneOf[6].use[1]!C:\Users\dsbog\centralreform.live\sheet-music-app-auditor-validation\node_modules\next\dist\client\components\router-reducer\ppr-navigations.js|app-pages-browser

Import trace for requested module:
../sheet-music-app-auditor-validation/node_modules/next/dist/client/components/segment-cache/bfcache.js
../sheet-music-app-auditor-validation/node_modules/next/dist/client/components/router-reducer/create-initial-router-state.js
../sheet-music-app-auditor-validation/node_modules/next/dist/client/app-index.js

../sheet-music-app-auditor-validation/node_modules/next/dist/client/components/segment-cache/cache-key.js
There are multiple modules with names that only differ in casing.
This can lead to unexpected behavior when compiling on a filesystem with other case-semantic.
Use equal casing. Compare these module identifiers:
* javascript/auto|C:\Users\dsbog\centralreform.live\sheet-music-app-auditor-validation\node_modules\next\dist\build\webpack\loaders\next-flight-client-module-loader.js!C:\Users\dsbog\centralreform.live\sheet-music-app-auditor-validation\node_modules\next\dist\build\webpack\loaders\next-swc-loader.js??ruleSet[1].rules[17].oneOf[6].use[1]!C:\Users\dsbog\CentralReform.live\sheet-music-app-auditor-validation\node_modules\next\dist\client\components\segment-cache\cache-key.js|app-pages-browser
    Used by 6 module(s), i. e.
    javascript/auto|C:\Users\dsbog\centralreform.live\sheet-music-app-auditor-validation\node_modules\next\dist\build\webpack\loaders\next-flight-client-module-loader.js!C:\Users\dsbog\centralreform.live\sheet-music-app-auditor-validation\node_modules\next\dist\build\webpack\loaders\next-swc-loader.js??ruleSet[1].rules[17].oneOf[6].use[1]!C:\Users\dsbog\CentralReform.live\sheet-music-app-auditor-validation\node_modules\next\dist\client\components\segment-cache\cache.js|app-pages-browser
* javascript/auto|C:\Users\dsbog\centralreform.live\sheet-music-app-auditor-validation\node_modules\next\dist\build\webpack\loaders\next-flight-client-module-loader.js!C:\Users\dsbog\centralreform.live\sheet-music-app-auditor-validation\node_modules\next\dist\build\webpack\loaders\next-swc-loader.js??ruleSet[1].rules[17].oneOf[6].use[1]!C:\Users\dsbog\centralreform.live\sheet-music-app-auditor-validation\node_modules\next\dist\client\components\segment-cache\cache-key.js|app-pages-browser
    Used by 6 module(s), i. e.
    javascript/auto|C:\Users\dsbog\centralreform.live\sheet-music-app-auditor-validation\node_modules\next\dist\build\webpack\loaders\next-flight-client-module-loader.js!C:\Users\dsbog\centralreform.live\sheet-music-app-auditor-validation\node_modules\next\dist\build\webpack\loaders\next-swc-loader.js??ruleSet[1].rules[17].oneOf[6].use[1]!C:\Users\dsbog\centralreform.live\sheet-music-app-auditor-validation\node_modules\next\dist\client\components\links.js|app-pages-browser

Import trace for requested module:
../sheet-music-app-auditor-validation/node_modules/next/dist/client/components/segment-cache/cache-key.js
../sheet-music-app-auditor-validation/node_modules/next/dist/client/components/segment-cache/cache.js
../sheet-music-app-auditor-validation/node_modules/next/dist/client/components/router-reducer/create-initial-router-state.js
../sheet-music-app-auditor-validation/node_modules/next/dist/client/app-index.js

../sheet-music-app-auditor-validation/node_modules/next/dist/client/components/segment-cache/cache-map.js
There are multiple modules with names that only differ in casing.
This can lead to unexpected behavior when compiling on a filesystem with other case-semantic.
Use equal casing. Compare these module identifiers:
* javascript/auto|C:\Users\dsbog\centralreform.live\sheet-music-app-auditor-validation\node_modules\next\dist\build\webpack\loaders\next-flight-client-module-loader.js!C:\Users\dsbog\centralreform.live\sheet-music-app-auditor-validation\node_modules\next\dist\build\webpack\loaders\next-swc-loader.js??ruleSet[1].rules[17].oneOf[6].use[1]!C:\Users\dsbog\CentralReform.live\sheet-music-app-auditor-validation\node_modules\next\dist\client\components\segment-cache\cache-map.js|app-pages-browser
    Used by 5 module(s), i. e.
    javascript/auto|C:\Users\dsbog\centralreform.live\sheet-music-app-auditor-validation\node_modules\next\dist\build\webpack\loaders\next-flight-client-module-loader.js!C:\Users\dsbog\centralreform.live\sheet-music-app-auditor-validation\node_modules\next\dist\build\webpack\loaders\next-swc-loader.js??ruleSet[1].rules[17].oneOf[6].use[1]!C:\Users\dsbog\CentralReform.live\sheet-music-app-auditor-validation\node_modules\next\dist\client\components\segment-cache\bfcache.js|app-pages-browser
* javascript/auto|C:\Users\dsbog\centralreform.live\sheet-music-app-auditor-validation\node_modules\next\dist\build\webpack\loaders\next-flight-client-module-loader.js!C:\Users\dsbog\centralreform.live\sheet-music-app-auditor-validation\node_modules\next\dist\build\webpack\loaders\next-swc-loader.js??ruleSet[1].rules[17].oneOf[6].use[1]!C:\Users\dsbog\centralreform.live\sheet-music-app-auditor-validation\node_modules\next\dist\client\components\segment-cache\cache-map.js|app-pages-browser
    Used by 5 module(s), i. e.
    javascript/auto|C:\Users\dsbog\centralreform.live\sheet-music-app-auditor-validation\node_modules\next\dist\build\webpack\loaders\next-flight-client-module-loader.js!C:\Users\dsbog\centralreform.live\sheet-music-app-auditor-validation\node_modules\next\dist\build\webpack\loaders\next-swc-loader.js??ruleSet[1].rules[17].oneOf[6].use[1]!C:\Users\dsbog\centralreform.live\sheet-music-app-auditor-validation\node_modules\next\dist\client\components\segment-cache\vary-path.js|app-pages-browser

Import trace for requested module:
../sheet-music-app-auditor-validation/node_modules/next/dist/client/components/segment-cache/cache-map.js
../sheet-music-app-auditor-validation/node_modules/next/dist/client/components/segment-cache/bfcache.js
../sheet-music-app-auditor-validation/node_modules/next/dist/client/components/router-reducer/create-initial-router-state.js
../sheet-music-app-auditor-validation/node_modules/next/dist/client/app-index.js

../sheet-music-app-auditor-validation/node_modules/next/dist/client/components/segment-cache/cache.js
There are multiple modules with names that only differ in casing.
This can lead to unexpected behavior when compiling on a filesystem with other case-semantic.
Use equal casing. Compare these module identifiers:
* javascript/auto|C:\Users\dsbog\centralreform.live\sheet-music-app-auditor-validation\node_modules\next\dist\build\webpack\loaders\next-flight-client-module-loader.js!C:\Users\dsbog\centralreform.live\sheet-music-app-auditor-validation\node_modules\next\dist\build\webpack\loaders\next-swc-loader.js??ruleSet[1].rules[17].oneOf[6].use[1]!C:\Users\dsbog\CentralReform.live\sheet-music-app-auditor-validation\node_modules\next\dist\client\components\segment-cache\cache.js|app-pages-browser
    Used by 10 module(s), i. e.
    javascript/auto|C:\Users\dsbog\centralreform.live\sheet-music-app-auditor-validation\node_modules\next\dist\build\webpack\loaders\next-flight-client-module-loader.js!C:\Users\dsbog\centralreform.live\sheet-music-app-auditor-validation\node_modules\next\dist\build\webpack\loaders\next-swc-loader.js??ruleSet[1].rules[17].oneOf[6].use[1]!C:\Users\dsbog\CentralReform.live\sheet-music-app-auditor-validation\node_modules\next\dist\client\components\router-reducer\create-initial-router-state.js|app-pages-browser
* javascript/auto|C:\Users\dsbog\centralreform.live\sheet-music-app-auditor-validation\node_modules\next\dist\build\webpack\loaders\next-flight-client-module-loader.js!C:\Users\dsbog\centralreform.live\sheet-music-app-auditor-validation\node_modules\next\dist\build\webpack\loaders\next-swc-loader.js??ruleSet[1].rules[17].oneOf[6].use[1]!C:\Users\dsbog\centralreform.live\sheet-music-app-auditor-validation\node_modules\next\dist\client\components\segment-cache\cache.js|app-pages-browser
    Used by 9 module(s), i. e.
    javascript/auto|C:\Users\dsbog\centralreform.live\sheet-music-app-auditor-validation\node_modules\next\dist\build\webpack\loaders\next-flight-client-module-loader.js!C:\Users\dsbog\centralreform.live\sheet-music-app-auditor-validation\node_modules\next\dist\build\webpack\loaders\next-swc-loader.js??ruleSet[1].rules[17].oneOf[6].use[1]!C:\Users\dsbog\centralreform.live\sheet-music-app-auditor-validation\node_modules\next\dist\client\components\router-reducer\ppr-navigations.js|app-pages-browser

Import trace for requested module:
../sheet-music-app-auditor-validation/node_modules/next/dist/client/components/segment-cache/cache.js
../sheet-music-app-auditor-validation/node_modules/next/dist/client/components/router-reducer/create-initial-router-state.js
../sheet-music-app-auditor-validation/node_modules/next/dist/client/app-index.js

../sheet-music-app-auditor-validation/node_modules/next/dist/client/components/segment-cache/lru.js
There are multiple modules with names that only differ in casing.
This can lead to unexpected behavior when compiling on a filesystem with other case-semantic.
Use equal casing. Compare these module identifiers:
* javascript/auto|C:\Users\dsbog\centralreform.live\sheet-music-app-auditor-validation\node_modules\next\dist\build\webpack\loaders\next-flight-client-module-loader.js!C:\Users\dsbog\centralreform.live\sheet-music-app-auditor-validation\node_modules\next\dist\build\webpack\loaders\next-swc-loader.js??ruleSet[1].rules[17].oneOf[6].use[1]!C:\Users\dsbog\CentralReform.live\sheet-music-app-auditor-validation\node_modules\next\dist\client\components\segment-cache\lru.js|app-pages-browser
    Used by 3 module(s), i. e.
    javascript/auto|C:\Users\dsbog\centralreform.live\sheet-music-app-auditor-validation\node_modules\next\dist\build\webpack\loaders\next-flight-client-module-loader.js!C:\Users\dsbog\centralreform.live\sheet-music-app-auditor-validation\node_modules\next\dist\build\webpack\loaders\next-swc-loader.js??ruleSet[1].rules[17].oneOf[6].use[1]!C:\Users\dsbog\CentralReform.live\sheet-music-app-auditor-validation\node_modules\next\dist\client\components\segment-cache\cache-map.js|app-pages-browser
* javascript/auto|C:\Users\dsbog\centralreform.live\sheet-music-app-auditor-validation\node_modules\next\dist\build\webpack\loaders\next-flight-client-module-loader.js!C:\Users\dsbog\centralreform.live\sheet-music-app-auditor-validation\node_modules\next\dist\build\webpack\loaders\next-swc-loader.js??ruleSet[1].rules[17].oneOf[6].use[1]!C:\Users\dsbog\centralreform.live\sheet-music-app-auditor-validation\node_modules\next\dist\client\components\segment-cache\lru.js|app-pages-browser
    Used by 3 module(s), i. e.
    javascript/auto|C:\Users\dsbog\centralreform.live\sheet-music-app-auditor-validation\node_modules\next\dist\build\webpack\loaders\next-flight-client-module-loader.js!C:\Users\dsbog\centralreform.live\sheet-music-app-auditor-validation\node_modules\next\dist\build\webpack\loaders\next-swc-loader.js??ruleSet[1].rules[17].oneOf[6].use[1]!C:\Users\dsbog\centralreform.live\sheet-music-app-auditor-validation\node_modules\next\dist\client\components\segment-cache\scheduler.js|app-pages-browser

Import trace for requested module:
../sheet-music-app-auditor-validation/node_modules/next/dist/client/components/segment-cache/lru.js
../sheet-music-app-auditor-validation/node_modules/next/dist/client/components/segment-cache/cache-map.js
../sheet-music-app-auditor-validation/node_modules/next/dist/client/components/segment-cache/bfcache.js
../sheet-music-app-auditor-validation/node_modules/next/dist/client/components/router-reducer/create-initial-router-state.js
../sheet-music-app-auditor-validation/node_modules/next/dist/client/app-index.js

../sheet-music-app-auditor-validation/node_modules/next/dist/client/components/segment-cache/navigation-testing-lock.js
There are multiple modules with names that only differ in casing.
This can lead to unexpected behavior when compiling on a filesystem with other case-semantic.
Use equal casing. Compare these module identifiers:
* javascript/auto|C:\Users\dsbog\centralreform.live\sheet-music-app-auditor-validation\node_modules\next\dist\build\webpack\loaders\next-flight-client-module-loader.js!C:\Users\dsbog\centralreform.live\sheet-music-app-auditor-validation\node_modules\next\dist\build\webpack\loaders\next-swc-loader.js??ruleSet[1].rules[17].oneOf[6].use[1]!C:\Users\dsbog\CentralReform.live\sheet-music-app-auditor-validation\node_modules\next\dist\client\components\segment-cache\navigation-testing-lock.js|app-pages-browser
    Used by 2 module(s), i. e.
    javascript/auto|C:\Users\dsbog\centralreform.live\sheet-music-app-auditor-validation\node_modules\next\dist\build\webpack\loaders\next-flight-client-module-loader.js!C:\Users\dsbog\centralreform.live\sheet-music-app-auditor-validation\node_modules\next\dist\build\webpack\loaders\next-swc-loader.js??ruleSet[1].rules[17].oneOf[6].use[1]!C:\Users\dsbog\CentralReform.live\sheet-music-app-auditor-validation\node_modules\next\dist\client\components\segment-cache\navigation.js|app-pages-browser
* javascript/auto|C:\Users\dsbog\centralreform.live\sheet-music-app-auditor-validation\node_modules\next\dist\build\webpack\loaders\next-flight-client-module-loader.js!C:\Users\dsbog\centralreform.live\sheet-music-app-auditor-validation\node_modules\next\dist\build\webpack\loaders\next-swc-loader.js??ruleSet[1].rules[17].oneOf[6].use[1]!C:\Users\dsbog\centralreform.live\sheet-music-app-auditor-validation\node_modules\next\dist\client\components\segment-cache\navigation-testing-lock.js|app-pages-browser
    Used by 2 module(s), i. e.
    javascript/auto|C:\Users\dsbog\centralreform.live\sheet-music-app-auditor-validation\node_modules\next\dist\build\webpack\loaders\next-flight-client-module-loader.js!C:\Users\dsbog\centralreform.live\sheet-music-app-auditor-validation\node_modules\next\dist\build\webpack\loaders\next-swc-loader.js??ruleSet[1].rules[17].oneOf[6].use[1]!C:\Users\dsbog\centralreform.live\sheet-music-app-auditor-validation\node_modules\next\dist\client\components\segment-cache\navigation.js|app-pages-browser

Import trace for requested module:
../sheet-music-app-auditor-validation/node_modules/next/dist/client/components/segment-cache/navigation-testing-lock.js
../sheet-music-app-auditor-validation/node_modules/next/dist/client/components/segment-cache/navigation.js
../sheet-music-app-auditor-validation/node_modules/next/dist/client/components/app-router-instance.js
../sheet-music-app-auditor-validation/node_modules/next/dist/client/app-index.js

../sheet-music-app-auditor-validation/node_modules/next/dist/client/components/segment-cache/navigation.js
There are multiple modules with names that only differ in casing.
This can lead to unexpected behavior when compiling on a filesystem with other case-semantic.
Use equal casing. Compare these module identifiers:
* javascript/auto|C:\Users\dsbog\centralreform.live\sheet-music-app-auditor-validation\node_modules\next\dist\build\webpack\loaders\next-flight-client-module-loader.js!C:\Users\dsbog\centralreform.live\sheet-music-app-auditor-validation\node_modules\next\dist\build\webpack\loaders\next-swc-loader.js??ruleSet[1].rules[17].oneOf[6].use[1]!C:\Users\dsbog\CentralReform.live\sheet-music-app-auditor-validation\node_modules\next\dist\client\components\segment-cache\navigation.js|app-pages-browser
    Used by 9 module(s), i. e.
    javascript/auto|C:\Users\dsbog\centralreform.live\sheet-music-app-auditor-validation\node_modules\next\dist\build\webpack\loaders\next-flight-client-module-loader.js!C:\Users\dsbog\centralreform.live\sheet-music-app-auditor-validation\node_modules\next\dist\build\webpack\loaders\next-swc-loader.js??ruleSet[1].rules[17].oneOf[6].use[1]!C:\Users\dsbog\CentralReform.live\sheet-music-app-auditor-validation\node_modules\next\dist\client\components\app-router-instance.js|app-pages-browser
* javascript/auto|C:\Users\dsbog\centralreform.live\sheet-music-app-auditor-validation\node_modules\next\dist\build\webpack\loaders\next-flight-client-module-loader.js!C:\Users\dsbog\centralreform.live\sheet-music-app-auditor-validation\node_modules\next\dist\build\webpack\loaders\next-swc-loader.js??ruleSet[1].rules[17].oneOf[6].use[1]!C:\Users\dsbog\centralreform.live\sheet-music-app-auditor-validation\node_modules\next\dist\client\components\segment-cache\navigation.js|app-pages-browser
    Used by 9 module(s), i. e.
    javascript/auto|C:\Users\dsbog\centralreform.live\sheet-music-app-auditor-validation\node_modules\next\dist\build\webpack\loaders\next-flight-client-module-loader.js!C:\Users\dsbog\centralreform.live\sheet-music-app-auditor-validation\node_modules\next\dist\build\webpack\loaders\next-swc-loader.js??ruleSet[1].rules[17].oneOf[6].use[1]!C:\Users\dsbog\centralreform.live\sheet-music-app-auditor-validation\node_modules\next\dist\client\components\router-reducer\ppr-navigations.js|app-pages-browser

Import trace for requested module:
../sheet-music-app-auditor-validation/node_modules/next/dist/client/components/segment-cache/navigation.js
../sheet-music-app-auditor-validation/node_modules/next/dist/client/components/app-router-instance.js
../sheet-music-app-auditor-validation/node_modules/next/dist/client/app-index.js

../sheet-music-app-auditor-validation/node_modules/next/dist/client/components/segment-cache/optimistic-routes.js
There are multiple modules with names that only differ in casing.
This can lead to unexpected behavior when compiling on a filesystem with other case-semantic.
Use equal casing. Compare these module identifiers:
* javascript/auto|C:\Users\dsbog\centralreform.live\sheet-music-app-auditor-validation\node_modules\next\dist\build\webpack\loaders\next-flight-client-module-loader.js!C:\Users\dsbog\centralreform.live\sheet-music-app-auditor-validation\node_modules\next\dist\build\webpack\loaders\next-swc-loader.js??ruleSet[1].rules[17].oneOf[6].use[1]!C:\Users\dsbog\CentralReform.live\sheet-music-app-auditor-validation\node_modules\next\dist\client\components\segment-cache\optimistic-routes.js|app-pages-browser
    Used by 7 module(s), i. e.
    javascript/auto|C:\Users\dsbog\centralreform.live\sheet-music-app-auditor-validation\node_modules\next\dist\build\webpack\loaders\next-flight-client-module-loader.js!C:\Users\dsbog\centralreform.live\sheet-music-app-auditor-validation\node_modules\next\dist\build\webpack\loaders\next-swc-loader.js??ruleSet[1].rules[17].oneOf[6].use[1]!C:\Users\dsbog\CentralReform.live\sheet-music-app-auditor-validation\node_modules\next\dist\client\components\router-reducer\create-initial-router-state.js|app-pages-browser
* javascript/auto|C:\Users\dsbog\centralreform.live\sheet-music-app-auditor-validation\node_modules\next\dist\build\webpack\loaders\next-flight-client-module-loader.js!C:\Users\dsbog\centralreform.live\sheet-music-app-auditor-validation\node_modules\next\dist\build\webpack\loaders\next-swc-loader.js??ruleSet[1].rules[17].oneOf[6].use[1]!C:\Users\dsbog\centralreform.live\sheet-music-app-auditor-validation\node_modules\next\dist\client\components\segment-cache\optimistic-routes.js|app-pages-browser
    Used by 6 module(s), i. e.
    javascript/auto|C:\Users\dsbog\centralreform.live\sheet-music-app-auditor-validation\node_modules\next\dist\build\webpack\loaders\next-flight-client-module-loader.js!C:\Users\dsbog\centralreform.live\sheet-music-app-auditor-validation\node_modules\next\dist\build\webpack\loaders\next-swc-loader.js??ruleSet[1].rules[17].oneOf[6].use[1]!C:\Users\dsbog\centralreform.live\sheet-music-app-auditor-validation\node_modules\next\dist\client\components\router-reducer\ppr-navigations.js|app-pages-browser

Import trace for requested module:
../sheet-music-app-auditor-validation/node_modules/next/dist/client/components/segment-cache/optimistic-routes.js
../sheet-music-app-auditor-validation/node_modules/next/dist/client/components/router-reducer/create-initial-router-state.js
../sheet-music-app-auditor-validation/node_modules/next/dist/client/app-index.js

../sheet-music-app-auditor-validation/node_modules/next/dist/client/components/segment-cache/prefetch.js
There are multiple modules with names that only differ in casing.
This can lead to unexpected behavior when compiling on a filesystem with other case-semantic.
Use equal casing. Compare these module identifiers:
* javascript/auto|C:\Users\dsbog\centralreform.live\sheet-music-app-auditor-validation\node_modules\next\dist\build\webpack\loaders\next-flight-client-module-loader.js!C:\Users\dsbog\centralreform.live\sheet-music-app-auditor-validation\node_modules\next\dist\build\webpack\loaders\next-swc-loader.js??ruleSet[1].rules[17].oneOf[6].use[1]!C:\Users\dsbog\CentralReform.live\sheet-music-app-auditor-validation\node_modules\next\dist\client\components\segment-cache\prefetch.js|app-pages-browser
    Used by 2 module(s), i. e.
    javascript/auto|C:\Users\dsbog\centralreform.live\sheet-music-app-auditor-validation\node_modules\next\dist\build\webpack\loaders\next-flight-client-module-loader.js!C:\Users\dsbog\centralreform.live\sheet-music-app-auditor-validation\node_modules\next\dist\build\webpack\loaders\next-swc-loader.js??ruleSet[1].rules[17].oneOf[6].use[1]!C:\Users\dsbog\CentralReform.live\sheet-music-app-auditor-validation\node_modules\next\dist\client\components\app-router-instance.js|app-pages-browser
* javascript/auto|C:\Users\dsbog\centralreform.live\sheet-music-app-auditor-validation\node_modules\next\dist\build\webpack\loaders\next-flight-client-module-loader.js!C:\Users\dsbog\centralreform.live\sheet-music-app-auditor-validation\node_modules\next\dist\build\webpack\loaders\next-swc-loader.js??ruleSet[1].rules[17].oneOf[6].use[1]!C:\Users\dsbog\centralreform.live\sheet-music-app-auditor-validation\node_modules\next\dist\client\components\segment-cache\prefetch.js|app-pages-browser
    Used by 2 module(s), i. e.
    javascript/auto|C:\Users\dsbog\centralreform.live\sheet-music-app-auditor-validation\node_modules\next\dist\build\webpack\loaders\next-flight-client-module-loader.js!C:\Users\dsbog\centralreform.live\sheet-music-app-auditor-validation\node_modules\next\dist\build\webpack\loaders\next-swc-loader.js??ruleSet[1].rules[17].oneOf[6].use[1]!C:\Users\dsbog\centralreform.live\sheet-music-app-auditor-validation\node_modules\next\dist\client\components\app-router-instance.js|app-pages-browser

Import trace for requested module:
../sheet-music-app-auditor-validation/node_modules/next/dist/client/components/segment-cache/prefetch.js
../sheet-music-app-auditor-validation/node_modules/next/dist/client/components/app-router-instance.js
../sheet-music-app-auditor-validation/node_modules/next/dist/client/app-index.js

../sheet-music-app-auditor-validation/node_modules/next/dist/client/components/segment-cache/scheduler.js
There are multiple modules with names that only differ in casing.
This can lead to unexpected behavior when compiling on a filesystem with other case-semantic.
Use equal casing. Compare these module identifiers:
* javascript/auto|C:\Users\dsbog\centralreform.live\sheet-music-app-auditor-validation\node_modules\next\dist\build\webpack\loaders\next-flight-client-module-loader.js!C:\Users\dsbog\centralreform.live\sheet-music-app-auditor-validation\node_modules\next\dist\build\webpack\loaders\next-swc-loader.js??ruleSet[1].rules[17].oneOf[6].use[1]!C:\Users\dsbog\CentralReform.live\sheet-music-app-auditor-validation\node_modules\next\dist\client\components\segment-cache\scheduler.js|app-pages-browser
    Used by 7 module(s), i. e.
    javascript/auto|C:\Users\dsbog\centralreform.live\sheet-music-app-auditor-validation\node_modules\next\dist\build\webpack\loaders\next-flight-client-module-loader.js!C:\Users\dsbog\centralreform.live\sheet-music-app-auditor-validation\node_modules\next\dist\build\webpack\loaders\next-swc-loader.js??ruleSet[1].rules[17].oneOf[6].use[1]!C:\Users\dsbog\CentralReform.live\sheet-music-app-auditor-validation\node_modules\next\dist\client\components\segment-cache\cache.js|app-pages-browser
* javascript/auto|C:\Users\dsbog\centralreform.live\sheet-music-app-auditor-validation\node_modules\next\dist\build\webpack\loaders\next-flight-client-module-loader.js!C:\Users\dsbog\centralreform.live\sheet-music-app-auditor-validation\node_modules\next\dist\build\webpack\loaders\next-swc-loader.js??ruleSet[1].rules[17].oneOf[6].use[1]!C:\Users\dsbog\centralreform.live\sheet-music-app-auditor-validation\node_modules\next\dist\client\components\segment-cache\scheduler.js|app-pages-browser
    Used by 7 module(s), i. e.
    javascript/auto|C:\Users\dsbog\centralreform.live\sheet-music-app-auditor-validation\node_modules\next\dist\build\webpack\loaders\next-flight-client-module-loader.js!C:\Users\dsbog\centralreform.live\sheet-music-app-auditor-validation\node_modules\next\dist\build\webpack\loaders\next-swc-loader.js??ruleSet[1].rules[17].oneOf[6].use[1]!C:\Users\dsbog\centralreform.live\sheet-music-app-auditor-validation\node_modules\next\dist\client\components\links.js|app-pages-browser

Import trace for requested module:
../sheet-music-app-auditor-validation/node_modules/next/dist/client/components/segment-cache/scheduler.js
../sheet-music-app-auditor-validation/node_modules/next/dist/client/components/segment-cache/cache.js
../sheet-music-app-auditor-validation/node_modules/next/dist/client/components/router-reducer/create-initial-router-state.js
../sheet-music-app-auditor-validation/node_modules/next/dist/client/app-index.js

../sheet-music-app-auditor-validation/node_modules/next/dist/client/components/segment-cache/types.js
There are multiple modules with names that only differ in casing.
This can lead to unexpected behavior when compiling on a filesystem with other case-semantic.
Use equal casing. Compare these module identifiers:
* javascript/auto|C:\Users\dsbog\centralreform.live\sheet-music-app-auditor-validation\node_modules\next\dist\build\webpack\loaders\next-flight-client-module-loader.js!C:\Users\dsbog\centralreform.live\sheet-music-app-auditor-validation\node_modules\next\dist\build\webpack\loaders\next-swc-loader.js??ruleSet[1].rules[17].oneOf[6].use[1]!C:\Users\dsbog\CentralReform.live\sheet-music-app-auditor-validation\node_modules\next\dist\client\components\segment-cache\types.js|app-pages-browser
    Used by 10 module(s), i. e.
    javascript/auto|C:\Users\dsbog\centralreform.live\sheet-music-app-auditor-validation\node_modules\next\dist\build\webpack\loaders\next-flight-client-module-loader.js!C:\Users\dsbog\centralreform.live\sheet-music-app-auditor-validation\node_modules\next\dist\build\webpack\loaders\next-swc-loader.js??ruleSet[1].rules[17].oneOf[6].use[1]!C:\Users\dsbog\CentralReform.live\sheet-music-app-auditor-validation\node_modules\next\dist\client\components\app-router-instance.js|app-pages-browser
* javascript/auto|C:\Users\dsbog\centralreform.live\sheet-music-app-auditor-validation\node_modules\next\dist\build\webpack\loaders\next-flight-client-module-loader.js!C:\Users\dsbog\centralreform.live\sheet-music-app-auditor-validation\node_modules\next\dist\build\webpack\loaders\next-swc-loader.js??ruleSet[1].rules[17].oneOf[6].use[1]!C:\Users\dsbog\centralreform.live\sheet-music-app-auditor-validation\node_modules\next\dist\client\components\segment-cache\types.js|app-pages-browser
    Used by 10 module(s), i. e.
    javascript/auto|C:\Users\dsbog\centralreform.live\sheet-music-app-auditor-validation\node_modules\next\dist\build\webpack\loaders\next-flight-client-module-loader.js!C:\Users\dsbog\centralreform.live\sheet-music-app-auditor-validation\node_modules\next\dist\build\webpack\loaders\next-swc-loader.js??ruleSet[1].rules[17].oneOf[6].use[1]!C:\Users\dsbog\centralreform.live\sheet-music-app-auditor-validation\node_modules\next\dist\client\app-dir\link.js|app-pages-browser

Import trace for requested module:
../sheet-music-app-auditor-validation/node_modules/next/dist/client/components/segment-cache/types.js
../sheet-music-app-auditor-validation/node_modules/next/dist/client/components/app-router-instance.js
../sheet-music-app-auditor-validation/node_modules/next/dist/client/app-index.js

../sheet-music-app-auditor-validation/node_modules/next/dist/client/components/segment-cache/vary-path.js
There are multiple modules with names that only differ in casing.
This can lead to unexpected behavior when compiling on a filesystem with other case-semantic.
Use equal casing. Compare these module identifiers:
* javascript/auto|C:\Users\dsbog\centralreform.live\sheet-music-app-auditor-validation\node_modules\next\dist\build\webpack\loaders\next-flight-client-module-loader.js!C:\Users\dsbog\centralreform.live\sheet-music-app-auditor-validation\node_modules\next\dist\build\webpack\loaders\next-swc-loader.js??ruleSet[1].rules[17].oneOf[6].use[1]!C:\Users\dsbog\CentralReform.live\sheet-music-app-auditor-validation\node_modules\next\dist\client\components\segment-cache\vary-path.js|app-pages-browser
    Used by 4 module(s), i. e.
    javascript/auto|C:\Users\dsbog\centralreform.live\sheet-music-app-auditor-validation\node_modules\next\dist\build\webpack\loaders\next-flight-client-module-loader.js!C:\Users\dsbog\centralreform.live\sheet-music-app-auditor-validation\node_modules\next\dist\build\webpack\loaders\next-swc-loader.js??ruleSet[1].rules[17].oneOf[6].use[1]!C:\Users\dsbog\CentralReform.live\sheet-music-app-auditor-validation\node_modules\next\dist\client\components\router-reducer\ppr-navigations.js|app-pages-browser
* javascript/auto|C:\Users\dsbog\centralreform.live\sheet-music-app-auditor-validation\node_modules\next\dist\build\webpack\loaders\next-flight-client-module-loader.js!C:\Users\dsbog\centralreform.live\sheet-music-app-auditor-validation\node_modules\next\dist\build\webpack\loaders\next-swc-loader.js??ruleSet[1].rules[17].oneOf[6].use[1]!C:\Users\dsbog\centralreform.live\sheet-music-app-auditor-validation\node_modules\next\dist\client\components\segment-cache\vary-path.js|app-pages-browser
    Used by 4 module(s), i. e.
    javascript/auto|C:\Users\dsbog\centralreform.live\sheet-music-app-auditor-validation\node_modules\next\dist\build\webpack\loaders\next-flight-client-module-loader.js!C:\Users\dsbog\centralreform.live\sheet-music-app-auditor-validation\node_modules\next\dist\build\webpack\loaders\next-swc-loader.js??ruleSet[1].rules[17].oneOf[6].use[1]!C:\Users\dsbog\centralreform.live\sheet-music-app-auditor-validation\node_modules\next\dist\client\components\router-reducer\ppr-navigations.js|app-pages-browser

Import trace for requested module:
../sheet-music-app-auditor-validation/node_modules/next/dist/client/components/segment-cache/vary-path.js
../sheet-music-app-auditor-validation/node_modules/next/dist/client/components/router-reducer/ppr-navigations.js
../sheet-music-app-auditor-validation/node_modules/next/dist/client/components/router-reducer/create-initial-router-state.js
../sheet-music-app-auditor-validation/node_modules/next/dist/client/app-index.js

../sheet-music-app-auditor-validation/node_modules/next/dist/client/components/unauthorized.js
There are multiple modules with names that only differ in casing.
This can lead to unexpected behavior when compiling on a filesystem with other case-semantic.
Use equal casing. Compare these module identifiers:
* javascript/auto|C:\Users\dsbog\centralreform.live\sheet-music-app-auditor-validation\node_modules\next\dist\build\webpack\loaders\next-flight-client-module-loader.js!C:\Users\dsbog\centralreform.live\sheet-music-app-auditor-validation\node_modules\next\dist\build\webpack\loaders\next-swc-loader.js??ruleSet[1].rules[17].oneOf[6].use[1]!C:\Users\dsbog\CentralReform.live\sheet-music-app-auditor-validation\node_modules\next\dist\client\components\unauthorized.js|app-pages-browser
    Used by 2 module(s), i. e.
    javascript/auto|C:\Users\dsbog\centralreform.live\sheet-music-app-auditor-validation\node_modules\next\dist\build\webpack\loaders\next-flight-client-module-loader.js!C:\Users\dsbog\centralreform.live\sheet-music-app-auditor-validation\node_modules\next\dist\build\webpack\loaders\next-swc-loader.js??ruleSet[1].rules[17].oneOf[6].use[1]!C:\Users\dsbog\CentralReform.live\sheet-music-app-auditor-validation\node_modules\next\dist\client\components\navigation.react-server.js|app-pages-browser
* javascript/auto|C:\Users\dsbog\centralreform.live\sheet-music-app-auditor-validation\node_modules\next\dist\build\webpack\loaders\next-flight-client-module-loader.js!C:\Users\dsbog\centralreform.live\sheet-music-app-auditor-validation\node_modules\next\dist\build\webpack\loaders\next-swc-loader.js??ruleSet[1].rules[17].oneOf[6].use[1]!C:\Users\dsbog\centralreform.live\sheet-music-app-auditor-validation\node_modules\next\dist\client\components\unauthorized.js|app-pages-browser
    Used by 2 module(s), i. e.
    javascript/auto|C:\Users\dsbog\centralreform.live\sheet-music-app-auditor-validation\node_modules\next\dist\build\webpack\loaders\next-flight-client-module-loader.js!C:\Users\dsbog\centralreform.live\sheet-music-app-auditor-validation\node_modules\next\dist\build\webpack\loaders\next-swc-loader.js??ruleSet[1].rules[17].oneOf[6].use[1]!C:\Users\dsbog\centralreform.live\sheet-music-app-auditor-validation\node_modules\next\dist\client\components\navigation.react-server.js|app-pages-browser

Import trace for requested module:
../sheet-music-app-auditor-validation/node_modules/next/dist/client/components/unauthorized.js
../sheet-music-app-auditor-validation/node_modules/next/dist/client/components/navigation.react-server.js
../sheet-music-app-auditor-validation/node_modules/next/dist/client/components/navigation.js
../sheet-music-app-auditor-validation/node_modules/next/dist/client/components/redirect-boundary.js
../sheet-music-app-auditor-validation/node_modules/next/dist/client/components/app-router.js
../sheet-music-app-auditor-validation/node_modules/next/dist/client/app-index.js

../sheet-music-app-auditor-validation/node_modules/next/dist/client/components/unrecognized-action-error.js
There are multiple modules with names that only differ in casing.
This can lead to unexpected behavior when compiling on a filesystem with other case-semantic.
Use equal casing. Compare these module identifiers:
* javascript/auto|C:\Users\dsbog\centralreform.live\sheet-music-app-auditor-validation\node_modules\next\dist\build\webpack\loaders\next-flight-client-module-loader.js!C:\Users\dsbog\centralreform.live\sheet-music-app-auditor-validation\node_modules\next\dist\build\webpack\loaders\next-swc-loader.js??ruleSet[1].rules[17].oneOf[6].use[1]!C:\Users\dsbog\CentralReform.live\sheet-music-app-auditor-validation\node_modules\next\dist\client\components\unrecognized-action-error.js|app-pages-browser
    Used by 3 module(s), i. e.
    javascript/auto|C:\Users\dsbog\centralreform.live\sheet-music-app-auditor-validation\node_modules\next\dist\build\webpack\loaders\next-flight-client-module-loader.js!C:\Users\dsbog\centralreform.live\sheet-music-app-auditor-validation\node_modules\next\dist\build\webpack\loaders\next-swc-loader.js??ruleSet[1].rules[17].oneOf[6].use[1]!C:\Users\dsbog\CentralReform.live\sheet-music-app-auditor-validation\node_modules\next\dist\client\components\router-reducer\reducers\server-action-reducer.js|app-pages-browser
* javascript/auto|C:\Users\dsbog\centralreform.live\sheet-music-app-auditor-validation\node_modules\next\dist\build\webpack\loaders\next-flight-client-module-loader.js!C:\Users\dsbog\centralreform.live\sheet-music-app-auditor-validation\node_modules\next\dist\build\webpack\loaders\next-swc-loader.js??ruleSet[1].rules[17].oneOf[6].use[1]!C:\Users\dsbog\centralreform.live\sheet-music-app-auditor-validation\node_modules\next\dist\client\components\unrecognized-action-error.js|app-pages-browser
    Used by 3 module(s), i. e.
    javascript/auto|C:\Users\dsbog\centralreform.live\sheet-music-app-auditor-validation\node_modules\next\dist\build\webpack\loaders\next-flight-client-module-loader.js!C:\Users\dsbog\centralreform.live\sheet-music-app-auditor-validation\node_modules\next\dist\build\webpack\loaders\next-swc-loader.js??ruleSet[1].rules[17].oneOf[6].use[1]!C:\Users\dsbog\centralreform.live\sheet-music-app-auditor-validation\node_modules\next\dist\client\components\navigation.js|app-pages-browser

Import trace for requested module:
../sheet-music-app-auditor-validation/node_modules/next/dist/client/components/unrecognized-action-error.js
../sheet-music-app-auditor-validation/node_modules/next/dist/client/components/router-reducer/reducers/server-action-reducer.js
../sheet-music-app-auditor-validation/node_modules/next/dist/client/components/router-reducer/router-reducer.js
../sheet-music-app-auditor-validation/node_modules/next/dist/client/components/app-router-instance.js
../sheet-music-app-auditor-validation/node_modules/next/dist/client/app-index.js

../sheet-music-app-auditor-validation/node_modules/next/dist/client/components/unresolved-thenable.js
There are multiple modules with names that only differ in casing.
This can lead to unexpected behavior when compiling on a filesystem with other case-semantic.
Use equal casing. Compare these module identifiers:
* javascript/auto|C:\Users\dsbog\centralreform.live\sheet-music-app-auditor-validation\node_modules\next\dist\build\webpack\loaders\next-flight-client-module-loader.js!C:\Users\dsbog\centralreform.live\sheet-music-app-auditor-validation\node_modules\next\dist\build\webpack\loaders\next-swc-loader.js??ruleSet[1].rules[17].oneOf[6].use[1]!C:\Users\dsbog\CentralReform.live\sheet-music-app-auditor-validation\node_modules\next\dist\client\components\unresolved-thenable.js|app-pages-browser
    Used by 2 module(s), i. e.
    javascript/auto|C:\Users\dsbog\centralreform.live\sheet-music-app-auditor-validation\node_modules\next\dist\build\webpack\loaders\next-flight-client-module-loader.js!C:\Users\dsbog\centralreform.live\sheet-music-app-auditor-validation\node_modules\next\dist\build\webpack\loaders\next-swc-loader.js??ruleSet[1].rules[17].oneOf[6].use[1]!C:\Users\dsbog\CentralReform.live\sheet-music-app-auditor-validation\node_modules\next\dist\client\components\app-router.js|app-pages-browser
* javascript/auto|C:\Users\dsbog\centralreform.live\sheet-music-app-auditor-validation\node_modules\next\dist\build\webpack\loaders\next-flight-client-module-loader.js!C:\Users\dsbog\centralreform.live\sheet-music-app-auditor-validation\node_modules\next\dist\build\webpack\loaders\next-swc-loader.js??ruleSet[1].rules[17].oneOf[6].use[1]!C:\Users\dsbog\centralreform.live\sheet-music-app-auditor-validation\node_modules\next\dist\client\components\unresolved-thenable.js|app-pages-browser
    Used by 3 module(s), i. e.
    javascript/auto|C:\Users\dsbog\centralreform.live\sheet-music-app-auditor-validation\node_modules\next\dist\build\webpack\loaders\next-flight-client-module-loader.js!C:\Users\dsbog\centralreform.live\sheet-music-app-auditor-validation\node_modules\next\dist\build\webpack\loaders\next-swc-loader.js??ruleSet[1].rules[17].oneOf[6].use[1]!C:\Users\dsbog\centralreform.live\sheet-music-app-auditor-validation\node_modules\next\dist\client\components\layout-router.js|app-pages-browser

Import trace for requested module:
../sheet-music-app-auditor-validation/node_modules/next/dist/client/components/unresolved-thenable.js
../sheet-music-app-auditor-validation/node_modules/next/dist/client/components/app-router.js
../sheet-music-app-auditor-validation/node_modules/next/dist/client/app-index.js

../sheet-music-app-auditor-validation/node_modules/next/dist/client/components/unstable-rethrow.browser.js
There are multiple modules with names that only differ in casing.
This can lead to unexpected behavior when compiling on a filesystem with other case-semantic.
Use equal casing. Compare these module identifiers:
* javascript/auto|C:\Users\dsbog\centralreform.live\sheet-music-app-auditor-validation\node_modules\next\dist\build\webpack\loaders\next-flight-client-module-loader.js!C:\Users\dsbog\centralreform.live\sheet-music-app-auditor-validation\node_modules\next\dist\build\webpack\loaders\next-swc-loader.js??ruleSet[1].rules[17].oneOf[6].use[1]!C:\Users\dsbog\CentralReform.live\sheet-music-app-auditor-validation\node_modules\next\dist\client\components\unstable-rethrow.browser.js|app-pages-browser
    Used by 2 module(s), i. e.
    javascript/auto|C:\Users\dsbog\centralreform.live\sheet-music-app-auditor-validation\node_modules\next\dist\build\webpack\loaders\next-flight-client-module-loader.js!C:\Users\dsbog\centralreform.live\sheet-music-app-auditor-validation\node_modules\next\dist\build\webpack\loaders\next-swc-loader.js??ruleSet[1].rules[17].oneOf[6].use[1]!C:\Users\dsbog\CentralReform.live\sheet-music-app-auditor-validation\node_modules\next\dist\client\components\unstable-rethrow.js|app-pages-browser
* javascript/auto|C:\Users\dsbog\centralreform.live\sheet-music-app-auditor-validation\node_modules\next\dist\build\webpack\loaders\next-flight-client-module-loader.js!C:\Users\dsbog\centralreform.live\sheet-music-app-auditor-validation\node_modules\next\dist\build\webpack\loaders\next-swc-loader.js??ruleSet[1].rules[17].oneOf[6].use[1]!C:\Users\dsbog\centralreform.live\sheet-music-app-auditor-validation\node_modules\next\dist\client\components\unstable-rethrow.browser.js|app-pages-browser
    Used by 2 module(s), i. e.
    javascript/auto|C:\Users\dsbog\centralreform.live\sheet-music-app-auditor-validation\node_modules\next\dist\build\webpack\loaders\next-flight-client-module-loader.js!C:\Users\dsbog\centralreform.live\sheet-music-app-auditor-validation\node_modules\next\dist\build\webpack\loaders\next-swc-loader.js??ruleSet[1].rules[17].oneOf[6].use[1]!C:\Users\dsbog\centralreform.live\sheet-music-app-auditor-validation\node_modules\next\dist\client\components\unstable-rethrow.js|app-pages-browser

Import trace for requested module:
../sheet-music-app-auditor-validation/node_modules/next/dist/client/components/unstable-rethrow.browser.js
../sheet-music-app-auditor-validation/node_modules/next/dist/client/components/unstable-rethrow.js
../sheet-music-app-auditor-validation/node_modules/next/dist/client/components/navigation.react-server.js
../sheet-music-app-auditor-validation/node_modules/next/dist/client/components/navigation.js
../sheet-music-app-auditor-validation/node_modules/next/dist/client/components/redirect-boundary.js
../sheet-music-app-auditor-validation/node_modules/next/dist/client/components/app-router.js
../sheet-music-app-auditor-validation/node_modules/next/dist/client/app-index.js

../sheet-music-app-auditor-validation/node_modules/next/dist/client/components/unstable-rethrow.js
There are multiple modules with names that only differ in casing.
This can lead to unexpected behavior when compiling on a filesystem with other case-semantic.
Use equal casing. Compare these module identifiers:
* javascript/auto|C:\Users\dsbog\centralreform.live\sheet-music-app-auditor-validation\node_modules\next\dist\build\webpack\loaders\next-flight-client-module-loader.js!C:\Users\dsbog\centralreform.live\sheet-music-app-auditor-validation\node_modules\next\dist\build\webpack\loaders\next-swc-loader.js??ruleSet[1].rules[17].oneOf[6].use[1]!C:\Users\dsbog\CentralReform.live\sheet-music-app-auditor-validation\node_modules\next\dist\client\components\unstable-rethrow.js|app-pages-browser
    Used by 2 module(s), i. e.
    javascript/auto|C:\Users\dsbog\centralreform.live\sheet-music-app-auditor-validation\node_modules\next\dist\build\webpack\loaders\next-flight-client-module-loader.js!C:\Users\dsbog\centralreform.live\sheet-music-app-auditor-validation\node_modules\next\dist\build\webpack\loaders\next-swc-loader.js??ruleSet[1].rules[17].oneOf[6].use[1]!C:\Users\dsbog\CentralReform.live\sheet-music-app-auditor-validation\node_modules\next\dist\client\components\navigation.react-server.js|app-pages-browser
* javascript/auto|C:\Users\dsbog\centralreform.live\sheet-music-app-auditor-validation\node_modules\next\dist\build\webpack\loaders\next-flight-client-module-loader.js!C:\Users\dsbog\centralreform.live\sheet-music-app-auditor-validation\node_modules\next\dist\build\webpack\loaders\next-swc-loader.js??ruleSet[1].rules[17].oneOf[6].use[1]!C:\Users\dsbog\centralreform.live\sheet-music-app-auditor-validation\node_modules\next\dist\client\components\unstable-rethrow.js|app-pages-browser
    Used by 2 module(s), i. e.
    javascript/auto|C:\Users\dsbog\centralreform.live\sheet-music-app-auditor-validation\node_modules\next\dist\build\webpack\loaders\next-flight-client-module-loader.js!C:\Users\dsbog\centralreform.live\sheet-music-app-auditor-validation\node_modules\next\dist\build\webpack\loaders\next-swc-loader.js??ruleSet[1].rules[17].oneOf[6].use[1]!C:\Users\dsbog\centralreform.live\sheet-music-app-auditor-validation\node_modules\next\dist\client\components\navigation.react-server.js|app-pages-browser

Import trace for requested module:
../sheet-music-app-auditor-validation/node_modules/next/dist/client/components/unstable-rethrow.js
../sheet-music-app-auditor-validation/node_modules/next/dist/client/components/navigation.react-server.js
../sheet-music-app-auditor-validation/node_modules/next/dist/client/components/navigation.js
../sheet-music-app-auditor-validation/node_modules/next/dist/client/components/redirect-boundary.js
../sheet-music-app-auditor-validation/node_modules/next/dist/client/components/app-router.js
../sheet-music-app-auditor-validation/node_modules/next/dist/client/app-index.js

../sheet-music-app-auditor-validation/node_modules/next/dist/client/components/use-action-queue.js
There are multiple modules with names that only differ in casing.
This can lead to unexpected behavior when compiling on a filesystem with other case-semantic.
Use equal casing. Compare these module identifiers:
* javascript/auto|C:\Users\dsbog\centralreform.live\sheet-music-app-auditor-validation\node_modules\next\dist\build\webpack\loaders\next-flight-client-module-loader.js!C:\Users\dsbog\centralreform.live\sheet-music-app-auditor-validation\node_modules\next\dist\build\webpack\loaders\next-swc-loader.js??ruleSet[1].rules[17].oneOf[6].use[1]!C:\Users\dsbog\CentralReform.live\sheet-music-app-auditor-validation\node_modules\next\dist\client\components\use-action-queue.js|app-pages-browser
    Used by 6 module(s), i. e.
    javascript/auto|C:\Users\dsbog\centralreform.live\sheet-music-app-auditor-validation\node_modules\next\dist\build\webpack\loaders\next-flight-client-module-loader.js!C:\Users\dsbog\centralreform.live\sheet-music-app-auditor-validation\node_modules\next\dist\build\webpack\loaders\next-swc-loader.js??ruleSet[1].rules[17].oneOf[6].use[1]!C:\Users\dsbog\CentralReform.live\sheet-music-app-auditor-validation\node_modules\next\dist\client\app-call-server.js|app-pages-browser
* javascript/auto|C:\Users\dsbog\centralreform.live\sheet-music-app-auditor-validation\node_modules\next\dist\build\webpack\loaders\next-flight-client-module-loader.js!C:\Users\dsbog\centralreform.live\sheet-music-app-auditor-validation\node_modules\next\dist\build\webpack\loaders\next-swc-loader.js??ruleSet[1].rules[17].oneOf[6].use[1]!C:\Users\dsbog\centralreform.live\sheet-music-app-auditor-validation\node_modules\next\dist\client\components\use-action-queue.js|app-pages-browser
    Used by 6 module(s), i. e.
    javascript/auto|C:\Users\dsbog\centralreform.live\sheet-music-app-auditor-validation\node_modules\next\dist\build\webpack\loaders\next-flight-client-module-loader.js!C:\Users\dsbog\centralreform.live\sheet-music-app-auditor-validation\node_modules\next\dist\build\webpack\loaders\next-swc-loader.js??ruleSet[1].rules[17].oneOf[6].use[1]!C:\Users\dsbog\centralreform.live\sheet-music-app-auditor-validation\node_modules\next\dist\client\components\router-reducer\ppr-navigations.js|app-pages-browser

Import trace for requested module:
../sheet-music-app-auditor-validation/node_modules/next/dist/client/components/use-action-queue.js
../sheet-music-app-auditor-validation/node_modules/next/dist/client/app-call-server.js
../sheet-music-app-auditor-validation/node_modules/next/dist/client/app-index.js

../sheet-music-app-auditor-validation/node_modules/next/dist/client/flight-data-helpers.js
There are multiple modules with names that only differ in casing.
This can lead to unexpected behavior when compiling on a filesystem with other case-semantic.
Use equal casing. Compare these module identifiers:
* javascript/auto|C:\Users\dsbog\centralreform.live\sheet-music-app-auditor-validation\node_modules\next\dist\build\webpack\loaders\next-flight-client-module-loader.js!C:\Users\dsbog\centralreform.live\sheet-music-app-auditor-validation\node_modules\next\dist\build\webpack\loaders\next-swc-loader.js??ruleSet[1].rules[17].oneOf[6].use[1]!C:\Users\dsbog\CentralReform.live\sheet-music-app-auditor-validation\node_modules\next\dist\client\flight-data-helpers.js|app-pages-browser
    Used by 6 module(s), i. e.
    javascript/auto|C:\Users\dsbog\centralreform.live\sheet-music-app-auditor-validation\node_modules\next\dist\build\webpack\loaders\next-flight-client-module-loader.js!C:\Users\dsbog\centralreform.live\sheet-music-app-auditor-validation\node_modules\next\dist\build\webpack\loaders\next-swc-loader.js??ruleSet[1].rules[17].oneOf[6].use[1]!C:\Users\dsbog\CentralReform.live\sheet-music-app-auditor-validation\node_modules\next\dist\client\app-index.js|app-pages-browser
* javascript/auto|C:\Users\dsbog\centralreform.live\sheet-music-app-auditor-validation\node_modules\next\dist\build\webpack\loaders\next-flight-client-module-loader.js!C:\Users\dsbog\centralreform.live\sheet-music-app-auditor-validation\node_modules\next\dist\build\webpack\loaders\next-swc-loader.js??ruleSet[1].rules[17].oneOf[6].use[1]!C:\Users\dsbog\centralreform.live\sheet-music-app-auditor-validation\node_modules\next\dist\client\flight-data-helpers.js|app-pages-browser
    Used by 4 module(s), i. e.
    javascript/auto|C:\Users\dsbog\centralreform.live\sheet-music-app-auditor-validation\node_modules\next\dist\build\webpack\loaders\next-flight-client-module-loader.js!C:\Users\dsbog\centralreform.live\sheet-music-app-auditor-validation\node_modules\next\dist\build\webpack\loaders\next-swc-loader.js??ruleSet[1].rules[17].oneOf[6].use[1]!C:\Users\dsbog\centralreform.live\sheet-music-app-auditor-validation\node_modules\next\dist\client\components\router-reducer\fetch-server-response.js|app-pages-browser

Import trace for requested module:
../sheet-music-app-auditor-validation/node_modules/next/dist/client/flight-data-helpers.js
../sheet-music-app-auditor-validation/node_modules/next/dist/client/app-index.js

../sheet-music-app-auditor-validation/node_modules/next/dist/client/has-base-path.js
There are multiple modules with names that only differ in casing.
This can lead to unexpected behavior when compiling on a filesystem with other case-semantic.
Use equal casing. Compare these module identifiers:
* javascript/auto|C:\Users\dsbog\centralreform.live\sheet-music-app-auditor-validation\node_modules\next\dist\build\webpack\loaders\next-flight-client-module-loader.js!C:\Users\dsbog\centralreform.live\sheet-music-app-auditor-validation\node_modules\next\dist\build\webpack\loaders\next-swc-loader.js??ruleSet[1].rules[17].oneOf[6].use[1]!C:\Users\dsbog\CentralReform.live\sheet-music-app-auditor-validation\node_modules\next\dist\client\has-base-path.js|app-pages-browser
    Used by 4 module(s), i. e.
    javascript/auto|C:\Users\dsbog\centralreform.live\sheet-music-app-auditor-validation\node_modules\next\dist\build\webpack\loaders\next-flight-client-module-loader.js!C:\Users\dsbog\centralreform.live\sheet-music-app-auditor-validation\node_modules\next\dist\build\webpack\loaders\next-swc-loader.js??ruleSet[1].rules[17].oneOf[6].use[1]!C:\Users\dsbog\CentralReform.live\sheet-music-app-auditor-validation\node_modules\next\dist\client\components\app-router.js|app-pages-browser
* javascript/auto|C:\Users\dsbog\centralreform.live\sheet-music-app-auditor-validation\node_modules\next\dist\build\webpack\loaders\next-flight-client-module-loader.js!C:\Users\dsbog\centralreform.live\sheet-music-app-auditor-validation\node_modules\next\dist\build\webpack\loaders\next-swc-loader.js??ruleSet[1].rules[17].oneOf[6].use[1]!C:\Users\dsbog\centralreform.live\sheet-music-app-auditor-validation\node_modules\next\dist\client\has-base-path.js|app-pages-browser
    Used by 6 module(s), i. e.
    javascript/auto|C:\Users\dsbog\centralreform.live\sheet-music-app-auditor-validation\node_modules\next\dist\build\webpack\loaders\next-flight-client-module-loader.js!C:\Users\dsbog\centralreform.live\sheet-music-app-auditor-validation\node_modules\next\dist\build\webpack\loaders\next-swc-loader.js??ruleSet[1].rules[17].oneOf[6].use[1]!C:\Users\dsbog\centralreform.live\sheet-music-app-auditor-validation\node_modules\next\dist\shared\lib\router\utils\is-local-url.js|app-pages-browser

Import trace for requested module:
../sheet-music-app-auditor-validation/node_modules/next/dist/client/has-base-path.js
../sheet-music-app-auditor-validation/node_modules/next/dist/client/components/app-router.js
../sheet-music-app-auditor-validation/node_modules/next/dist/client/app-index.js

../sheet-music-app-auditor-validation/node_modules/next/dist/client/lib/javascript-url.js
There are multiple modules with names that only differ in casing.
This can lead to unexpected behavior when compiling on a filesystem with other case-semantic.
Use equal casing. Compare these module identifiers:
* javascript/auto|C:\Users\dsbog\centralreform.live\sheet-music-app-auditor-validation\node_modules\next\dist\build\webpack\loaders\next-flight-client-module-loader.js!C:\Users\dsbog\centralreform.live\sheet-music-app-auditor-validation\node_modules\next\dist\build\webpack\loaders\next-swc-loader.js??ruleSet[1].rules[17].oneOf[6].use[1]!C:\Users\dsbog\CentralReform.live\sheet-music-app-auditor-validation\node_modules\next\dist\client\lib\javascript-url.js|app-pages-browser
    Used by 3 module(s), i. e.
    javascript/auto|C:\Users\dsbog\centralreform.live\sheet-music-app-auditor-validation\node_modules\next\dist\build\webpack\loaders\next-flight-client-module-loader.js!C:\Users\dsbog\centralreform.live\sheet-music-app-auditor-validation\node_modules\next\dist\build\webpack\loaders\next-swc-loader.js??ruleSet[1].rules[17].oneOf[6].use[1]!C:\Users\dsbog\CentralReform.live\sheet-music-app-auditor-validation\node_modules\next\dist\client\components\app-router-instance.js|app-pages-browser
* javascript/auto|C:\Users\dsbog\centralreform.live\sheet-music-app-auditor-validation\node_modules\next\dist\build\webpack\loaders\next-flight-client-module-loader.js!C:\Users\dsbog\centralreform.live\sheet-music-app-auditor-validation\node_modules\next\dist\build\webpack\loaders\next-swc-loader.js??ruleSet[1].rules[17].oneOf[6].use[1]!C:\Users\dsbog\centralreform.live\sheet-music-app-auditor-validation\node_modules\next\dist\client\lib\javascript-url.js|app-pages-browser
    Used by 4 module(s), i. e.
    javascript/auto|C:\Users\dsbog\centralreform.live\sheet-music-app-auditor-validation\node_modules\next\dist\build\webpack\loaders\next-flight-client-module-loader.js!C:\Users\dsbog\centralreform.live\sheet-music-app-auditor-validation\node_modules\next\dist\build\webpack\loaders\next-swc-loader.js??ruleSet[1].rules[17].oneOf[6].use[1]!C:\Users\dsbog\centralreform.live\sheet-music-app-auditor-validation\node_modules\next\dist\client\components\app-router-instance.js|app-pages-browser

Import trace for requested module:
../sheet-music-app-auditor-validation/node_modules/next/dist/client/lib/javascript-url.js
../sheet-music-app-auditor-validation/node_modules/next/dist/client/components/app-router-instance.js
../sheet-music-app-auditor-validation/node_modules/next/dist/client/app-index.js

../sheet-music-app-auditor-validation/node_modules/next/dist/client/navigation-build-id.js
There are multiple modules with names that only differ in casing.
This can lead to unexpected behavior when compiling on a filesystem with other case-semantic.
Use equal casing. Compare these module identifiers:
* javascript/auto|C:\Users\dsbog\centralreform.live\sheet-music-app-auditor-validation\node_modules\next\dist\build\webpack\loaders\next-flight-client-module-loader.js!C:\Users\dsbog\centralreform.live\sheet-music-app-auditor-validation\node_modules\next\dist\build\webpack\loaders\next-swc-loader.js??ruleSet[1].rules[17].oneOf[6].use[1]!C:\Users\dsbog\CentralReform.live\sheet-music-app-auditor-validation\node_modules\next\dist\client\navigation-build-id.js|app-pages-browser
    Used by 5 module(s), i. e.
    javascript/auto|C:\Users\dsbog\centralreform.live\sheet-music-app-auditor-validation\node_modules\next\dist\build\webpack\loaders\next-flight-client-module-loader.js!C:\Users\dsbog\centralreform.live\sheet-music-app-auditor-validation\node_modules\next\dist\build\webpack\loaders\next-swc-loader.js??ruleSet[1].rules[17].oneOf[6].use[1]!C:\Users\dsbog\CentralReform.live\sheet-music-app-auditor-validation\node_modules\next\dist\client\app-index.js|app-pages-browser
* javascript/auto|C:\Users\dsbog\centralreform.live\sheet-music-app-auditor-validation\node_modules\next\dist\build\webpack\loaders\next-flight-client-module-loader.js!C:\Users\dsbog\centralreform.live\sheet-music-app-auditor-validation\node_modules\next\dist\build\webpack\loaders\next-swc-loader.js??ruleSet[1].rules[17].oneOf[6].use[1]!C:\Users\dsbog\centralreform.live\sheet-music-app-auditor-validation\node_modules\next\dist\client\navigation-build-id.js|app-pages-browser
    Used by 4 module(s), i. e.
    javascript/auto|C:\Users\dsbog\centralreform.live\sheet-music-app-auditor-validation\node_modules\next\dist\build\webpack\loaders\next-flight-client-module-loader.js!C:\Users\dsbog\centralreform.live\sheet-music-app-auditor-validation\node_modules\next\dist\build\webpack\loaders\next-swc-loader.js??ruleSet[1].rules[17].oneOf[6].use[1]!C:\Users\dsbog\centralreform.live\sheet-music-app-auditor-validation\node_modules\next\dist\client\components\router-reducer\fetch-server-response.js|app-pages-browser

Import trace for requested module:
../sheet-music-app-auditor-validation/node_modules/next/dist/client/navigation-build-id.js
../sheet-music-app-auditor-validation/node_modules/next/dist/client/app-index.js

../sheet-music-app-auditor-validation/node_modules/next/dist/client/normalize-trailing-slash.js
There are multiple modules with names that only differ in casing.
This can lead to unexpected behavior when compiling on a filesystem with other case-semantic.
Use equal casing. Compare these module identifiers:
* javascript/auto|C:\Users\dsbog\centralreform.live\sheet-music-app-auditor-validation\node_modules\next\dist\build\webpack\loaders\next-flight-client-module-loader.js!C:\Users\dsbog\centralreform.live\sheet-music-app-auditor-validation\node_modules\next\dist\build\webpack\loaders\next-swc-loader.js??ruleSet[1].rules[17].oneOf[6].use[1]!C:\Users\dsbog\CentralReform.live\sheet-music-app-auditor-validation\node_modules\next\dist\client\normalize-trailing-slash.js|app-pages-browser
    Used by 2 module(s), i. e.
    javascript/auto|C:\Users\dsbog\centralreform.live\sheet-music-app-auditor-validation\node_modules\next\dist\build\webpack\loaders\next-flight-client-module-loader.js!C:\Users\dsbog\centralreform.live\sheet-music-app-auditor-validation\node_modules\next\dist\build\webpack\loaders\next-swc-loader.js??ruleSet[1].rules[17].oneOf[6].use[1]!C:\Users\dsbog\CentralReform.live\sheet-music-app-auditor-validation\node_modules\next\dist\client\add-base-path.js|app-pages-browser
* javascript/auto|C:\Users\dsbog\centralreform.live\sheet-music-app-auditor-validation\node_modules\next\dist\build\webpack\loaders\next-flight-client-module-loader.js!C:\Users\dsbog\centralreform.live\sheet-music-app-auditor-validation\node_modules\next\dist\build\webpack\loaders\next-swc-loader.js??ruleSet[1].rules[17].oneOf[6].use[1]!C:\Users\dsbog\centralreform.live\sheet-music-app-auditor-validation\node_modules\next\dist\client\normalize-trailing-slash.js|app-pages-browser
    Used by 4 module(s), i. e.
    javascript/auto|C:\Users\dsbog\centralreform.live\sheet-music-app-auditor-validation\node_modules\next\dist\build\webpack\loaders\next-flight-client-module-loader.js!C:\Users\dsbog\centralreform.live\sheet-music-app-auditor-validation\node_modules\next\dist\build\webpack\loaders\next-swc-loader.js??ruleSet[1].rules[17].oneOf[6].use[1]!C:\Users\dsbog\centralreform.live\sheet-music-app-auditor-validation\node_modules\next\dist\client\add-base-path.js|app-pages-browser

Import trace for requested module:
../sheet-music-app-auditor-validation/node_modules/next/dist/client/normalize-trailing-slash.js
../sheet-music-app-auditor-validation/node_modules/next/dist/client/add-base-path.js
../sheet-music-app-auditor-validation/node_modules/next/dist/client/components/app-router-instance.js
../sheet-music-app-auditor-validation/node_modules/next/dist/client/app-index.js

../sheet-music-app-auditor-validation/node_modules/next/dist/client/remove-base-path.js
There are multiple modules with names that only differ in casing.
This can lead to unexpected behavior when compiling on a filesystem with other case-semantic.
Use equal casing. Compare these module identifiers:
* javascript/auto|C:\Users\dsbog\centralreform.live\sheet-music-app-auditor-validation\node_modules\next\dist\build\webpack\loaders\next-flight-client-module-loader.js!C:\Users\dsbog\centralreform.live\sheet-music-app-auditor-validation\node_modules\next\dist\build\webpack\loaders\next-swc-loader.js??ruleSet[1].rules[17].oneOf[6].use[1]!C:\Users\dsbog\CentralReform.live\sheet-music-app-auditor-validation\node_modules\next\dist\client\remove-base-path.js|app-pages-browser
    Used by 3 module(s), i. e.
    javascript/auto|C:\Users\dsbog\centralreform.live\sheet-music-app-auditor-validation\node_modules\next\dist\build\webpack\loaders\next-flight-client-module-loader.js!C:\Users\dsbog\centralreform.live\sheet-music-app-auditor-validation\node_modules\next\dist\build\webpack\loaders\next-swc-loader.js??ruleSet[1].rules[17].oneOf[6].use[1]!C:\Users\dsbog\CentralReform.live\sheet-music-app-auditor-validation\node_modules\next\dist\client\components\app-router.js|app-pages-browser
* javascript/auto|C:\Users\dsbog\centralreform.live\sheet-music-app-auditor-validation\node_modules\next\dist\build\webpack\loaders\next-flight-client-module-loader.js!C:\Users\dsbog\centralreform.live\sheet-music-app-auditor-validation\node_modules\next\dist\build\webpack\loaders\next-swc-loader.js??ruleSet[1].rules[17].oneOf[6].use[1]!C:\Users\dsbog\centralreform.live\sheet-music-app-auditor-validation\node_modules\next\dist\client\remove-base-path.js|app-pages-browser
    Used by 4 module(s), i. e.
    javascript/auto|C:\Users\dsbog\centralreform.live\sheet-music-app-auditor-validation\node_modules\next\dist\build\webpack\loaders\next-flight-client-module-loader.js!C:\Users\dsbog\centralreform.live\sheet-music-app-auditor-validation\node_modules\next\dist\build\webpack\loaders\next-swc-loader.js??ruleSet[1].rules[17].oneOf[6].use[1]!C:\Users\dsbog\centralreform.live\sheet-music-app-auditor-validation\node_modules\next\dist\client\components\app-router.js|app-pages-browser

Import trace for requested module:
../sheet-music-app-auditor-validation/node_modules/next/dist/client/remove-base-path.js
../sheet-music-app-auditor-validation/node_modules/next/dist/client/components/app-router.js
../sheet-music-app-auditor-validation/node_modules/next/dist/client/app-index.js

../sheet-music-app-auditor-validation/node_modules/next/dist/client/route-params.js
There are multiple modules with names that only differ in casing.
This can lead to unexpected behavior when compiling on a filesystem with other case-semantic.
Use equal casing. Compare these module identifiers:
* javascript/auto|C:\Users\dsbog\centralreform.live\sheet-music-app-auditor-validation\node_modules\next\dist\build\webpack\loaders\next-flight-client-module-loader.js!C:\Users\dsbog\centralreform.live\sheet-music-app-auditor-validation\node_modules\next\dist\build\webpack\loaders\next-swc-loader.js??ruleSet[1].rules[17].oneOf[6].use[1]!C:\Users\dsbog\CentralReform.live\sheet-music-app-auditor-validation\node_modules\next\dist\client\route-params.js|app-pages-browser
    Used by 5 module(s), i. e.
    javascript/auto|C:\Users\dsbog\centralreform.live\sheet-music-app-auditor-validation\node_modules\next\dist\build\webpack\loaders\next-flight-client-module-loader.js!C:\Users\dsbog\centralreform.live\sheet-music-app-auditor-validation\node_modules\next\dist\build\webpack\loaders\next-swc-loader.js??ruleSet[1].rules[17].oneOf[6].use[1]!C:\Users\dsbog\CentralReform.live\sheet-music-app-auditor-validation\node_modules\next\dist\client\flight-data-helpers.js|app-pages-browser
* javascript/auto|C:\Users\dsbog\centralreform.live\sheet-music-app-auditor-validation\node_modules\next\dist\build\webpack\loaders\next-flight-client-module-loader.js!C:\Users\dsbog\centralreform.live\sheet-music-app-auditor-validation\node_modules\next\dist\build\webpack\loaders\next-swc-loader.js??ruleSet[1].rules[17].oneOf[6].use[1]!C:\Users\dsbog\centralreform.live\sheet-music-app-auditor-validation\node_modules\next\dist\client\route-params.js|app-pages-browser
    Used by 7 module(s), i. e.
    javascript/auto|C:\Users\dsbog\centralreform.live\sheet-music-app-auditor-validation\node_modules\next\dist\build\webpack\loaders\next-flight-client-module-loader.js!C:\Users\dsbog\centralreform.live\sheet-music-app-auditor-validation\node_modules\next\dist\build\webpack\loaders\next-swc-loader.js??ruleSet[1].rules[17].oneOf[6].use[1]!C:\Users\dsbog\centralreform.live\sheet-music-app-auditor-validation\node_modules\next\dist\client\components\client-page.js|app-pages-browser

Import trace for requested module:
../sheet-music-app-auditor-validation/node_modules/next/dist/client/route-params.js
../sheet-music-app-auditor-validation/node_modules/next/dist/client/flight-data-helpers.js
../sheet-music-app-auditor-validation/node_modules/next/dist/client/app-index.js

../sheet-music-app-auditor-validation/node_modules/next/dist/client/set-attributes-from-props.js
There are multiple modules with names that only differ in casing.
This can lead to unexpected behavior when compiling on a filesystem with other case-semantic.
Use equal casing. Compare these module identifiers:
* javascript/auto|C:\Users\dsbog\centralreform.live\sheet-music-app-auditor-validation\node_modules\next\dist\build\webpack\loaders\next-flight-client-module-loader.js!C:\Users\dsbog\centralreform.live\sheet-music-app-auditor-validation\node_modules\next\dist\build\webpack\loaders\next-swc-loader.js??ruleSet[1].rules[17].oneOf[6].use[1]!C:\Users\dsbog\CentralReform.live\sheet-music-app-auditor-validation\node_modules\next\dist\client\set-attributes-from-props.js|app-pages-browser
    Used by 2 module(s), i. e.
    javascript/auto|C:\Users\dsbog\centralreform.live\sheet-music-app-auditor-validation\node_modules\next\dist\build\webpack\loaders\next-flight-client-module-loader.js!C:\Users\dsbog\centralreform.live\sheet-music-app-auditor-validation\node_modules\next\dist\build\webpack\loaders\next-swc-loader.js??ruleSet[1].rules[17].oneOf[6].use[1]!C:\Users\dsbog\CentralReform.live\sheet-music-app-auditor-validation\node_modules\next\dist\client\app-bootstrap.js|app-pages-browser
* javascript/auto|C:\Users\dsbog\centralreform.live\sheet-music-app-auditor-validation\node_modules\next\dist\build\webpack\loaders\next-flight-client-module-loader.js!C:\Users\dsbog\centralreform.live\sheet-music-app-auditor-validation\node_modules\next\dist\build\webpack\loaders\next-swc-loader.js??ruleSet[1].rules[17].oneOf[6].use[1]!C:\Users\dsbog\centralreform.live\sheet-music-app-auditor-validation\node_modules\next\dist\client\set-attributes-from-props.js|app-pages-browser
    Used by 2 module(s), i. e.
    javascript/auto|C:\Users\dsbog\centralreform.live\sheet-music-app-auditor-validation\node_modules\next\dist\build\webpack\loaders\next-flight-client-module-loader.js!C:\Users\dsbog\centralreform.live\sheet-music-app-auditor-validation\node_modules\next\dist\build\webpack\loaders\next-swc-loader.js??ruleSet[1].rules[17].oneOf[6].use[1]!C:\Users\dsbog\centralreform.live\sheet-music-app-auditor-validation\node_modules\next\dist\client\script.js|app-pages-browser

Import trace for requested module:
../sheet-music-app-auditor-validation/node_modules/next/dist/client/set-attributes-from-props.js
../sheet-music-app-auditor-validation/node_modules/next/dist/client/app-bootstrap.js

../sheet-music-app-auditor-validation/node_modules/next/dist/lib/constants.js
There are multiple modules with names that only differ in casing.
This can lead to unexpected behavior when compiling on a filesystem with other case-semantic.
Use equal casing. Compare these module identifiers:
* javascript/auto|C:\Users\dsbog\centralreform.live\sheet-music-app-auditor-validation\node_modules\next\dist\build\webpack\loaders\next-flight-client-module-loader.js!C:\Users\dsbog\centralreform.live\sheet-music-app-auditor-validation\node_modules\next\dist\build\webpack\loaders\next-swc-loader.js??ruleSet[1].rules[17].oneOf[6].use[1]!C:\Users\dsbog\CentralReform.live\sheet-music-app-auditor-validation\node_modules\next\dist\lib\constants.js|app-pages-browser
    Used by 6 module(s), i. e.
    javascript/auto|C:\Users\dsbog\centralreform.live\sheet-music-app-auditor-validation\node_modules\next\dist\build\webpack\loaders\next-flight-client-module-loader.js!C:\Users\dsbog\centralreform.live\sheet-music-app-auditor-validation\node_modules\next\dist\build\webpack\loaders\next-swc-loader.js??ruleSet[1].rules[17].oneOf[6].use[1]!C:\Users\dsbog\CentralReform.live\sheet-music-app-auditor-validation\node_modules\next\dist\client\components\router-reducer\fetch-server-response.js|app-pages-browser
* javascript/auto|C:\Users\dsbog\centralreform.live\sheet-music-app-auditor-validation\node_modules\next\dist\build\webpack\loaders\next-flight-client-module-loader.js!C:\Users\dsbog\centralreform.live\sheet-music-app-auditor-validation\node_modules\next\dist\build\webpack\loaders\next-swc-loader.js??ruleSet[1].rules[17].oneOf[6].use[1]!C:\Users\dsbog\centralreform.live\sheet-music-app-auditor-validation\node_modules\next\dist\lib\constants.js|app-pages-browser
    Used by 8 module(s), i. e.
    javascript/auto|C:\Users\dsbog\centralreform.live\sheet-music-app-auditor-validation\node_modules\next\dist\build\webpack\loaders\next-flight-client-module-loader.js!C:\Users\dsbog\centralreform.live\sheet-music-app-auditor-validation\node_modules\next\dist\build\webpack\loaders\next-swc-loader.js??ruleSet[1].rules[17].oneOf[6].use[1]!C:\Users\dsbog\centralreform.live\sheet-music-app-auditor-validation\node_modules\next\dist\client\components\router-reducer\ppr-navigations.js|app-pages-browser

Import trace for requested module:
../sheet-music-app-auditor-validation/node_modules/next/dist/lib/constants.js
../sheet-music-app-auditor-validation/node_modules/next/dist/client/components/router-reducer/fetch-server-response.js
../sheet-music-app-auditor-validation/node_modules/next/dist/client/components/router-reducer/create-initial-router-state.js
../sheet-music-app-auditor-validation/node_modules/next/dist/client/app-index.js

../sheet-music-app-auditor-validation/node_modules/next/dist/lib/framework/boundary-components.js
There are multiple modules with names that only differ in casing.
This can lead to unexpected behavior when compiling on a filesystem with other case-semantic.
Use equal casing. Compare these module identifiers:
* javascript/auto|C:\Users\dsbog\centralreform.live\sheet-music-app-auditor-validation\node_modules\next\dist\build\webpack\loaders\next-flight-client-module-loader.js!C:\Users\dsbog\centralreform.live\sheet-music-app-auditor-validation\node_modules\next\dist\build\webpack\loaders\next-swc-loader.js??ruleSet[1].rules[17].oneOf[6].use[1]!C:\Users\dsbog\CentralReform.live\sheet-music-app-auditor-validation\node_modules\next\dist\lib\framework\boundary-components.js|app-pages-browser
    Used by 2 module(s), i. e.
    javascript/auto|C:\Users\dsbog\centralreform.live\sheet-music-app-auditor-validation\node_modules\next\dist\build\webpack\loaders\next-flight-client-module-loader.js!C:\Users\dsbog\centralreform.live\sheet-music-app-auditor-validation\node_modules\next\dist\build\webpack\loaders\next-swc-loader.js??ruleSet[1].rules[17].oneOf[6].use[1]!C:\Users\dsbog\CentralReform.live\sheet-music-app-auditor-validation\node_modules\next\dist\client\components\app-router.js|app-pages-browser
* javascript/auto|C:\Users\dsbog\centralreform.live\sheet-music-app-auditor-validation\node_modules\next\dist\build\webpack\loaders\next-flight-client-module-loader.js!C:\Users\dsbog\centralreform.live\sheet-music-app-auditor-validation\node_modules\next\dist\build\webpack\loaders\next-swc-loader.js??ruleSet[1].rules[17].oneOf[6].use[1]!C:\Users\dsbog\centralreform.live\sheet-music-app-auditor-validation\node_modules\next\dist\lib\framework\boundary-components.js|app-pages-browser
    Used by 3 module(s), i. e.
    javascript/auto|C:\Users\dsbog\centralreform.live\sheet-music-app-auditor-validation\node_modules\next\dist\build\webpack\loaders\next-flight-client-entry-loader.js?modules=%7B%22request%22%3A%22C%3A%5C%5CUsers%5C%5Cdsbog%5C%5Ccentralreform.live%5C%5Csheet-music-app-auditor-validation%5C%5Cnode_modules%5C%5Cnext%5C%5Cdist%5C%5Cclient%5C%5Ccomponents%5C%5Cclient-page.js%22%2C%22ids%22%3A%5B%5D%7D&modules=%7B%22request%22%3A%22C%3A%5C%5CUsers%5C%5Cdsbog%5C%5Ccentralreform.live%5C%5Csheet-music-app-auditor-validation%5C%5Cnode_modules%5C%5Cnext%5C%5Cdist%5C%5Cclient%5C%5Ccomponents%5C%5Cclient-segment.js%22%2C%22ids%22%3A%5B%5D%7D&modules=%7B%22request%22%3A%22C%3A%5C%5CUsers%5C%5Cdsbog%5C%5Ccentralreform.live%5C%5Csheet-music-app-auditor-validation%5C%5Cnode_modules%5C%5Cnext%5C%5Cdist%5C%5Cclient%5C%5Ccomponents%5C%5Chttp-access-fallback%5C%5Cerror-boundary.js%22%2C%22ids%22%3A%5B%5D%7D&modules=%7B%22request%22%3A%22C%3A%5C%5CUsers%5C%5Cdsbog%5C%5Ccentralreform.live%5C%5Csheet-music-app-auditor-validation%5C%5Cnode_modules%5C%5Cnext%5C%5Cdist%5C%5Cclient%5C%5Ccomponents%5C%5Clayout-router.js%22%2C%22ids%22%3A%5B%5D%7D&modules=%7B%22request%22%3A%22C%3A%5C%5CUsers%5C%5Cdsbog%5C%5Ccentralreform.live%5C%5Csheet-music-app-auditor-validation%5C%5Cnode_modules%5C%5Cnext%5C%5Cdist%5C%5Cclient%5C%5Ccomponents%5C%5Crender-from-template-context.js%22%2C%22ids%22%3A%5B%5D%7D&modules=%7B%22request%22%3A%22C%3A%5C%5CUsers%5C%5Cdsbog%5C%5Ccentralreform.live%5C%5Csheet-music-app-auditor-validation%5C%5Cnode_modules%5C%5Cnext%5C%5Cdist%5C%5Clib%5C%5Cframework%5C%5Cboundary-components.js%22%2C%22ids%22%3A%5B%5D%7D&modules=%7B%22request%22%3A%22C%3A%5C%5CUsers%5C%5Cdsbog%5C%5Ccentralreform.live%5C%5Csheet-music-app-auditor-validation%5C%5Cnode_modules%5C%5Cnext%5C%5Cdist%5C%5Clib%5C%5Cmetadata%5C%5Cgenerate%5C%5Cicon-mark.js%22%2C%22ids%22%3A%5B%5D%7D&server=false!|app-pages-browser

Import trace for requested module:
../sheet-music-app-auditor-validation/node_modules/next/dist/lib/framework/boundary-components.js
../sheet-music-app-auditor-validation/node_modules/next/dist/client/components/app-router.js
../sheet-music-app-auditor-validation/node_modules/next/dist/client/app-index.js

../sheet-music-app-auditor-validation/node_modules/next/dist/lib/framework/boundary-constants.js
There are multiple modules with names that only differ in casing.
This can lead to unexpected behavior when compiling on a filesystem with other case-semantic.
Use equal casing. Compare these module identifiers:
* javascript/auto|C:\Users\dsbog\centralreform.live\sheet-music-app-auditor-validation\node_modules\next\dist\build\webpack\loaders\next-flight-client-module-loader.js!C:\Users\dsbog\centralreform.live\sheet-music-app-auditor-validation\node_modules\next\dist\build\webpack\loaders\next-swc-loader.js??ruleSet[1].rules[17].oneOf[6].use[1]!C:\Users\dsbog\CentralReform.live\sheet-music-app-auditor-validation\node_modules\next\dist\lib\framework\boundary-constants.js|app-pages-browser
    Used by 3 module(s), i. e.
    javascript/auto|C:\Users\dsbog\centralreform.live\sheet-music-app-auditor-validation\node_modules\next\dist\build\webpack\loaders\next-flight-client-module-loader.js!C:\Users\dsbog\centralreform.live\sheet-music-app-auditor-validation\node_modules\next\dist\build\webpack\loaders\next-swc-loader.js??ruleSet[1].rules[17].oneOf[6].use[1]!C:\Users\dsbog\CentralReform.live\sheet-music-app-auditor-validation\node_modules\next\dist\lib\framework\boundary-components.js|app-pages-browser
* javascript/auto|C:\Users\dsbog\centralreform.live\sheet-music-app-auditor-validation\node_modules\next\dist\build\webpack\loaders\next-flight-client-module-loader.js!C:\Users\dsbog\centralreform.live\sheet-music-app-auditor-validation\node_modules\next\dist\build\webpack\loaders\next-swc-loader.js??ruleSet[1].rules[17].oneOf[6].use[1]!C:\Users\dsbog\centralreform.live\sheet-music-app-auditor-validation\node_modules\next\dist\lib\framework\boundary-constants.js|app-pages-browser
    Used by 2 module(s), i. e.
    javascript/auto|C:\Users\dsbog\centralreform.live\sheet-music-app-auditor-validation\node_modules\next\dist\build\webpack\loaders\next-flight-client-module-loader.js!C:\Users\dsbog\centralreform.live\sheet-music-app-auditor-validation\node_modules\next\dist\build\webpack\loaders\next-swc-loader.js??ruleSet[1].rules[17].oneOf[6].use[1]!C:\Users\dsbog\centralreform.live\sheet-music-app-auditor-validation\node_modules\next\dist\lib\framework\boundary-components.js|app-pages-browser

Import trace for requested module:
../sheet-music-app-auditor-validation/node_modules/next/dist/lib/framework/boundary-constants.js
../sheet-music-app-auditor-validation/node_modules/next/dist/lib/framework/boundary-components.js
../sheet-music-app-auditor-validation/node_modules/next/dist/client/components/app-router.js
../sheet-music-app-auditor-validation/node_modules/next/dist/client/app-index.js

../sheet-music-app-auditor-validation/node_modules/next/dist/lib/is-error.js
There are multiple modules with names that only differ in casing.
This can lead to unexpected behavior when compiling on a filesystem with other case-semantic.
Use equal casing. Compare these module identifiers:
* javascript/auto|C:\Users\dsbog\centralreform.live\sheet-music-app-auditor-validation\node_modules\next\dist\build\webpack\loaders\next-flight-client-module-loader.js!C:\Users\dsbog\centralreform.live\sheet-music-app-auditor-validation\node_modules\next\dist\build\webpack\loaders\next-swc-loader.js??ruleSet[1].rules[17].oneOf[6].use[1]!C:\Users\dsbog\CentralReform.live\sheet-music-app-auditor-validation\node_modules\next\dist\lib\is-error.js|app-pages-browser
    Used by 2 module(s), i. e.
    javascript/auto|C:\Users\dsbog\centralreform.live\sheet-music-app-auditor-validation\node_modules\next\dist\build\webpack\loaders\next-flight-client-module-loader.js!C:\Users\dsbog\centralreform.live\sheet-music-app-auditor-validation\node_modules\next\dist\build\webpack\loaders\next-swc-loader.js??ruleSet[1].rules[17].oneOf[6].use[1]!C:\Users\dsbog\CentralReform.live\sheet-music-app-auditor-validation\node_modules\next\dist\client\react-client-callbacks\on-recoverable-error.js|app-pages-browser
* javascript/auto|C:\Users\dsbog\centralreform.live\sheet-music-app-auditor-validation\node_modules\next\dist\build\webpack\loaders\next-flight-client-module-loader.js!C:\Users\dsbog\centralreform.live\sheet-music-app-auditor-validation\node_modules\next\dist\build\webpack\loaders\next-swc-loader.js??ruleSet[1].rules[17].oneOf[6].use[1]!C:\Users\dsbog\centralreform.live\sheet-music-app-auditor-validation\node_modules\next\dist\lib\is-error.js|app-pages-browser
    Used by 3 module(s), i. e.
    javascript/auto|C:\Users\dsbog\centralreform.live\sheet-music-app-auditor-validation\node_modules\next\dist\build\webpack\loaders\next-flight-client-module-loader.js!C:\Users\dsbog\centralreform.live\sheet-music-app-auditor-validation\node_modules\next\dist\build\webpack\loaders\next-swc-loader.js??ruleSet[1].rules[17].oneOf[6].use[1]!C:\Users\dsbog\centralreform.live\sheet-music-app-auditor-validation\node_modules\next\dist\client\router.js|app-pages-browser

Import trace for requested module:
../sheet-music-app-auditor-validation/node_modules/next/dist/lib/is-error.js
../sheet-music-app-auditor-validation/node_modules/next/dist/client/react-client-callbacks/on-recoverable-error.js
../sheet-music-app-auditor-validation/node_modules/next/dist/client/app-index.js

../sheet-music-app-auditor-validation/node_modules/next/dist/server/app-render/work-async-storage.external.js
There are multiple modules with names that only differ in casing.
This can lead to unexpected behavior when compiling on a filesystem with other case-semantic.
Use equal casing. Compare these module identifiers:
* javascript/auto|C:\Users\dsbog\centralreform.live\sheet-music-app-auditor-validation\node_modules\next\dist\build\webpack\loaders\next-flight-client-module-loader.js!C:\Users\dsbog\centralreform.live\sheet-music-app-auditor-validation\node_modules\next\dist\build\webpack\loaders\next-swc-loader.js??ruleSet[1].rules[17].oneOf[6].use[1]!C:\Users\dsbog\CentralReform.live\sheet-music-app-auditor-validation\node_modules\next\dist\server\app-render\work-async-storage.external.js|shared
    Used by 2 module(s), i. e.
    javascript/auto|C:\Users\dsbog\centralreform.live\sheet-music-app-auditor-validation\node_modules\next\dist\build\webpack\loaders\next-flight-client-module-loader.js!C:\Users\dsbog\centralreform.live\sheet-music-app-auditor-validation\node_modules\next\dist\build\webpack\loaders\next-swc-loader.js??ruleSet[1].rules[17].oneOf[6].use[1]!C:\Users\dsbog\CentralReform.live\sheet-music-app-auditor-validation\node_modules\next\dist\client\components\handle-isr-error.js|app-pages-browser
* javascript/auto|C:\Users\dsbog\centralreform.live\sheet-music-app-auditor-validation\node_modules\next\dist\build\webpack\loaders\next-flight-client-module-loader.js!C:\Users\dsbog\centralreform.live\sheet-music-app-auditor-validation\node_modules\next\dist\build\webpack\loaders\next-swc-loader.js??ruleSet[1].rules[17].oneOf[6].use[1]!C:\Users\dsbog\centralreform.live\sheet-music-app-auditor-validation\node_modules\next\dist\server\app-render\work-async-storage.external.js|shared
    Used by 1 module(s), i. e.
    javascript/auto|C:\Users\dsbog\centralreform.live\sheet-music-app-auditor-validation\node_modules\next\dist\build\webpack\loaders\next-flight-client-module-loader.js!C:\Users\dsbog\centralreform.live\sheet-music-app-auditor-validation\node_modules\next\dist\build\webpack\loaders\next-swc-loader.js??ruleSet[1].rules[17].oneOf[6].use[1]!C:\Users\dsbog\centralreform.live\sheet-music-app-auditor-validation\node_modules\next\dist\shared\lib\lazy-dynamic\preload-chunks.js|app-pages-browser

Import trace for requested module:
../sheet-music-app-auditor-validation/node_modules/next/dist/server/app-render/work-async-storage.external.js
../sheet-music-app-auditor-validation/node_modules/next/dist/client/components/handle-isr-error.js
../sheet-music-app-auditor-validation/node_modules/next/dist/client/components/error-boundary.js
../sheet-music-app-auditor-validation/node_modules/next/dist/client/react-client-callbacks/error-boundary-callbacks.js
../sheet-music-app-auditor-validation/node_modules/next/dist/client/app-index.js

../sheet-music-app-auditor-validation/node_modules/next/dist/shared/lib/action-revalidation-kind.js
There are multiple modules with names that only differ in casing.
This can lead to unexpected behavior when compiling on a filesystem with other case-semantic.
Use equal casing. Compare these module identifiers:
* javascript/auto|C:\Users\dsbog\centralreform.live\sheet-music-app-auditor-validation\node_modules\next\dist\build\webpack\loaders\next-flight-client-module-loader.js!C:\Users\dsbog\centralreform.live\sheet-music-app-auditor-validation\node_modules\next\dist\build\webpack\loaders\next-swc-loader.js??ruleSet[1].rules[17].oneOf[6].use[1]!C:\Users\dsbog\CentralReform.live\sheet-music-app-auditor-validation\node_modules\next\dist\shared\lib\action-revalidation-kind.js|app-pages-browser
    Used by 2 module(s), i. e.
    javascript/auto|C:\Users\dsbog\centralreform.live\sheet-music-app-auditor-validation\node_modules\next\dist\build\webpack\loaders\next-flight-client-module-loader.js!C:\Users\dsbog\centralreform.live\sheet-music-app-auditor-validation\node_modules\next\dist\build\webpack\loaders\next-swc-loader.js??ruleSet[1].rules[17].oneOf[6].use[1]!C:\Users\dsbog\CentralReform.live\sheet-music-app-auditor-validation\node_modules\next\dist\client\components\router-reducer\reducers\server-action-reducer.js|app-pages-browser
* javascript/auto|C:\Users\dsbog\centralreform.live\sheet-music-app-auditor-validation\node_modules\next\dist\build\webpack\loaders\next-flight-client-module-loader.js!C:\Users\dsbog\centralreform.live\sheet-music-app-auditor-validation\node_modules\next\dist\build\webpack\loaders\next-swc-loader.js??ruleSet[1].rules[17].oneOf[6].use[1]!C:\Users\dsbog\centralreform.live\sheet-music-app-auditor-validation\node_modules\next\dist\shared\lib\action-revalidation-kind.js|app-pages-browser
    Used by 2 module(s), i. e.
    javascript/auto|C:\Users\dsbog\centralreform.live\sheet-music-app-auditor-validation\node_modules\next\dist\build\webpack\loaders\next-flight-client-module-loader.js!C:\Users\dsbog\centralreform.live\sheet-music-app-auditor-validation\node_modules\next\dist\build\webpack\loaders\next-swc-loader.js??ruleSet[1].rules[17].oneOf[6].use[1]!C:\Users\dsbog\centralreform.live\sheet-music-app-auditor-validation\node_modules\next\dist\client\components\router-reducer\reducers\server-action-reducer.js|app-pages-browser

Import trace for requested module:
../sheet-music-app-auditor-validation/node_modules/next/dist/shared/lib/action-revalidation-kind.js
../sheet-music-app-auditor-validation/node_modules/next/dist/client/components/router-reducer/reducers/server-action-reducer.js
../sheet-music-app-auditor-validation/node_modules/next/dist/client/components/router-reducer/router-reducer.js
../sheet-music-app-auditor-validation/node_modules/next/dist/client/components/app-router-instance.js
../sheet-music-app-auditor-validation/node_modules/next/dist/client/app-index.js

../sheet-music-app-auditor-validation/node_modules/next/dist/shared/lib/app-router-context.shared-runtime.js
There are multiple modules with names that only differ in casing.
This can lead to unexpected behavior when compiling on a filesystem with other case-semantic.
Use equal casing. Compare these module identifiers:
* javascript/auto|C:\Users\dsbog\centralreform.live\sheet-music-app-auditor-validation\node_modules\next\dist\build\webpack\loaders\next-flight-client-module-loader.js!C:\Users\dsbog\centralreform.live\sheet-music-app-auditor-validation\node_modules\next\dist\build\webpack\loaders\next-swc-loader.js??ruleSet[1].rules[17].oneOf[6].use[1]!C:\Users\dsbog\CentralReform.live\sheet-music-app-auditor-validation\node_modules\next\dist\shared\lib\app-router-context.shared-runtime.js|app-pages-browser
    Used by 5 module(s), i. e.
    javascript/auto|C:\Users\dsbog\centralreform.live\sheet-music-app-auditor-validation\node_modules\next\dist\build\webpack\loaders\next-flight-client-module-loader.js!C:\Users\dsbog\centralreform.live\sheet-music-app-auditor-validation\node_modules\next\dist\build\webpack\loaders\next-swc-loader.js??ruleSet[1].rules[17].oneOf[6].use[1]!C:\Users\dsbog\CentralReform.live\sheet-music-app-auditor-validation\node_modules\next\dist\client\app-index.js|app-pages-browser
* javascript/auto|C:\Users\dsbog\centralreform.live\sheet-music-app-auditor-validation\node_modules\next\dist\build\webpack\loaders\next-flight-client-module-loader.js!C:\Users\dsbog\centralreform.live\sheet-music-app-auditor-validation\node_modules\next\dist\build\webpack\loaders\next-swc-loader.js??ruleSet[1].rules[17].oneOf[6].use[1]!C:\Users\dsbog\centralreform.live\sheet-music-app-auditor-validation\node_modules\next\dist\shared\lib\app-router-context.shared-runtime.js|app-pages-browser
    Used by 10 module(s), i. e.
    javascript/auto|C:\Users\dsbog\centralreform.live\sheet-music-app-auditor-validation\node_modules\next\dist\build\webpack\loaders\next-flight-client-module-loader.js!C:\Users\dsbog\centralreform.live\sheet-music-app-auditor-validation\node_modules\next\dist\build\webpack\loaders\next-swc-loader.js??ruleSet[1].rules[17].oneOf[6].use[1]!C:\Users\dsbog\centralreform.live\sheet-music-app-auditor-validation\node_modules\next\dist\client\components\render-from-template-context.js|app-pages-browser

Import trace for requested module:
../sheet-music-app-auditor-validation/node_modules/next/dist/shared/lib/app-router-context.shared-runtime.js
../sheet-music-app-auditor-validation/node_modules/next/dist/client/app-index.js

../sheet-music-app-auditor-validation/node_modules/next/dist/shared/lib/app-router-types.js
There are multiple modules with names that only differ in casing.
This can lead to unexpected behavior when compiling on a filesystem with other case-semantic.
Use equal casing. Compare these module identifiers:
* javascript/auto|C:\Users\dsbog\centralreform.live\sheet-music-app-auditor-validation\node_modules\next\dist\build\webpack\loaders\next-flight-client-module-loader.js!C:\Users\dsbog\centralreform.live\sheet-music-app-auditor-validation\node_modules\next\dist\build\webpack\loaders\next-swc-loader.js??ruleSet[1].rules[17].oneOf[6].use[1]!C:\Users\dsbog\CentralReform.live\sheet-music-app-auditor-validation\node_modules\next\dist\shared\lib\app-router-types.js|app-pages-browser
    Used by 3 module(s), i. e.
    javascript/auto|C:\Users\dsbog\centralreform.live\sheet-music-app-auditor-validation\node_modules\next\dist\build\webpack\loaders\next-flight-client-module-loader.js!C:\Users\dsbog\centralreform.live\sheet-music-app-auditor-validation\node_modules\next\dist\build\webpack\loaders\next-swc-loader.js??ruleSet[1].rules[17].oneOf[6].use[1]!C:\Users\dsbog\CentralReform.live\sheet-music-app-auditor-validation\node_modules\next\dist\client\components\router-reducer\ppr-navigations.js|app-pages-browser
* javascript/auto|C:\Users\dsbog\centralreform.live\sheet-music-app-auditor-validation\node_modules\next\dist\build\webpack\loaders\next-flight-client-module-loader.js!C:\Users\dsbog\centralreform.live\sheet-music-app-auditor-validation\node_modules\next\dist\build\webpack\loaders\next-swc-loader.js??ruleSet[1].rules[17].oneOf[6].use[1]!C:\Users\dsbog\centralreform.live\sheet-music-app-auditor-validation\node_modules\next\dist\shared\lib\app-router-types.js|app-pages-browser
    Used by 3 module(s), i. e.
    javascript/auto|C:\Users\dsbog\centralreform.live\sheet-music-app-auditor-validation\node_modules\next\dist\build\webpack\loaders\next-flight-client-module-loader.js!C:\Users\dsbog\centralreform.live\sheet-music-app-auditor-validation\node_modules\next\dist\build\webpack\loaders\next-swc-loader.js??ruleSet[1].rules[17].oneOf[6].use[1]!C:\Users\dsbog\centralreform.live\sheet-music-app-auditor-validation\node_modules\next\dist\client\components\router-reducer\ppr-navigations.js|app-pages-browser

Import trace for requested module:
../sheet-music-app-auditor-validation/node_modules/next/dist/shared/lib/app-router-types.js
../sheet-music-app-auditor-validation/node_modules/next/dist/client/components/router-reducer/ppr-navigations.js
../sheet-music-app-auditor-validation/node_modules/next/dist/client/components/router-reducer/create-initial-router-state.js
../sheet-music-app-auditor-validation/node_modules/next/dist/client/app-index.js

../sheet-music-app-auditor-validation/node_modules/next/dist/shared/lib/deployment-id.js
There are multiple modules with names that only differ in casing.
This can lead to unexpected behavior when compiling on a filesystem with other case-semantic.
Use equal casing. Compare these module identifiers:
* javascript/auto|C:\Users\dsbog\centralreform.live\sheet-music-app-auditor-validation\node_modules\next\dist\build\webpack\loaders\next-flight-client-module-loader.js!C:\Users\dsbog\centralreform.live\sheet-music-app-auditor-validation\node_modules\next\dist\build\webpack\loaders\next-swc-loader.js??ruleSet[1].rules[17].oneOf[6].use[1]!C:\Users\dsbog\CentralReform.live\sheet-music-app-auditor-validation\node_modules\next\dist\shared\lib\deployment-id.js|app-pages-browser
    Used by 7 module(s), i. e.
    javascript/auto|C:\Users\dsbog\centralreform.live\sheet-music-app-auditor-validation\node_modules\next\dist\build\webpack\loaders\next-flight-client-module-loader.js!C:\Users\dsbog\centralreform.live\sheet-music-app-auditor-validation\node_modules\next\dist\build\webpack\loaders\next-swc-loader.js??ruleSet[1].rules[17].oneOf[6].use[1]!C:\Users\dsbog\CentralReform.live\sheet-music-app-auditor-validation\node_modules\next\dist\client\app-webpack.js|app-pages-browser
* javascript/auto|C:\Users\dsbog\centralreform.live\sheet-music-app-auditor-validation\node_modules\next\dist\build\webpack\loaders\next-flight-client-module-loader.js!C:\Users\dsbog\centralreform.live\sheet-music-app-auditor-validation\node_modules\next\dist\build\webpack\loaders\next-swc-loader.js??ruleSet[1].rules[17].oneOf[6].use[1]!C:\Users\dsbog\centralreform.live\sheet-music-app-auditor-validation\node_modules\next\dist\shared\lib\deployment-id.js|app-pages-browser
    Used by 7 module(s), i. e.
    javascript/auto|C:\Users\dsbog\centralreform.live\sheet-music-app-auditor-validation\node_modules\next\dist\build\webpack\loaders\next-flight-client-module-loader.js!C:\Users\dsbog\centralreform.live\sheet-music-app-auditor-validation\node_modules\next\dist\build\webpack\loaders\next-swc-loader.js??ruleSet[1].rules[17].oneOf[6].use[1]!C:\Users\dsbog\centralreform.live\sheet-music-app-auditor-validation\node_modules\next\dist\client\components\router-reducer\fetch-server-response.js|app-pages-browser

Import trace for requested module:
../sheet-music-app-auditor-validation/node_modules/next/dist/shared/lib/deployment-id.js
../sheet-music-app-auditor-validation/node_modules/next/dist/client/app-webpack.js

../sheet-music-app-auditor-validation/node_modules/next/dist/shared/lib/encode-uri-path.js
There are multiple modules with names that only differ in casing.
This can lead to unexpected behavior when compiling on a filesystem with other case-semantic.
Use equal casing. Compare these module identifiers:
* javascript/auto|C:\Users\dsbog\centralreform.live\sheet-music-app-auditor-validation\node_modules\next\dist\build\webpack\loaders\next-flight-client-module-loader.js!C:\Users\dsbog\centralreform.live\sheet-music-app-auditor-validation\node_modules\next\dist\build\webpack\loaders\next-swc-loader.js??ruleSet[1].rules[17].oneOf[6].use[1]!C:\Users\dsbog\CentralReform.live\sheet-music-app-auditor-validation\node_modules\next\dist\shared\lib\encode-uri-path.js|app-pages-browser
    Used by 1 module(s), i. e.
    javascript/auto|C:\Users\dsbog\centralreform.live\sheet-music-app-auditor-validation\node_modules\next\dist\build\webpack\loaders\next-flight-client-module-loader.js!C:\Users\dsbog\centralreform.live\sheet-music-app-auditor-validation\node_modules\next\dist\build\webpack\loaders\next-swc-loader.js??ruleSet[1].rules[17].oneOf[6].use[1]!C:\Users\dsbog\CentralReform.live\sheet-music-app-auditor-validation\node_modules\next\dist\client\app-webpack.js|app-pages-browser
* javascript/auto|C:\Users\dsbog\centralreform.live\sheet-music-app-auditor-validation\node_modules\next\dist\build\webpack\loaders\next-flight-client-module-loader.js!C:\Users\dsbog\centralreform.live\sheet-music-app-auditor-validation\node_modules\next\dist\build\webpack\loaders\next-swc-loader.js??ruleSet[1].rules[17].oneOf[6].use[1]!C:\Users\dsbog\centralreform.live\sheet-music-app-auditor-validation\node_modules\next\dist\shared\lib\encode-uri-path.js|app-pages-browser
    Used by 2 module(s), i. e.
    javascript/auto|C:\Users\dsbog\centralreform.live\sheet-music-app-auditor-validation\node_modules\next\dist\build\webpack\loaders\next-flight-client-module-loader.js!C:\Users\dsbog\centralreform.live\sheet-music-app-auditor-validation\node_modules\next\dist\build\webpack\loaders\next-swc-loader.js??ruleSet[1].rules[17].oneOf[6].use[1]!C:\Users\dsbog\centralreform.live\sheet-music-app-auditor-validation\node_modules\next\dist\shared\lib\lazy-dynamic\preload-chunks.js|app-pages-browser

Import trace for requested module:
../sheet-music-app-auditor-validation/node_modules/next/dist/shared/lib/encode-uri-path.js
../sheet-music-app-auditor-validation/node_modules/next/dist/client/app-webpack.js

../sheet-music-app-auditor-validation/node_modules/next/dist/shared/lib/hash.js
There are multiple modules with names that only differ in casing.
This can lead to unexpected behavior when compiling on a filesystem with other case-semantic.
Use equal casing. Compare these module identifiers:
* javascript/auto|C:\Users\dsbog\centralreform.live\sheet-music-app-auditor-validation\node_modules\next\dist\build\webpack\loaders\next-flight-client-module-loader.js!C:\Users\dsbog\centralreform.live\sheet-music-app-auditor-validation\node_modules\next\dist\build\webpack\loaders\next-swc-loader.js??ruleSet[1].rules[17].oneOf[6].use[1]!C:\Users\dsbog\CentralReform.live\sheet-music-app-auditor-validation\node_modules\next\dist\shared\lib\hash.js|app-pages-browser
    Used by 2 module(s), i. e.
    javascript/auto|C:\Users\dsbog\centralreform.live\sheet-music-app-auditor-validation\node_modules\next\dist\build\webpack\loaders\next-flight-client-module-loader.js!C:\Users\dsbog\centralreform.live\sheet-music-app-auditor-validation\node_modules\next\dist\build\webpack\loaders\next-swc-loader.js??ruleSet[1].rules[17].oneOf[6].use[1]!C:\Users\dsbog\CentralReform.live\sheet-music-app-auditor-validation\node_modules\next\dist\shared\lib\router\utils\cache-busting-search-param.js|app-pages-browser
* javascript/auto|C:\Users\dsbog\centralreform.live\sheet-music-app-auditor-validation\node_modules\next\dist\build\webpack\loaders\next-flight-client-module-loader.js!C:\Users\dsbog\centralreform.live\sheet-music-app-auditor-validation\node_modules\next\dist\build\webpack\loaders\next-swc-loader.js??ruleSet[1].rules[17].oneOf[6].use[1]!C:\Users\dsbog\centralreform.live\sheet-music-app-auditor-validation\node_modules\next\dist\shared\lib\hash.js|app-pages-browser
    Used by 2 module(s), i. e.
    javascript/auto|C:\Users\dsbog\centralreform.live\sheet-music-app-auditor-validation\node_modules\next\dist\build\webpack\loaders\next-flight-client-module-loader.js!C:\Users\dsbog\centralreform.live\sheet-music-app-auditor-validation\node_modules\next\dist\build\webpack\loaders\next-swc-loader.js??ruleSet[1].rules[17].oneOf[6].use[1]!C:\Users\dsbog\centralreform.live\sheet-music-app-auditor-validation\node_modules\next\dist\shared\lib\router\utils\cache-busting-search-param.js|app-pages-browser

Import trace for requested module:
../sheet-music-app-auditor-validation/node_modules/next/dist/shared/lib/hash.js
../sheet-music-app-auditor-validation/node_modules/next/dist/shared/lib/router/utils/cache-busting-search-param.js
../sheet-music-app-auditor-validation/node_modules/next/dist/client/components/router-reducer/set-cache-busting-search-param.js
../sheet-music-app-auditor-validation/node_modules/next/dist/client/components/router-reducer/fetch-server-response.js
../sheet-music-app-auditor-validation/node_modules/next/dist/client/components/router-reducer/create-initial-router-state.js
../sheet-music-app-auditor-validation/node_modules/next/dist/client/app-index.js

../sheet-music-app-auditor-validation/node_modules/next/dist/shared/lib/head-manager-context.shared-runtime.js
There are multiple modules with names that only differ in casing.
This can lead to unexpected behavior when compiling on a filesystem with other case-semantic.
Use equal casing. Compare these module identifiers:
* javascript/auto|C:\Users\dsbog\centralreform.live\sheet-music-app-auditor-validation\node_modules\next\dist\build\webpack\loaders\next-flight-client-module-loader.js!C:\Users\dsbog\centralreform.live\sheet-music-app-auditor-validation\node_modules\next\dist\build\webpack\loaders\next-swc-loader.js??ruleSet[1].rules[17].oneOf[6].use[1]!C:\Users\dsbog\CentralReform.live\sheet-music-app-auditor-validation\node_modules\next\dist\shared\lib\head-manager-context.shared-runtime.js|app-pages-browser
    Used by 1 module(s), i. e.
    javascript/auto|C:\Users\dsbog\centralreform.live\sheet-music-app-auditor-validation\node_modules\next\dist\build\webpack\loaders\next-flight-client-module-loader.js!C:\Users\dsbog\centralreform.live\sheet-music-app-auditor-validation\node_modules\next\dist\build\webpack\loaders\next-swc-loader.js??ruleSet[1].rules[17].oneOf[6].use[1]!C:\Users\dsbog\CentralReform.live\sheet-music-app-auditor-validation\node_modules\next\dist\client\app-index.js|app-pages-browser
* javascript/auto|C:\Users\dsbog\centralreform.live\sheet-music-app-auditor-validation\node_modules\next\dist\build\webpack\loaders\next-flight-client-module-loader.js!C:\Users\dsbog\centralreform.live\sheet-music-app-auditor-validation\node_modules\next\dist\build\webpack\loaders\next-swc-loader.js??ruleSet[1].rules[17].oneOf[6].use[1]!C:\Users\dsbog\centralreform.live\sheet-music-app-auditor-validation\node_modules\next\dist\shared\lib\head-manager-context.shared-runtime.js|app-pages-browser
    Used by 1 module(s), i. e.
    javascript/auto|C:\Users\dsbog\centralreform.live\sheet-music-app-auditor-validation\node_modules\next\dist\build\webpack\loaders\next-flight-client-module-loader.js!C:\Users\dsbog\centralreform.live\sheet-music-app-auditor-validation\node_modules\next\dist\build\webpack\loaders\next-swc-loader.js??ruleSet[1].rules[17].oneOf[6].use[1]!C:\Users\dsbog\centralreform.live\sheet-music-app-auditor-validation\node_modules\next\dist\client\script.js|app-pages-browser

Import trace for requested module:
../sheet-music-app-auditor-validation/node_modules/next/dist/shared/lib/head-manager-context.shared-runtime.js
../sheet-music-app-auditor-validation/node_modules/next/dist/client/app-index.js

../sheet-music-app-auditor-validation/node_modules/next/dist/shared/lib/hooks-client-context.shared-runtime.js
There are multiple modules with names that only differ in casing.
This can lead to unexpected behavior when compiling on a filesystem with other case-semantic.
Use equal casing. Compare these module identifiers:
* javascript/auto|C:\Users\dsbog\centralreform.live\sheet-music-app-auditor-validation\node_modules\next\dist\build\webpack\loaders\next-flight-client-module-loader.js!C:\Users\dsbog\centralreform.live\sheet-music-app-auditor-validation\node_modules\next\dist\build\webpack\loaders\next-swc-loader.js??ruleSet[1].rules[17].oneOf[6].use[1]!C:\Users\dsbog\CentralReform.live\sheet-music-app-auditor-validation\node_modules\next\dist\shared\lib\hooks-client-context.shared-runtime.js|app-pages-browser
    Used by 4 module(s), i. e.
    javascript/auto|C:\Users\dsbog\centralreform.live\sheet-music-app-auditor-validation\node_modules\next\dist\build\webpack\loaders\next-flight-client-module-loader.js!C:\Users\dsbog\centralreform.live\sheet-music-app-auditor-validation\node_modules\next\dist\build\webpack\loaders\next-swc-loader.js??ruleSet[1].rules[17].oneOf[6].use[1]!C:\Users\dsbog\CentralReform.live\sheet-music-app-auditor-validation\node_modules\next\dist\client\components\app-router.js|app-pages-browser
* javascript/auto|C:\Users\dsbog\centralreform.live\sheet-music-app-auditor-validation\node_modules\next\dist\build\webpack\loaders\next-flight-client-module-loader.js!C:\Users\dsbog\centralreform.live\sheet-music-app-auditor-validation\node_modules\next\dist\build\webpack\loaders\next-swc-loader.js??ruleSet[1].rules[17].oneOf[6].use[1]!C:\Users\dsbog\centralreform.live\sheet-music-app-auditor-validation\node_modules\next\dist\shared\lib\hooks-client-context.shared-runtime.js|app-pages-browser
    Used by 6 module(s), i. e.
    javascript/auto|C:\Users\dsbog\centralreform.live\sheet-music-app-auditor-validation\node_modules\next\dist\build\webpack\loaders\next-flight-client-module-loader.js!C:\Users\dsbog\centralreform.live\sheet-music-app-auditor-validation\node_modules\next\dist\build\webpack\loaders\next-swc-loader.js??ruleSet[1].rules[17].oneOf[6].use[1]!C:\Users\dsbog\centralreform.live\sheet-music-app-auditor-validation\node_modules\next\dist\client\components\client-page.js|app-pages-browser

Import trace for requested module:
../sheet-music-app-auditor-validation/node_modules/next/dist/shared/lib/hooks-client-context.shared-runtime.js
../sheet-music-app-auditor-validation/node_modules/next/dist/client/components/app-router.js
../sheet-music-app-auditor-validation/node_modules/next/dist/client/app-index.js

../sheet-music-app-auditor-validation/node_modules/next/dist/shared/lib/invariant-error.js
There are multiple modules with names that only differ in casing.
This can lead to unexpected behavior when compiling on a filesystem with other case-semantic.
Use equal casing. Compare these module identifiers:
* javascript/auto|C:\Users\dsbog\centralreform.live\sheet-music-app-auditor-validation\node_modules\next\dist\build\webpack\loaders\next-flight-client-module-loader.js!C:\Users\dsbog\centralreform.live\sheet-music-app-auditor-validation\node_modules\next\dist\build\webpack\loaders\next-swc-loader.js??ruleSet[1].rules[17].oneOf[6].use[1]!C:\Users\dsbog\CentralReform.live\sheet-music-app-auditor-validation\node_modules\next\dist\shared\lib\invariant-error.js|app-pages-browser
    Used by 4 module(s), i. e.
    javascript/auto|C:\Users\dsbog\centralreform.live\sheet-music-app-auditor-validation\node_modules\next\dist\build\webpack\loaders\next-flight-client-module-loader.js!C:\Users\dsbog\centralreform.live\sheet-music-app-auditor-validation\node_modules\next\dist\build\webpack\loaders\next-swc-loader.js??ruleSet[1].rules[17].oneOf[6].use[1]!C:\Users\dsbog\CentralReform.live\sheet-music-app-auditor-validation\node_modules\next\dist\client\asset-prefix.js|app-pages-browser
* javascript/auto|C:\Users\dsbog\centralreform.live\sheet-music-app-auditor-validation\node_modules\next\dist\build\webpack\loaders\next-flight-client-module-loader.js!C:\Users\dsbog\centralreform.live\sheet-music-app-auditor-validation\node_modules\next\dist\build\webpack\loaders\next-swc-loader.js??ruleSet[1].rules[17].oneOf[6].use[1]!C:\Users\dsbog\centralreform.live\sheet-music-app-auditor-validation\node_modules\next\dist\shared\lib\invariant-error.js|app-pages-browser
    Used by 4 module(s), i. e.
    javascript/auto|C:\Users\dsbog\centralreform.live\sheet-music-app-auditor-validation\node_modules\next\dist\build\webpack\loaders\next-flight-client-module-loader.js!C:\Users\dsbog\centralreform.live\sheet-music-app-auditor-validation\node_modules\next\dist\build\webpack\loaders\next-swc-loader.js??ruleSet[1].rules[17].oneOf[6].use[1]!C:\Users\dsbog\centralreform.live\sheet-music-app-auditor-validation\node_modules\next\dist\client\components\router-reducer\fetch-server-response.js|app-pages-browser

Import trace for requested module:
../sheet-music-app-auditor-validation/node_modules/next/dist/shared/lib/invariant-error.js
../sheet-music-app-auditor-validation/node_modules/next/dist/client/asset-prefix.js
../sheet-music-app-auditor-validation/node_modules/next/dist/client/app-bootstrap.js

../sheet-music-app-auditor-validation/node_modules/next/dist/shared/lib/is-plain-object.js
There are multiple modules with names that only differ in casing.
This can lead to unexpected behavior when compiling on a filesystem with other case-semantic.
Use equal casing. Compare these module identifiers:
* javascript/auto|C:\Users\dsbog\centralreform.live\sheet-music-app-auditor-validation\node_modules\next\dist\build\webpack\loaders\next-flight-client-module-loader.js!C:\Users\dsbog\centralreform.live\sheet-music-app-auditor-validation\node_modules\next\dist\build\webpack\loaders\next-swc-loader.js??ruleSet[1].rules[17].oneOf[6].use[1]!C:\Users\dsbog\CentralReform.live\sheet-music-app-auditor-validation\node_modules\next\dist\shared\lib\is-plain-object.js|app-pages-browser
    Used by 2 module(s), i. e.
    javascript/auto|C:\Users\dsbog\centralreform.live\sheet-music-app-auditor-validation\node_modules\next\dist\build\webpack\loaders\next-flight-client-module-loader.js!C:\Users\dsbog\centralreform.live\sheet-music-app-auditor-validation\node_modules\next\dist\build\webpack\loaders\next-swc-loader.js??ruleSet[1].rules[17].oneOf[6].use[1]!C:\Users\dsbog\CentralReform.live\sheet-music-app-auditor-validation\node_modules\next\dist\lib\is-error.js|app-pages-browser
* javascript/auto|C:\Users\dsbog\centralreform.live\sheet-music-app-auditor-validation\node_modules\next\dist\build\webpack\loaders\next-flight-client-module-loader.js!C:\Users\dsbog\centralreform.live\sheet-music-app-auditor-validation\node_modules\next\dist\build\webpack\loaders\next-swc-loader.js??ruleSet[1].rules[17].oneOf[6].use[1]!C:\Users\dsbog\centralreform.live\sheet-music-app-auditor-validation\node_modules\next\dist\shared\lib\is-plain-object.js|app-pages-browser
    Used by 2 module(s), i. e.
    javascript/auto|C:\Users\dsbog\centralreform.live\sheet-music-app-auditor-validation\node_modules\next\dist\build\webpack\loaders\next-flight-client-module-loader.js!C:\Users\dsbog\centralreform.live\sheet-music-app-auditor-validation\node_modules\next\dist\build\webpack\loaders\next-swc-loader.js??ruleSet[1].rules[17].oneOf[6].use[1]!C:\Users\dsbog\centralreform.live\sheet-music-app-auditor-validation\node_modules\next\dist\lib\is-error.js|app-pages-browser

Import trace for requested module:
../sheet-music-app-auditor-validation/node_modules/next/dist/shared/lib/is-plain-object.js
../sheet-music-app-auditor-validation/node_modules/next/dist/lib/is-error.js
../sheet-music-app-auditor-validation/node_modules/next/dist/client/react-client-callbacks/on-recoverable-error.js
../sheet-music-app-auditor-validation/node_modules/next/dist/client/app-index.js

../sheet-music-app-auditor-validation/node_modules/next/dist/shared/lib/is-thenable.js
There are multiple modules with names that only differ in casing.
This can lead to unexpected behavior when compiling on a filesystem with other case-semantic.
Use equal casing. Compare these module identifiers:
* javascript/auto|C:\Users\dsbog\centralreform.live\sheet-music-app-auditor-validation\node_modules\next\dist\build\webpack\loaders\next-flight-client-module-loader.js!C:\Users\dsbog\centralreform.live\sheet-music-app-auditor-validation\node_modules\next\dist\build\webpack\loaders\next-swc-loader.js??ruleSet[1].rules[17].oneOf[6].use[1]!C:\Users\dsbog\CentralReform.live\sheet-music-app-auditor-validation\node_modules\next\dist\shared\lib\is-thenable.js|app-pages-browser
    Used by 2 module(s), i. e.
    javascript/auto|C:\Users\dsbog\centralreform.live\sheet-music-app-auditor-validation\node_modules\next\dist\build\webpack\loaders\next-flight-client-module-loader.js!C:\Users\dsbog\centralreform.live\sheet-music-app-auditor-validation\node_modules\next\dist\build\webpack\loaders\next-swc-loader.js??ruleSet[1].rules[17].oneOf[6].use[1]!C:\Users\dsbog\CentralReform.live\sheet-music-app-auditor-validation\node_modules\next\dist\client\components\app-router-instance.js|app-pages-browser
* javascript/auto|C:\Users\dsbog\centralreform.live\sheet-music-app-auditor-validation\node_modules\next\dist\build\webpack\loaders\next-flight-client-module-loader.js!C:\Users\dsbog\centralreform.live\sheet-music-app-auditor-validation\node_modules\next\dist\build\webpack\loaders\next-swc-loader.js??ruleSet[1].rules[17].oneOf[6].use[1]!C:\Users\dsbog\centralreform.live\sheet-music-app-auditor-validation\node_modules\next\dist\shared\lib\is-thenable.js|app-pages-browser
    Used by 2 module(s), i. e.
    javascript/auto|C:\Users\dsbog\centralreform.live\sheet-music-app-auditor-validation\node_modules\next\dist\build\webpack\loaders\next-flight-client-module-loader.js!C:\Users\dsbog\centralreform.live\sheet-music-app-auditor-validation\node_modules\next\dist\build\webpack\loaders\next-swc-loader.js??ruleSet[1].rules[17].oneOf[6].use[1]!C:\Users\dsbog\centralreform.live\sheet-music-app-auditor-validation\node_modules\next\dist\client\components\app-router-instance.js|app-pages-browser

Import trace for requested module:
../sheet-music-app-auditor-validation/node_modules/next/dist/shared/lib/is-thenable.js
../sheet-music-app-auditor-validation/node_modules/next/dist/client/components/app-router-instance.js
../sheet-music-app-auditor-validation/node_modules/next/dist/client/app-index.js

../sheet-music-app-auditor-validation/node_modules/next/dist/shared/lib/lazy-dynamic/bailout-to-csr.js
There are multiple modules with names that only differ in casing.
This can lead to unexpected behavior when compiling on a filesystem with other case-semantic.
Use equal casing. Compare these module identifiers:
* javascript/auto|C:\Users\dsbog\centralreform.live\sheet-music-app-auditor-validation\node_modules\next\dist\build\webpack\loaders\next-flight-client-module-loader.js!C:\Users\dsbog\centralreform.live\sheet-music-app-auditor-validation\node_modules\next\dist\build\webpack\loaders\next-swc-loader.js??ruleSet[1].rules[17].oneOf[6].use[1]!C:\Users\dsbog\CentralReform.live\sheet-music-app-auditor-validation\node_modules\next\dist\shared\lib\lazy-dynamic\bailout-to-csr.js|app-pages-browser
    Used by 6 module(s), i. e.
    javascript/auto|C:\Users\dsbog\centralreform.live\sheet-music-app-auditor-validation\node_modules\next\dist\build\webpack\loaders\next-flight-client-module-loader.js!C:\Users\dsbog\centralreform.live\sheet-music-app-auditor-validation\node_modules\next\dist\build\webpack\loaders\next-swc-loader.js??ruleSet[1].rules[17].oneOf[6].use[1]!C:\Users\dsbog\CentralReform.live\sheet-music-app-auditor-validation\node_modules\next\dist\client\react-client-callbacks\on-recoverable-error.js|app-pages-browser
* javascript/auto|C:\Users\dsbog\centralreform.live\sheet-music-app-auditor-validation\node_modules\next\dist\build\webpack\loaders\next-flight-client-module-loader.js!C:\Users\dsbog\centralreform.live\sheet-music-app-auditor-validation\node_modules\next\dist\build\webpack\loaders\next-swc-loader.js??ruleSet[1].rules[17].oneOf[6].use[1]!C:\Users\dsbog\centralreform.live\sheet-music-app-auditor-validation\node_modules\next\dist\shared\lib\lazy-dynamic\bailout-to-csr.js|app-pages-browser
    Used by 3 module(s), i. e.
    javascript/auto|C:\Users\dsbog\centralreform.live\sheet-music-app-auditor-validation\node_modules\next\dist\build\webpack\loaders\next-flight-client-module-loader.js!C:\Users\dsbog\centralreform.live\sheet-music-app-auditor-validation\node_modules\next\dist\build\webpack\loaders\next-swc-loader.js??ruleSet[1].rules[17].oneOf[6].use[1]!C:\Users\dsbog\centralreform.live\sheet-music-app-auditor-validation\node_modules\next\dist\shared\lib\lazy-dynamic\dynamic-bailout-to-csr.js|app-pages-browser

Import trace for requested module:
../sheet-music-app-auditor-validation/node_modules/next/dist/shared/lib/lazy-dynamic/bailout-to-csr.js
../sheet-music-app-auditor-validation/node_modules/next/dist/client/react-client-callbacks/on-recoverable-error.js
../sheet-music-app-auditor-validation/node_modules/next/dist/client/app-index.js

../sheet-music-app-auditor-validation/node_modules/next/dist/shared/lib/page-path/ensure-leading-slash.js
There are multiple modules with names that only differ in casing.
This can lead to unexpected behavior when compiling on a filesystem with other case-semantic.
Use equal casing. Compare these module identifiers:
* javascript/auto|C:\Users\dsbog\centralreform.live\sheet-music-app-auditor-validation\node_modules\next\dist\build\webpack\loaders\next-flight-client-module-loader.js!C:\Users\dsbog\centralreform.live\sheet-music-app-auditor-validation\node_modules\next\dist\build\webpack\loaders\next-swc-loader.js??ruleSet[1].rules[17].oneOf[6].use[1]!C:\Users\dsbog\CentralReform.live\sheet-music-app-auditor-validation\node_modules\next\dist\shared\lib\page-path\ensure-leading-slash.js|app-pages-browser
    Used by 1 module(s), i. e.
    javascript/auto|C:\Users\dsbog\centralreform.live\sheet-music-app-auditor-validation\node_modules\next\dist\build\webpack\loaders\next-flight-client-module-loader.js!C:\Users\dsbog\centralreform.live\sheet-music-app-auditor-validation\node_modules\next\dist\build\webpack\loaders\next-swc-loader.js??ruleSet[1].rules[17].oneOf[6].use[1]!C:\Users\dsbog\CentralReform.live\sheet-music-app-auditor-validation\node_modules\next\dist\shared\lib\router\utils\app-paths.js|app-pages-browser
* javascript/auto|C:\Users\dsbog\centralreform.live\sheet-music-app-auditor-validation\node_modules\next\dist\build\webpack\loaders\next-flight-client-module-loader.js!C:\Users\dsbog\centralreform.live\sheet-music-app-auditor-validation\node_modules\next\dist\build\webpack\loaders\next-swc-loader.js??ruleSet[1].rules[17].oneOf[6].use[1]!C:\Users\dsbog\centralreform.live\sheet-music-app-auditor-validation\node_modules\next\dist\shared\lib\page-path\ensure-leading-slash.js|app-pages-browser
    Used by 1 module(s), i. e.
    javascript/auto|C:\Users\dsbog\centralreform.live\sheet-music-app-auditor-validation\node_modules\next\dist\build\webpack\loaders\next-flight-client-module-loader.js!C:\Users\dsbog\centralreform.live\sheet-music-app-auditor-validation\node_modules\next\dist\build\webpack\loaders\next-swc-loader.js??ruleSet[1].rules[17].oneOf[6].use[1]!C:\Users\dsbog\centralreform.live\sheet-music-app-auditor-validation\node_modules\next\dist\shared\lib\router\utils\app-paths.js|app-pages-browser

Import trace for requested module:
../sheet-music-app-auditor-validation/node_modules/next/dist/shared/lib/page-path/ensure-leading-slash.js
../sheet-music-app-auditor-validation/node_modules/next/dist/shared/lib/router/utils/app-paths.js
../sheet-music-app-auditor-validation/node_modules/next/dist/shared/lib/router/utils/interception-routes.js
../sheet-music-app-auditor-validation/node_modules/next/dist/client/components/router-reducer/compute-changed-path.js
../sheet-music-app-auditor-validation/node_modules/next/dist/client/components/router-reducer/create-initial-router-state.js
../sheet-music-app-auditor-validation/node_modules/next/dist/client/app-index.js

../sheet-music-app-auditor-validation/node_modules/next/dist/shared/lib/promise-with-resolvers.js
There are multiple modules with names that only differ in casing.
This can lead to unexpected behavior when compiling on a filesystem with other case-semantic.
Use equal casing. Compare these module identifiers:
* javascript/auto|C:\Users\dsbog\centralreform.live\sheet-music-app-auditor-validation\node_modules\next\dist\build\webpack\loaders\next-flight-client-module-loader.js!C:\Users\dsbog\centralreform.live\sheet-music-app-auditor-validation\node_modules\next\dist\build\webpack\loaders\next-swc-loader.js??ruleSet[1].rules[17].oneOf[6].use[1]!C:\Users\dsbog\CentralReform.live\sheet-music-app-auditor-validation\node_modules\next\dist\shared\lib\promise-with-resolvers.js|app-pages-browser
    Used by 2 module(s), i. e.
    javascript/auto|C:\Users\dsbog\centralreform.live\sheet-music-app-auditor-validation\node_modules\next\dist\build\webpack\loaders\next-flight-client-module-loader.js!C:\Users\dsbog\centralreform.live\sheet-music-app-auditor-validation\node_modules\next\dist\build\webpack\loaders\next-swc-loader.js??ruleSet[1].rules[17].oneOf[6].use[1]!C:\Users\dsbog\CentralReform.live\sheet-music-app-auditor-validation\node_modules\next\dist\client\components\segment-cache\cache.js|app-pages-browser
* javascript/auto|C:\Users\dsbog\centralreform.live\sheet-music-app-auditor-validation\node_modules\next\dist\build\webpack\loaders\next-flight-client-module-loader.js!C:\Users\dsbog\centralreform.live\sheet-music-app-auditor-validation\node_modules\next\dist\build\webpack\loaders\next-swc-loader.js??ruleSet[1].rules[17].oneOf[6].use[1]!C:\Users\dsbog\centralreform.live\sheet-music-app-auditor-validation\node_modules\next\dist\shared\lib\promise-with-resolvers.js|app-pages-browser
    Used by 1 module(s), i. e.
    javascript/auto|C:\Users\dsbog\centralreform.live\sheet-music-app-auditor-validation\node_modules\next\dist\build\webpack\loaders\next-flight-client-module-loader.js!C:\Users\dsbog\centralreform.live\sheet-music-app-auditor-validation\node_modules\next\dist\build\webpack\loaders\next-swc-loader.js??ruleSet[1].rules[17].oneOf[6].use[1]!C:\Users\dsbog\centralreform.live\sheet-music-app-auditor-validation\node_modules\next\dist\client\components\segment-cache\cache.js|app-pages-browser

Import trace for requested module:
../sheet-music-app-auditor-validation/node_modules/next/dist/shared/lib/promise-with-resolvers.js
../sheet-music-app-auditor-validation/node_modules/next/dist/client/components/segment-cache/cache.js
../sheet-music-app-auditor-validation/node_modules/next/dist/client/components/router-reducer/create-initial-router-state.js
../sheet-music-app-auditor-validation/node_modules/next/dist/client/app-index.js

../sheet-music-app-auditor-validation/node_modules/next/dist/shared/lib/router/utils/add-path-prefix.js
There are multiple modules with names that only differ in casing.
This can lead to unexpected behavior when compiling on a filesystem with other case-semantic.
Use equal casing. Compare these module identifiers:
* javascript/auto|C:\Users\dsbog\centralreform.live\sheet-music-app-auditor-validation\node_modules\next\dist\build\webpack\loaders\next-flight-client-module-loader.js!C:\Users\dsbog\centralreform.live\sheet-music-app-auditor-validation\node_modules\next\dist\build\webpack\loaders\next-swc-loader.js??ruleSet[1].rules[17].oneOf[6].use[1]!C:\Users\dsbog\CentralReform.live\sheet-music-app-auditor-validation\node_modules\next\dist\shared\lib\router\utils\add-path-prefix.js|app-pages-browser
    Used by 1 module(s), i. e.
    javascript/auto|C:\Users\dsbog\centralreform.live\sheet-music-app-auditor-validation\node_modules\next\dist\build\webpack\loaders\next-flight-client-module-loader.js!C:\Users\dsbog\centralreform.live\sheet-music-app-auditor-validation\node_modules\next\dist\build\webpack\loaders\next-swc-loader.js??ruleSet[1].rules[17].oneOf[6].use[1]!C:\Users\dsbog\CentralReform.live\sheet-music-app-auditor-validation\node_modules\next\dist\client\add-base-path.js|app-pages-browser
* javascript/auto|C:\Users\dsbog\centralreform.live\sheet-music-app-auditor-validation\node_modules\next\dist\build\webpack\loaders\next-flight-client-module-loader.js!C:\Users\dsbog\centralreform.live\sheet-music-app-auditor-validation\node_modules\next\dist\build\webpack\loaders\next-swc-loader.js??ruleSet[1].rules[17].oneOf[6].use[1]!C:\Users\dsbog\centralreform.live\sheet-music-app-auditor-validation\node_modules\next\dist\shared\lib\router\utils\add-path-prefix.js|app-pages-browser
    Used by 3 module(s), i. e.
    javascript/auto|C:\Users\dsbog\centralreform.live\sheet-music-app-auditor-validation\node_modules\next\dist\build\webpack\loaders\next-flight-client-module-loader.js!C:\Users\dsbog\centralreform.live\sheet-music-app-auditor-validation\node_modules\next\dist\build\webpack\loaders\next-swc-loader.js??ruleSet[1].rules[17].oneOf[6].use[1]!C:\Users\dsbog\centralreform.live\sheet-music-app-auditor-validation\node_modules\next\dist\client\add-base-path.js|app-pages-browser

Import trace for requested module:
../sheet-music-app-auditor-validation/node_modules/next/dist/shared/lib/router/utils/add-path-prefix.js
../sheet-music-app-auditor-validation/node_modules/next/dist/client/add-base-path.js
../sheet-music-app-auditor-validation/node_modules/next/dist/client/components/app-router-instance.js
../sheet-music-app-auditor-validation/node_modules/next/dist/client/app-index.js

../sheet-music-app-auditor-validation/node_modules/next/dist/shared/lib/router/utils/app-paths.js
There are multiple modules with names that only differ in casing.
This can lead to unexpected behavior when compiling on a filesystem with other case-semantic.
Use equal casing. Compare these module identifiers:
* javascript/auto|C:\Users\dsbog\centralreform.live\sheet-music-app-auditor-validation\node_modules\next\dist\build\webpack\loaders\next-flight-client-module-loader.js!C:\Users\dsbog\centralreform.live\sheet-music-app-auditor-validation\node_modules\next\dist\build\webpack\loaders\next-swc-loader.js??ruleSet[1].rules[17].oneOf[6].use[1]!C:\Users\dsbog\CentralReform.live\sheet-music-app-auditor-validation\node_modules\next\dist\shared\lib\router\utils\app-paths.js|app-pages-browser
    Used by 2 module(s), i. e.
    javascript/auto|C:\Users\dsbog\centralreform.live\sheet-music-app-auditor-validation\node_modules\next\dist\build\webpack\loaders\next-flight-client-module-loader.js!C:\Users\dsbog\centralreform.live\sheet-music-app-auditor-validation\node_modules\next\dist\build\webpack\loaders\next-swc-loader.js??ruleSet[1].rules[17].oneOf[6].use[1]!C:\Users\dsbog\CentralReform.live\sheet-music-app-auditor-validation\node_modules\next\dist\shared\lib\router\utils\interception-routes.js|app-pages-browser
* javascript/auto|C:\Users\dsbog\centralreform.live\sheet-music-app-auditor-validation\node_modules\next\dist\build\webpack\loaders\next-flight-client-module-loader.js!C:\Users\dsbog\centralreform.live\sheet-music-app-auditor-validation\node_modules\next\dist\build\webpack\loaders\next-swc-loader.js??ruleSet[1].rules[17].oneOf[6].use[1]!C:\Users\dsbog\centralreform.live\sheet-music-app-auditor-validation\node_modules\next\dist\shared\lib\router\utils\app-paths.js|app-pages-browser
    Used by 3 module(s), i. e.
    javascript/auto|C:\Users\dsbog\centralreform.live\sheet-music-app-auditor-validation\node_modules\next\dist\build\webpack\loaders\next-flight-client-module-loader.js!C:\Users\dsbog\centralreform.live\sheet-music-app-auditor-validation\node_modules\next\dist\build\webpack\loaders\next-swc-loader.js??ruleSet[1].rules[17].oneOf[6].use[1]!C:\Users\dsbog\centralreform.live\sheet-music-app-auditor-validation\node_modules\next\dist\client\components\layout-router.js|app-pages-browser

Import trace for requested module:
../sheet-music-app-auditor-validation/node_modules/next/dist/shared/lib/router/utils/app-paths.js
../sheet-music-app-auditor-validation/node_modules/next/dist/shared/lib/router/utils/interception-routes.js
../sheet-music-app-auditor-validation/node_modules/next/dist/client/components/router-reducer/compute-changed-path.js
../sheet-music-app-auditor-validation/node_modules/next/dist/client/components/router-reducer/create-initial-router-state.js
../sheet-music-app-auditor-validation/node_modules/next/dist/client/app-index.js

../sheet-music-app-auditor-validation/node_modules/next/dist/shared/lib/router/utils/cache-busting-search-param.js
There are multiple modules with names that only differ in casing.
This can lead to unexpected behavior when compiling on a filesystem with other case-semantic.
Use equal casing. Compare these module identifiers:
* javascript/auto|C:\Users\dsbog\centralreform.live\sheet-music-app-auditor-validation\node_modules\next\dist\build\webpack\loaders\next-flight-client-module-loader.js!C:\Users\dsbog\centralreform.live\sheet-music-app-auditor-validation\node_modules\next\dist\build\webpack\loaders\next-swc-loader.js??ruleSet[1].rules[17].oneOf[6].use[1]!C:\Users\dsbog\CentralReform.live\sheet-music-app-auditor-validation\node_modules\next\dist\shared\lib\router\utils\cache-busting-search-param.js|app-pages-browser
    Used by 2 module(s), i. e.
    javascript/auto|C:\Users\dsbog\centralreform.live\sheet-music-app-auditor-validation\node_modules\next\dist\build\webpack\loaders\next-flight-client-module-loader.js!C:\Users\dsbog\centralreform.live\sheet-music-app-auditor-validation\node_modules\next\dist\build\webpack\loaders\next-swc-loader.js??ruleSet[1].rules[17].oneOf[6].use[1]!C:\Users\dsbog\CentralReform.live\sheet-music-app-auditor-validation\node_modules\next\dist\client\components\router-reducer\set-cache-busting-search-param.js|app-pages-browser
* javascript/auto|C:\Users\dsbog\centralreform.live\sheet-music-app-auditor-validation\node_modules\next\dist\build\webpack\loaders\next-flight-client-module-loader.js!C:\Users\dsbog\centralreform.live\sheet-music-app-auditor-validation\node_modules\next\dist\build\webpack\loaders\next-swc-loader.js??ruleSet[1].rules[17].oneOf[6].use[1]!C:\Users\dsbog\centralreform.live\sheet-music-app-auditor-validation\node_modules\next\dist\shared\lib\router\utils\cache-busting-search-param.js|app-pages-browser
    Used by 2 module(s), i. e.
    javascript/auto|C:\Users\dsbog\centralreform.live\sheet-music-app-auditor-validation\node_modules\next\dist\build\webpack\loaders\next-flight-client-module-loader.js!C:\Users\dsbog\centralreform.live\sheet-music-app-auditor-validation\node_modules\next\dist\build\webpack\loaders\next-swc-loader.js??ruleSet[1].rules[17].oneOf[6].use[1]!C:\Users\dsbog\centralreform.live\sheet-music-app-auditor-validation\node_modules\next\dist\client\components\router-reducer\set-cache-busting-search-param.js|app-pages-browser

Import trace for requested module:
../sheet-music-app-auditor-validation/node_modules/next/dist/shared/lib/router/utils/cache-busting-search-param.js
../sheet-music-app-auditor-validation/node_modules/next/dist/client/components/router-reducer/set-cache-busting-search-param.js
../sheet-music-app-auditor-validation/node_modules/next/dist/client/components/router-reducer/fetch-server-response.js
../sheet-music-app-auditor-validation/node_modules/next/dist/client/components/router-reducer/create-initial-router-state.js
../sheet-music-app-auditor-validation/node_modules/next/dist/client/app-index.js

../sheet-music-app-auditor-validation/node_modules/next/dist/shared/lib/router/utils/html-bots.js
There are multiple modules with names that only differ in casing.
This can lead to unexpected behavior when compiling on a filesystem with other case-semantic.
Use equal casing. Compare these module identifiers:
* javascript/auto|C:\Users\dsbog\centralreform.live\sheet-music-app-auditor-validation\node_modules\next\dist\build\webpack\loaders\next-flight-client-module-loader.js!C:\Users\dsbog\centralreform.live\sheet-music-app-auditor-validation\node_modules\next\dist\build\webpack\loaders\next-swc-loader.js??ruleSet[1].rules[17].oneOf[6].use[1]!C:\Users\dsbog\CentralReform.live\sheet-music-app-auditor-validation\node_modules\next\dist\shared\lib\router\utils\html-bots.js|app-pages-browser
    Used by 1 module(s), i. e.
    javascript/auto|C:\Users\dsbog\centralreform.live\sheet-music-app-auditor-validation\node_modules\next\dist\build\webpack\loaders\next-flight-client-module-loader.js!C:\Users\dsbog\centralreform.live\sheet-music-app-auditor-validation\node_modules\next\dist\build\webpack\loaders\next-swc-loader.js??ruleSet[1].rules[17].oneOf[6].use[1]!C:\Users\dsbog\CentralReform.live\sheet-music-app-auditor-validation\node_modules\next\dist\shared\lib\router\utils\is-bot.js|app-pages-browser
* javascript/auto|C:\Users\dsbog\centralreform.live\sheet-music-app-auditor-validation\node_modules\next\dist\build\webpack\loaders\next-flight-client-module-loader.js!C:\Users\dsbog\centralreform.live\sheet-music-app-auditor-validation\node_modules\next\dist\build\webpack\loaders\next-swc-loader.js??ruleSet[1].rules[17].oneOf[6].use[1]!C:\Users\dsbog\centralreform.live\sheet-music-app-auditor-validation\node_modules\next\dist\shared\lib\router\utils\html-bots.js|app-pages-browser
    Used by 1 module(s), i. e.
    javascript/auto|C:\Users\dsbog\centralreform.live\sheet-music-app-auditor-validation\node_modules\next\dist\build\webpack\loaders\next-flight-client-module-loader.js!C:\Users\dsbog\centralreform.live\sheet-music-app-auditor-validation\node_modules\next\dist\build\webpack\loaders\next-swc-loader.js??ruleSet[1].rules[17].oneOf[6].use[1]!C:\Users\dsbog\centralreform.live\sheet-music-app-auditor-validation\node_modules\next\dist\shared\lib\router\utils\is-bot.js|app-pages-browser

Import trace for requested module:
../sheet-music-app-auditor-validation/node_modules/next/dist/shared/lib/router/utils/html-bots.js
../sheet-music-app-auditor-validation/node_modules/next/dist/shared/lib/router/utils/is-bot.js
../sheet-music-app-auditor-validation/node_modules/next/dist/client/components/error-boundary.js
../sheet-music-app-auditor-validation/node_modules/next/dist/client/react-client-callbacks/error-boundary-callbacks.js
../sheet-music-app-auditor-validation/node_modules/next/dist/client/app-index.js

../sheet-music-app-auditor-validation/node_modules/next/dist/shared/lib/router/utils/interception-routes.js
There are multiple modules with names that only differ in casing.
This can lead to unexpected behavior when compiling on a filesystem with other case-semantic.
Use equal casing. Compare these module identifiers:
* javascript/auto|C:\Users\dsbog\centralreform.live\sheet-music-app-auditor-validation\node_modules\next\dist\build\webpack\loaders\next-flight-client-module-loader.js!C:\Users\dsbog\centralreform.live\sheet-music-app-auditor-validation\node_modules\next\dist\build\webpack\loaders\next-swc-loader.js??ruleSet[1].rules[17].oneOf[6].use[1]!C:\Users\dsbog\CentralReform.live\sheet-music-app-auditor-validation\node_modules\next\dist\shared\lib\router\utils\interception-routes.js|app-pages-browser
    Used by 3 module(s), i. e.
    javascript/auto|C:\Users\dsbog\centralreform.live\sheet-music-app-auditor-validation\node_modules\next\dist\build\webpack\loaders\next-flight-client-module-loader.js!C:\Users\dsbog\centralreform.live\sheet-music-app-auditor-validation\node_modules\next\dist\build\webpack\loaders\next-swc-loader.js??ruleSet[1].rules[17].oneOf[6].use[1]!C:\Users\dsbog\CentralReform.live\sheet-music-app-auditor-validation\node_modules\next\dist\client\components\router-reducer\compute-changed-path.js|app-pages-browser
* javascript/auto|C:\Users\dsbog\centralreform.live\sheet-music-app-auditor-validation\node_modules\next\dist\build\webpack\loaders\next-flight-client-module-loader.js!C:\Users\dsbog\centralreform.live\sheet-music-app-auditor-validation\node_modules\next\dist\build\webpack\loaders\next-swc-loader.js??ruleSet[1].rules[17].oneOf[6].use[1]!C:\Users\dsbog\centralreform.live\sheet-music-app-auditor-validation\node_modules\next\dist\shared\lib\router\utils\interception-routes.js|app-pages-browser
    Used by 7 module(s), i. e.
    javascript/auto|C:\Users\dsbog\centralreform.live\sheet-music-app-auditor-validation\node_modules\next\dist\build\webpack\loaders\next-flight-client-module-loader.js!C:\Users\dsbog\centralreform.live\sheet-music-app-auditor-validation\node_modules\next\dist\build\webpack\loaders\next-swc-loader.js??ruleSet[1].rules[17].oneOf[6].use[1]!C:\Users\dsbog\centralreform.live\sheet-music-app-auditor-validation\node_modules\next\dist\client\components\router-reducer\compute-changed-path.js|app-pages-browser

Import trace for requested module:
../sheet-music-app-auditor-validation/node_modules/next/dist/shared/lib/router/utils/interception-routes.js
../sheet-music-app-auditor-validation/node_modules/next/dist/client/components/router-reducer/compute-changed-path.js
../sheet-music-app-auditor-validation/node_modules/next/dist/client/components/router-reducer/create-initial-router-state.js
../sheet-music-app-auditor-validation/node_modules/next/dist/client/app-index.js

../sheet-music-app-auditor-validation/node_modules/next/dist/shared/lib/router/utils/is-bot.js
There are multiple modules with names that only differ in casing.
This can lead to unexpected behavior when compiling on a filesystem with other case-semantic.
Use equal casing. Compare these module identifiers:
* javascript/auto|C:\Users\dsbog\centralreform.live\sheet-music-app-auditor-validation\node_modules\next\dist\build\webpack\loaders\next-flight-client-module-loader.js!C:\Users\dsbog\centralreform.live\sheet-music-app-auditor-validation\node_modules\next\dist\build\webpack\loaders\next-swc-loader.js??ruleSet[1].rules[17].oneOf[6].use[1]!C:\Users\dsbog\CentralReform.live\sheet-music-app-auditor-validation\node_modules\next\dist\shared\lib\router\utils\is-bot.js|app-pages-browser
    Used by 4 module(s), i. e.
    javascript/auto|C:\Users\dsbog\centralreform.live\sheet-music-app-auditor-validation\node_modules\next\dist\build\webpack\loaders\next-flight-client-module-loader.js!C:\Users\dsbog\centralreform.live\sheet-music-app-auditor-validation\node_modules\next\dist\build\webpack\loaders\next-swc-loader.js??ruleSet[1].rules[17].oneOf[6].use[1]!C:\Users\dsbog\CentralReform.live\sheet-music-app-auditor-validation\node_modules\next\dist\client\components\error-boundary.js|app-pages-browser
* javascript/auto|C:\Users\dsbog\centralreform.live\sheet-music-app-auditor-validation\node_modules\next\dist\build\webpack\loaders\next-flight-client-module-loader.js!C:\Users\dsbog\centralreform.live\sheet-music-app-auditor-validation\node_modules\next\dist\build\webpack\loaders\next-swc-loader.js??ruleSet[1].rules[17].oneOf[6].use[1]!C:\Users\dsbog\centralreform.live\sheet-music-app-auditor-validation\node_modules\next\dist\shared\lib\router\utils\is-bot.js|app-pages-browser
    Used by 5 module(s), i. e.
    javascript/auto|C:\Users\dsbog\centralreform.live\sheet-music-app-auditor-validation\node_modules\next\dist\build\webpack\loaders\next-flight-client-module-loader.js!C:\Users\dsbog\centralreform.live\sheet-music-app-auditor-validation\node_modules\next\dist\build\webpack\loaders\next-swc-loader.js??ruleSet[1].rules[17].oneOf[6].use[1]!C:\Users\dsbog\centralreform.live\sheet-music-app-auditor-validation\node_modules\next\dist\client\components\error-boundary.js|app-pages-browser

Import trace for requested module:
../sheet-music-app-auditor-validation/node_modules/next/dist/shared/lib/router/utils/is-bot.js
../sheet-music-app-auditor-validation/node_modules/next/dist/client/components/error-boundary.js
../sheet-music-app-auditor-validation/node_modules/next/dist/client/react-client-callbacks/error-boundary-callbacks.js
../sheet-music-app-auditor-validation/node_modules/next/dist/client/app-index.js

../sheet-music-app-auditor-validation/node_modules/next/dist/shared/lib/router/utils/parse-path.js
There are multiple modules with names that only differ in casing.
This can lead to unexpected behavior when compiling on a filesystem with other case-semantic.
Use equal casing. Compare these module identifiers:
* javascript/auto|C:\Users\dsbog\centralreform.live\sheet-music-app-auditor-validation\node_modules\next\dist\build\webpack\loaders\next-flight-client-module-loader.js!C:\Users\dsbog\centralreform.live\sheet-music-app-auditor-validation\node_modules\next\dist\build\webpack\loaders\next-swc-loader.js??ruleSet[1].rules[17].oneOf[6].use[1]!C:\Users\dsbog\CentralReform.live\sheet-music-app-auditor-validation\node_modules\next\dist\shared\lib\router\utils\parse-path.js|app-pages-browser
    Used by 3 module(s), i. e.
    javascript/auto|C:\Users\dsbog\centralreform.live\sheet-music-app-auditor-validation\node_modules\next\dist\build\webpack\loaders\next-flight-client-module-loader.js!C:\Users\dsbog\centralreform.live\sheet-music-app-auditor-validation\node_modules\next\dist\build\webpack\loaders\next-swc-loader.js??ruleSet[1].rules[17].oneOf[6].use[1]!C:\Users\dsbog\CentralReform.live\sheet-music-app-auditor-validation\node_modules\next\dist\shared\lib\router\utils\path-has-prefix.js|app-pages-browser
* javascript/auto|C:\Users\dsbog\centralreform.live\sheet-music-app-auditor-validation\node_modules\next\dist\build\webpack\loaders\next-flight-client-module-loader.js!C:\Users\dsbog\centralreform.live\sheet-music-app-auditor-validation\node_modules\next\dist\build\webpack\loaders\next-swc-loader.js??ruleSet[1].rules[17].oneOf[6].use[1]!C:\Users\dsbog\centralreform.live\sheet-music-app-auditor-validation\node_modules\next\dist\shared\lib\router\utils\parse-path.js|app-pages-browser
    Used by 6 module(s), i. e.
    javascript/auto|C:\Users\dsbog\centralreform.live\sheet-music-app-auditor-validation\node_modules\next\dist\build\webpack\loaders\next-flight-client-module-loader.js!C:\Users\dsbog\centralreform.live\sheet-music-app-auditor-validation\node_modules\next\dist\build\webpack\loaders\next-swc-loader.js??ruleSet[1].rules[17].oneOf[6].use[1]!C:\Users\dsbog\centralreform.live\sheet-music-app-auditor-validation\node_modules\next\dist\client\normalize-trailing-slash.js|app-pages-browser

Import trace for requested module:
../sheet-music-app-auditor-validation/node_modules/next/dist/shared/lib/router/utils/parse-path.js
../sheet-music-app-auditor-validation/node_modules/next/dist/shared/lib/router/utils/path-has-prefix.js
../sheet-music-app-auditor-validation/node_modules/next/dist/client/has-base-path.js
../sheet-music-app-auditor-validation/node_modules/next/dist/client/components/app-router.js
../sheet-music-app-auditor-validation/node_modules/next/dist/client/app-index.js

../sheet-music-app-auditor-validation/node_modules/next/dist/shared/lib/router/utils/path-has-prefix.js
There are multiple modules with names that only differ in casing.
This can lead to unexpected behavior when compiling on a filesystem with other case-semantic.
Use equal casing. Compare these module identifiers:
* javascript/auto|C:\Users\dsbog\centralreform.live\sheet-music-app-auditor-validation\node_modules\next\dist\build\webpack\loaders\next-flight-client-module-loader.js!C:\Users\dsbog\centralreform.live\sheet-music-app-auditor-validation\node_modules\next\dist\build\webpack\loaders\next-swc-loader.js??ruleSet[1].rules[17].oneOf[6].use[1]!C:\Users\dsbog\CentralReform.live\sheet-music-app-auditor-validation\node_modules\next\dist\shared\lib\router\utils\path-has-prefix.js|app-pages-browser
    Used by 1 module(s), i. e.
    javascript/auto|C:\Users\dsbog\centralreform.live\sheet-music-app-auditor-validation\node_modules\next\dist\build\webpack\loaders\next-flight-client-module-loader.js!C:\Users\dsbog\centralreform.live\sheet-music-app-auditor-validation\node_modules\next\dist\build\webpack\loaders\next-swc-loader.js??ruleSet[1].rules[17].oneOf[6].use[1]!C:\Users\dsbog\CentralReform.live\sheet-music-app-auditor-validation\node_modules\next\dist\client\has-base-path.js|app-pages-browser
* javascript/auto|C:\Users\dsbog\centralreform.live\sheet-music-app-auditor-validation\node_modules\next\dist\build\webpack\loaders\next-flight-client-module-loader.js!C:\Users\dsbog\centralreform.live\sheet-music-app-auditor-validation\node_modules\next\dist\build\webpack\loaders\next-swc-loader.js??ruleSet[1].rules[17].oneOf[6].use[1]!C:\Users\dsbog\centralreform.live\sheet-music-app-auditor-validation\node_modules\next\dist\shared\lib\router\utils\path-has-prefix.js|app-pages-browser
    Used by 4 module(s), i. e.
    javascript/auto|C:\Users\dsbog\centralreform.live\sheet-music-app-auditor-validation\node_modules\next\dist\build\webpack\loaders\next-flight-client-module-loader.js!C:\Users\dsbog\centralreform.live\sheet-music-app-auditor-validation\node_modules\next\dist\build\webpack\loaders\next-swc-loader.js??ruleSet[1].rules[17].oneOf[6].use[1]!C:\Users\dsbog\centralreform.live\sheet-music-app-auditor-validation\node_modules\next\dist\client\has-base-path.js|app-pages-browser

Import trace for requested module:
../sheet-music-app-auditor-validation/node_modules/next/dist/shared/lib/router/utils/path-has-prefix.js
../sheet-music-app-auditor-validation/node_modules/next/dist/client/has-base-path.js
../sheet-music-app-auditor-validation/node_modules/next/dist/client/components/app-router.js
../sheet-music-app-auditor-validation/node_modules/next/dist/client/app-index.js

../sheet-music-app-auditor-validation/node_modules/next/dist/shared/lib/router/utils/remove-trailing-slash.js
There are multiple modules with names that only differ in casing.
This can lead to unexpected behavior when compiling on a filesystem with other case-semantic.
Use equal casing. Compare these module identifiers:
* javascript/auto|C:\Users\dsbog\centralreform.live\sheet-music-app-auditor-validation\node_modules\next\dist\build\webpack\loaders\next-flight-client-module-loader.js!C:\Users\dsbog\centralreform.live\sheet-music-app-auditor-validation\node_modules\next\dist\build\webpack\loaders\next-swc-loader.js??ruleSet[1].rules[17].oneOf[6].use[1]!C:\Users\dsbog\CentralReform.live\sheet-music-app-auditor-validation\node_modules\next\dist\shared\lib\router\utils\remove-trailing-slash.js|app-pages-browser
    Used by 1 module(s), i. e.
    javascript/auto|C:\Users\dsbog\centralreform.live\sheet-music-app-auditor-validation\node_modules\next\dist\build\webpack\loaders\next-flight-client-module-loader.js!C:\Users\dsbog\centralreform.live\sheet-music-app-auditor-validation\node_modules\next\dist\build\webpack\loaders\next-swc-loader.js??ruleSet[1].rules[17].oneOf[6].use[1]!C:\Users\dsbog\CentralReform.live\sheet-music-app-auditor-validation\node_modules\next\dist\client\normalize-trailing-slash.js|app-pages-browser
* javascript/auto|C:\Users\dsbog\centralreform.live\sheet-music-app-auditor-validation\node_modules\next\dist\build\webpack\loaders\next-flight-client-module-loader.js!C:\Users\dsbog\centralreform.live\sheet-music-app-auditor-validation\node_modules\next\dist\build\webpack\loaders\next-swc-loader.js??ruleSet[1].rules[17].oneOf[6].use[1]!C:\Users\dsbog\centralreform.live\sheet-music-app-auditor-validation\node_modules\next\dist\shared\lib\router\utils\remove-trailing-slash.js|app-pages-browser
    Used by 4 module(s), i. e.
    javascript/auto|C:\Users\dsbog\centralreform.live\sheet-music-app-auditor-validation\node_modules\next\dist\build\webpack\loaders\next-flight-client-module-loader.js!C:\Users\dsbog\centralreform.live\sheet-music-app-auditor-validation\node_modules\next\dist\build\webpack\loaders\next-swc-loader.js??ruleSet[1].rules[17].oneOf[6].use[1]!C:\Users\dsbog\centralreform.live\sheet-music-app-auditor-validation\node_modules\next\dist\client\normalize-trailing-slash.js|app-pages-browser

Import trace for requested module:
../sheet-music-app-auditor-validation/node_modules/next/dist/shared/lib/router/utils/remove-trailing-slash.js
../sheet-music-app-auditor-validation/node_modules/next/dist/client/normalize-trailing-slash.js
../sheet-music-app-auditor-validation/node_modules/next/dist/client/add-base-path.js
../sheet-music-app-auditor-validation/node_modules/next/dist/client/components/app-router-instance.js
../sheet-music-app-auditor-validation/node_modules/next/dist/client/app-index.js

../sheet-music-app-auditor-validation/node_modules/next/dist/shared/lib/segment-cache/segment-value-encoding.js
There are multiple modules with names that only differ in casing.
This can lead to unexpected behavior when compiling on a filesystem with other case-semantic.
Use equal casing. Compare these module identifiers:
* javascript/auto|C:\Users\dsbog\centralreform.live\sheet-music-app-auditor-validation\node_modules\next\dist\build\webpack\loaders\next-flight-client-module-loader.js!C:\Users\dsbog\centralreform.live\sheet-music-app-auditor-validation\node_modules\next\dist\build\webpack\loaders\next-swc-loader.js??ruleSet[1].rules[17].oneOf[6].use[1]!C:\Users\dsbog\CentralReform.live\sheet-music-app-auditor-validation\node_modules\next\dist\shared\lib\segment-cache\segment-value-encoding.js|app-pages-browser
    Used by 4 module(s), i. e.
    javascript/auto|C:\Users\dsbog\centralreform.live\sheet-music-app-auditor-validation\node_modules\next\dist\build\webpack\loaders\next-flight-client-module-loader.js!C:\Users\dsbog\centralreform.live\sheet-music-app-auditor-validation\node_modules\next\dist\build\webpack\loaders\next-swc-loader.js??ruleSet[1].rules[17].oneOf[6].use[1]!C:\Users\dsbog\CentralReform.live\sheet-music-app-auditor-validation\node_modules\next\dist\client\route-params.js|app-pages-browser
* javascript/auto|C:\Users\dsbog\centralreform.live\sheet-music-app-auditor-validation\node_modules\next\dist\build\webpack\loaders\next-flight-client-module-loader.js!C:\Users\dsbog\centralreform.live\sheet-music-app-auditor-validation\node_modules\next\dist\build\webpack\loaders\next-swc-loader.js??ruleSet[1].rules[17].oneOf[6].use[1]!C:\Users\dsbog\centralreform.live\sheet-music-app-auditor-validation\node_modules\next\dist\shared\lib\segment-cache\segment-value-encoding.js|app-pages-browser
    Used by 4 module(s), i. e.
    javascript/auto|C:\Users\dsbog\centralreform.live\sheet-music-app-auditor-validation\node_modules\next\dist\build\webpack\loaders\next-flight-client-module-loader.js!C:\Users\dsbog\centralreform.live\sheet-music-app-auditor-validation\node_modules\next\dist\build\webpack\loaders\next-swc-loader.js??ruleSet[1].rules[17].oneOf[6].use[1]!C:\Users\dsbog\centralreform.live\sheet-music-app-auditor-validation\node_modules\next\dist\client\route-params.js|app-pages-browser

Import trace for requested module:
../sheet-music-app-auditor-validation/node_modules/next/dist/shared/lib/segment-cache/segment-value-encoding.js
../sheet-music-app-auditor-validation/node_modules/next/dist/client/route-params.js
../sheet-music-app-auditor-validation/node_modules/next/dist/client/flight-data-helpers.js
../sheet-music-app-auditor-validation/node_modules/next/dist/client/app-index.js

../sheet-music-app-auditor-validation/node_modules/next/dist/shared/lib/segment-cache/vary-params-decoding.js
There are multiple modules with names that only differ in casing.
This can lead to unexpected behavior when compiling on a filesystem with other case-semantic.
Use equal casing. Compare these module identifiers:
* javascript/auto|C:\Users\dsbog\centralreform.live\sheet-music-app-auditor-validation\node_modules\next\dist\build\webpack\loaders\next-flight-client-module-loader.js!C:\Users\dsbog\centralreform.live\sheet-music-app-auditor-validation\node_modules\next\dist\build\webpack\loaders\next-swc-loader.js??ruleSet[1].rules[17].oneOf[6].use[1]!C:\Users\dsbog\CentralReform.live\sheet-music-app-auditor-validation\node_modules\next\dist\shared\lib\segment-cache\vary-params-decoding.js|app-pages-browser
    Used by 1 module(s), i. e.
    javascript/auto|C:\Users\dsbog\centralreform.live\sheet-music-app-auditor-validation\node_modules\next\dist\build\webpack\loaders\next-flight-client-module-loader.js!C:\Users\dsbog\centralreform.live\sheet-music-app-auditor-validation\node_modules\next\dist\build\webpack\loaders\next-swc-loader.js??ruleSet[1].rules[17].oneOf[6].use[1]!C:\Users\dsbog\CentralReform.live\sheet-music-app-auditor-validation\node_modules\next\dist\client\components\segment-cache\cache.js|app-pages-browser
* javascript/auto|C:\Users\dsbog\centralreform.live\sheet-music-app-auditor-validation\node_modules\next\dist\build\webpack\loaders\next-flight-client-module-loader.js!C:\Users\dsbog\centralreform.live\sheet-music-app-auditor-validation\node_modules\next\dist\build\webpack\loaders\next-swc-loader.js??ruleSet[1].rules[17].oneOf[6].use[1]!C:\Users\dsbog\centralreform.live\sheet-music-app-auditor-validation\node_modules\next\dist\shared\lib\segment-cache\vary-params-decoding.js|app-pages-browser
    Used by 1 module(s), i. e.
    javascript/auto|C:\Users\dsbog\centralreform.live\sheet-music-app-auditor-validation\node_modules\next\dist\build\webpack\loaders\next-flight-client-module-loader.js!C:\Users\dsbog\centralreform.live\sheet-music-app-auditor-validation\node_modules\next\dist\build\webpack\loaders\next-swc-loader.js??ruleSet[1].rules[17].oneOf[6].use[1]!C:\Users\dsbog\centralreform.live\sheet-music-app-auditor-validation\node_modules\next\dist\client\components\segment-cache\cache.js|app-pages-browser

Import trace for requested module:
../sheet-music-app-auditor-validation/node_modules/next/dist/shared/lib/segment-cache/vary-params-decoding.js
../sheet-music-app-auditor-validation/node_modules/next/dist/client/components/segment-cache/cache.js
../sheet-music-app-auditor-validation/node_modules/next/dist/client/components/router-reducer/create-initial-router-state.js
../sheet-music-app-auditor-validation/node_modules/next/dist/client/app-index.js

../sheet-music-app-auditor-validation/node_modules/next/dist/shared/lib/segment.js
There are multiple modules with names that only differ in casing.
This can lead to unexpected behavior when compiling on a filesystem with other case-semantic.
Use equal casing. Compare these module identifiers:
* javascript/auto|C:\Users\dsbog\centralreform.live\sheet-music-app-auditor-validation\node_modules\next\dist\build\webpack\loaders\next-flight-client-module-loader.js!C:\Users\dsbog\centralreform.live\sheet-music-app-auditor-validation\node_modules\next\dist\build\webpack\loaders\next-swc-loader.js??ruleSet[1].rules[17].oneOf[6].use[1]!C:\Users\dsbog\CentralReform.live\sheet-music-app-auditor-validation\node_modules\next\dist\shared\lib\segment.js|app-pages-browser
    Used by 12 module(s), i. e.
    javascript/auto|C:\Users\dsbog\centralreform.live\sheet-music-app-auditor-validation\node_modules\next\dist\build\webpack\loaders\next-flight-client-module-loader.js!C:\Users\dsbog\centralreform.live\sheet-music-app-auditor-validation\node_modules\next\dist\build\webpack\loaders\next-swc-loader.js??ruleSet[1].rules[17].oneOf[6].use[1]!C:\Users\dsbog\CentralReform.live\sheet-music-app-auditor-validation\node_modules\next\dist\client\flight-data-helpers.js|app-pages-browser
* javascript/auto|C:\Users\dsbog\centralreform.live\sheet-music-app-auditor-validation\node_modules\next\dist\build\webpack\loaders\next-flight-client-module-loader.js!C:\Users\dsbog\centralreform.live\sheet-music-app-auditor-validation\node_modules\next\dist\build\webpack\loaders\next-swc-loader.js??ruleSet[1].rules[17].oneOf[6].use[1]!C:\Users\dsbog\centralreform.live\sheet-music-app-auditor-validation\node_modules\next\dist\shared\lib\segment.js|app-pages-browser
    Used by 13 module(s), i. e.
    javascript/auto|C:\Users\dsbog\centralreform.live\sheet-music-app-auditor-validation\node_modules\next\dist\build\webpack\loaders\next-flight-client-module-loader.js!C:\Users\dsbog\centralreform.live\sheet-music-app-auditor-validation\node_modules\next\dist\build\webpack\loaders\next-swc-loader.js??ruleSet[1].rules[17].oneOf[6].use[1]!C:\Users\dsbog\centralreform.live\sheet-music-app-auditor-validation\node_modules\next\dist\client\route-params.js|app-pages-browser

Import trace for requested module:
../sheet-music-app-auditor-validation/node_modules/next/dist/shared/lib/segment.js
../sheet-music-app-auditor-validation/node_modules/next/dist/client/flight-data-helpers.js
../sheet-music-app-auditor-validation/node_modules/next/dist/client/app-index.js

../sheet-music-app-auditor-validation/node_modules/next/dist/shared/lib/server-inserted-html.shared-runtime.js
There are multiple modules with names that only differ in casing.
This can lead to unexpected behavior when compiling on a filesystem with other case-semantic.
Use equal casing. Compare these module identifiers:
* javascript/auto|C:\Users\dsbog\centralreform.live\sheet-music-app-auditor-validation\node_modules\next\dist\build\webpack\loaders\next-flight-client-module-loader.js!C:\Users\dsbog\centralreform.live\sheet-music-app-auditor-validation\node_modules\next\dist\build\webpack\loaders\next-swc-loader.js??ruleSet[1].rules[17].oneOf[6].use[1]!C:\Users\dsbog\CentralReform.live\sheet-music-app-auditor-validation\node_modules\next\dist\shared\lib\server-inserted-html.shared-runtime.js|app-pages-browser
    Used by 2 module(s), i. e.
    javascript/auto|C:\Users\dsbog\centralreform.live\sheet-music-app-auditor-validation\node_modules\next\dist\build\webpack\loaders\next-flight-client-module-loader.js!C:\Users\dsbog\centralreform.live\sheet-music-app-auditor-validation\node_modules\next\dist\build\webpack\loaders\next-swc-loader.js??ruleSet[1].rules[17].oneOf[6].use[1]!C:\Users\dsbog\CentralReform.live\sheet-music-app-auditor-validation\node_modules\next\dist\client\components\navigation.js|app-pages-browser
* javascript/auto|C:\Users\dsbog\centralreform.live\sheet-music-app-auditor-validation\node_modules\next\dist\build\webpack\loaders\next-flight-client-module-loader.js!C:\Users\dsbog\centralreform.live\sheet-music-app-auditor-validation\node_modules\next\dist\build\webpack\loaders\next-swc-loader.js??ruleSet[1].rules[17].oneOf[6].use[1]!C:\Users\dsbog\centralreform.live\sheet-music-app-auditor-validation\node_modules\next\dist\shared\lib\server-inserted-html.shared-runtime.js|app-pages-browser
    Used by 2 module(s), i. e.
    javascript/auto|C:\Users\dsbog\centralreform.live\sheet-music-app-auditor-validation\node_modules\next\dist\build\webpack\loaders\next-flight-client-module-loader.js!C:\Users\dsbog\centralreform.live\sheet-music-app-auditor-validation\node_modules\next\dist\build\webpack\loaders\next-swc-loader.js??ruleSet[1].rules[17].oneOf[6].use[1]!C:\Users\dsbog\centralreform.live\sheet-music-app-auditor-validation\node_modules\next\dist\client\components\navigation.js|app-pages-browser

Import trace for requested module:
../sheet-music-app-auditor-validation/node_modules/next/dist/shared/lib/server-inserted-html.shared-runtime.js
../sheet-music-app-auditor-validation/node_modules/next/dist/client/components/navigation.js
../sheet-music-app-auditor-validation/node_modules/next/dist/client/components/redirect-boundary.js
../sheet-music-app-auditor-validation/node_modules/next/dist/client/components/app-router.js
../sheet-music-app-auditor-validation/node_modules/next/dist/client/app-index.js

../sheet-music-app-auditor-validation/node_modules/next/dist/shared/lib/server-reference-info.js
There are multiple modules with names that only differ in casing.
This can lead to unexpected behavior when compiling on a filesystem with other case-semantic.
Use equal casing. Compare these module identifiers:
* javascript/auto|C:\Users\dsbog\centralreform.live\sheet-music-app-auditor-validation\node_modules\next\dist\build\webpack\loaders\next-flight-client-module-loader.js!C:\Users\dsbog\centralreform.live\sheet-music-app-auditor-validation\node_modules\next\dist\build\webpack\loaders\next-swc-loader.js??ruleSet[1].rules[17].oneOf[6].use[1]!C:\Users\dsbog\CentralReform.live\sheet-music-app-auditor-validation\node_modules\next\dist\shared\lib\server-reference-info.js|app-pages-browser
    Used by 2 module(s), i. e.
    javascript/auto|C:\Users\dsbog\centralreform.live\sheet-music-app-auditor-validation\node_modules\next\dist\build\webpack\loaders\next-flight-client-module-loader.js!C:\Users\dsbog\centralreform.live\sheet-music-app-auditor-validation\node_modules\next\dist\build\webpack\loaders\next-swc-loader.js??ruleSet[1].rules[17].oneOf[6].use[1]!C:\Users\dsbog\CentralReform.live\sheet-music-app-auditor-validation\node_modules\next\dist\client\components\router-reducer\reducers\server-action-reducer.js|app-pages-browser
* javascript/auto|C:\Users\dsbog\centralreform.live\sheet-music-app-auditor-validation\node_modules\next\dist\build\webpack\loaders\next-flight-client-module-loader.js!C:\Users\dsbog\centralreform.live\sheet-music-app-auditor-validation\node_modules\next\dist\build\webpack\loaders\next-swc-loader.js??ruleSet[1].rules[17].oneOf[6].use[1]!C:\Users\dsbog\centralreform.live\sheet-music-app-auditor-validation\node_modules\next\dist\shared\lib\server-reference-info.js|app-pages-browser
    Used by 2 module(s), i. e.
    javascript/auto|C:\Users\dsbog\centralreform.live\sheet-music-app-auditor-validation\node_modules\next\dist\build\webpack\loaders\next-flight-client-module-loader.js!C:\Users\dsbog\centralreform.live\sheet-music-app-auditor-validation\node_modules\next\dist\build\webpack\loaders\next-swc-loader.js??ruleSet[1].rules[17].oneOf[6].use[1]!C:\Users\dsbog\centralreform.live\sheet-music-app-auditor-validation\node_modules\next\dist\client\components\router-reducer\reducers\server-action-reducer.js|app-pages-browser

Import trace for requested module:
../sheet-music-app-auditor-validation/node_modules/next/dist/shared/lib/server-reference-info.js
../sheet-music-app-auditor-validation/node_modules/next/dist/client/components/router-reducer/reducers/server-action-reducer.js
../sheet-music-app-auditor-validation/node_modules/next/dist/client/components/router-reducer/router-reducer.js
../sheet-music-app-auditor-validation/node_modules/next/dist/client/components/app-router-instance.js
../sheet-music-app-auditor-validation/node_modules/next/dist/client/app-index.js

../sheet-music-app-auditor-validation/node_modules/@protobufjs/inquire/index.js
Critical dependency: the request of a dependency is an expression

Import trace for requested module:
../sheet-music-app-auditor-validation/node_modules/@protobufjs/inquire/index.js
../sheet-music-app-auditor-validation/node_modules/protobufjs/src/util/minimal.js
../sheet-music-app-auditor-validation/node_modules/protobufjs/src/index-minimal.js
../sheet-music-app-auditor-validation/node_modules/protobufjs/src/index-light.js
../sheet-music-app-auditor-validation/node_modules/protobufjs/src/index.js
../sheet-music-app-auditor-validation/node_modules/protobufjs/index.js
../sheet-music-app-auditor-validation/node_modules/@grpc/proto-loader/build/src/index.js
../sheet-music-app-auditor-validation/node_modules/@firebase/firestore/dist/index.node.mjs
../sheet-music-app-auditor-validation/node_modules/firebase/firestore/dist/index.mjs
./src/lib/musician-profile.ts
./src/app/api/scheduling/suggest-band/route.ts

../sheet-music-app-auditor-validation/node_modules/libheif-js/libheif-wasm/libheif-bundle.js
Critical dependency: require function is used in a way in which dependencies cannot be statically extracted

Import trace for requested module:
../sheet-music-app-auditor-validation/node_modules/libheif-js/libheif-wasm/libheif-bundle.js
../sheet-music-app-auditor-validation/node_modules/libheif-js/wasm-bundle.js
../sheet-music-app-auditor-validation/node_modules/heic-decode/index.js
../sheet-music-app-auditor-validation/node_modules/heic-convert/index.js
./src/lib/library-upload.ts
./src/app/api/library/upload/route.ts

  Running TypeScript ...
  Finished TypeScript in 15.5s ...
  Collecting page data using 15 workers ...
Firestore: restricted-storage detected (likely incognito) — using memory cache, no offline persistence
Firestore: restricted-storage detected (likely incognito) — using memory cache, no offline persistence
  Generating static pages using 15 workers (0/93) ...
Firestore: restricted-storage detected (likely incognito) — using memory cache, no offline persistence
  Generating static pages using 15 workers (23/93) 
Firestore: restricted-storage detected (likely incognito) — using memory cache, no offline persistence
Firestore: restricted-storage detected (likely incognito) — using memory cache, no offline persistence
  Generating static pages using 15 workers (46/93) 
  Generating static pages using 15 workers (69/93) 
✓ Generating static pages using 15 workers (93/93) in 2.4s
  Finalizing page optimization ...
  Collecting build traces ...

Route (app)
┌ ƒ /
├ ƒ /_not-found
├ ƒ /.well-known/oauth-authorization-server
├ ƒ /.well-known/oauth-protected-resource
├ ƒ /accessibility
├ ƒ /admin
├ ƒ /api/[...catchall]
├ ƒ /api/admin/delete-user
├ ƒ /api/admin/library-review/accept
├ ƒ /api/admin/library-review/dismiss
├ ƒ /api/admin/library-review/edit
├ ƒ /api/admin/library-review/queue
├ ƒ /api/admin/library-review/reject
├ ƒ /api/admin/library-review/retry
├ ƒ /api/admin/migrations
├ ƒ /api/admin/set-role
├ ƒ /api/admin/set-sound-engineer
├ ƒ /api/admin/set-upload-permission
├ ƒ /api/ai/chord-validate
├ ƒ /api/ai/omr
├ ƒ /api/ai/transposer
├ ƒ /api/ai/transposer/scan
├ ƒ /api/auth/qr
├ ƒ /api/auth/refresh-session
├ ƒ /api/auth/session
├ ƒ /api/auth/sync-claims
├ ƒ /api/auth/test-session
├ ƒ /api/bridge/setup-code
├ ƒ /api/charts/scrape
├ ƒ /api/charts/search
├ ƒ /api/cron/admin-consistency
├ ƒ /api/cron/aggregate-corrections
├ ƒ /api/cron/ai-enrich-retry
├ ƒ /api/cron/backup
├ ƒ /api/cron/drive-sync
├ ƒ /api/cron/enrich
├ ƒ /api/cron/scheduling-reminder
├ ƒ /api/cron/storage-backup
├ ƒ /api/cron/verify-chart-bond-health
├ ƒ /api/drive/file/[fileId]
├ ƒ /api/drive/health
├ ƒ /api/drive/metadata
├ ƒ /api/drive/save
├ ƒ /api/health
├ ƒ /api/inngest
├ ƒ /api/library/archive
├ ƒ /api/library/chord-cache
├ ƒ /api/library/detect-key
├ ƒ /api/library/file/[id]
├ ƒ /api/library/list
├ ƒ /api/library/rename
├ ƒ /api/library/search-content
├ ƒ /api/library/sync
├ ƒ /api/library/upload
├ ƒ /api/library/usage
├ ƒ /api/mcp
├ ƒ /api/mcp/oauth/authorize
├ ƒ /api/mcp/oauth/mint-test-token
├ ƒ /api/mcp/oauth/register
├ ƒ /api/mcp/oauth/token
├ ƒ /api/mcp/tokens
├ ƒ /api/mcp/tokens/[id]
├ ƒ /api/nudge-admin
├ ƒ /api/profile/update
├ ƒ /api/push/send
├ ƒ /api/recordings/file/[id]
├ ƒ /api/recordings/upload
├ ƒ /api/scheduling/assign
├ ƒ /api/scheduling/calendar-feed/[token]
├ ƒ /api/scheduling/history
├ ƒ /api/scheduling/remind
├ ƒ /api/scheduling/respond
├ ƒ /api/scheduling/suggest
├ ƒ /api/scheduling/suggest-band
├ ƒ /api/scheduling/unassign
├ ƒ /api/setlist/delete
├ ƒ /api/setlist/email-packets
├ ƒ /api/setlist/print
├ ƒ /api/setlist/print/personal
├ ƒ /api/setlist/print/prepare
├ ƒ /api/setlist/print/public
├ ƒ /api/setlist/publish
├ ƒ /api/setlist/rename
├ ƒ /api/setlist/resend-email
├ ƒ /api/setlist/transfer
├ ƒ /api/setlists/import/commit-document
├ ƒ /api/setlists/import/execute
├ ƒ /api/setlists/import/extract-document
├ ƒ /api/setlists/import/extract-structure
├ ƒ /api/setlists/import/parse
├ ƒ /api/setlists/import/resolve
├ ƒ /api/setlists/matrix
├ ƒ /api/setlists/notify-updated
├ ƒ /api/setlists/page
├ ƒ /api/version
├ ƒ /api/web-vitals
├ ƒ /api/webhooks/resend
├ ○ /apple-icon
├ ƒ /audio
├ ƒ /auth-error
├ ƒ /changelog
├ ○ /icon
├ ƒ /library
├ ƒ /login
├ ƒ /manage
├ ƒ /manage/library-review
├ ƒ /manage/templates
├ ƒ /monitor
├ ƒ /monitor/admin
├ ○ /opengraph-image
├ ƒ /perform
├ ƒ /perform/[fileId]
├ ƒ /perform/setlist/[id]
├ ƒ /privacy
├ ƒ /qr/[code]
├ ○ /robots.txt
├ ƒ /schedule
├ ƒ /setlists
├ ƒ /setlists/[id]
├ ƒ /settings
├ ○ /sitemap.xml
├ ƒ /sms-consent
├ ƒ /terms
├ ○ /twitter-image
├ ƒ /unauthorized
└ ƒ /v2


ƒ Proxy (Middleware)

○  (Static)   prerendered as static content
ƒ  (Dynamic)  server-rendered on demand

